Record_ID,Date,Day,Area,Route,Transport_Mode,Hour,Minute,Time_Band,Passenger_Count,Delay_Minutes,Service_Frequency_Per_Hour,Distance_km,Occupancy_Rate,CO2_Reduction_kg,Satisfaction_Score
1165,2025-01-01,Wednesday,Central,R018,Metro,8,0,Morning Peak,3398,6.5,17,16.3,1.12,543.7,78.1
849,2025-01-01,Wednesday,West,R071,Shared Mobility,9,0,Morning Peak,533,4.9,13,17.2,0.42,26.6,80.3
1029,2025-01-01,Wednesday,South,R003,Bus,9,45,Morning Peak,1655,8.6,9,10.8,0.72,198.6,73.9
1988,2025-01-01,Wednesday,South,R064,Bus,10,15,Morning Peak,553,7.5,11,24.1,0.64,66.4,82.3
4192,2025-01-01,Wednesday,South,R020,Tram,10,45,Morning Peak,682,2.1,18,12.2,0.58,95.5,74.7
678,2025-01-01,Wednesday,West,R060,Bus,11,0,Midday,881,8.7,11,23.0,0.66,105.7,65.0
2011,2025-01-01,Wednesday,Central,R070,Tram,12,45,Midday,782,6.4,12,3.0,0.63,109.5,80.2
649,2025-01-01,Wednesday,Central,R071,Bus,16,0,Midday,1460,8.8,9,21.3,0.79,175.2,72.4
2071,2025-01-01,Wednesday,Central,R025,Shared Mobility,17,0,Evening Peak,383,9.4,10,22.5,0.42,19.2,69.1
5185,2025-01-01,Wednesday,Central,R080,Bus,17,0,Evening Peak,974,8.7,8,18.4,0.59,116.9,73.1
3072,2025-01-01,Wednesday,East,R070,Bus,18,0,Evening Peak,1120,6.0,10,26.9,0.68,134.4,75.8
3276,2025-01-01,Wednesday,West,R057,Bus,20,15,Late Evening,608,6.2,16,5.9,0.72,73.0,72.6
447,2025-01-01,Wednesday,North,R026,Rail,20,30,Late Evening,625,0.1,18,6.6,0.62,112.5,88.5
756,2025-01-01,Wednesday,South,R027,Metro,20,30,Late Evening,1645,3.7,16,20.2,0.8,263.2,78.2
992,2025-01-01,Wednesday,West,R062,Rail,22,15,Late Evening,689,6.0,11,10.1,0.62,124.0,74.7
3581,2025-01-01,Wednesday,West,R015,Bus,23,45,Late Evening,637,6.3,15,24.7,0.72,76.4,72.3
5357,2025-01-02,Thursday,South,R044,Bus,6,45,Early Morning,365,5.6,9,2.5,0.62,43.8,74.4
5155,2025-01-02,Thursday,Central,R069,Cycling,8,15,Morning Peak,835,5.9,13,2.9,0.56,75.1,87.3
3331,2025-01-02,Thursday,East,R070,Shared Mobility,8,45,Morning Peak,346,6.6,10,15.5,0.38,17.3,77.1
4250,2025-01-02,Thursday,North,R076,Cycling,9,0,Morning Peak,721,4.3,14,13.8,0.53,64.9,76.9
3153,2025-01-02,Thursday,East,R012,Metro,9,15,Morning Peak,2005,6.0,17,26.7,0.92,320.8,74.7
207,2025-01-02,Thursday,Central,R073,Bus,9,30,Morning Peak,1308,7.3,12,3.4,0.8,157.0,66.7
64,2025-01-02,Thursday,East,R036,Bus,10,0,Morning Peak,1004,7.8,9,3.0,0.69,120.5,65.5
1949,2025-01-02,Thursday,East,R067,Rail,12,45,Midday,1836,5.4,15,9.8,0.71,330.5,72.4
2911,2025-01-02,Thursday,East,R012,Rail,12,45,Midday,1332,6.5,12,14.7,0.82,239.8,86.1
4759,2025-01-02,Thursday,West,R016,Bus,13,15,Midday,652,6.5,7,4.3,0.68,78.2,73.3
1290,2025-01-02,Thursday,South,R042,Cycling,15,30,Midday,347,4.0,14,14.6,0.45,31.2,88.1
264,2025-01-02,Thursday,Central,R048,Tram,16,0,Midday,939,6.5,10,8.2,0.64,131.5,84.3
1824,2025-01-02,Thursday,Central,R037,Bus,16,15,Midday,1648,11.2,4,9.0,0.83,197.8,61.3
4324,2025-01-02,Thursday,West,R064,Bus,17,30,Evening Peak,2319,7.0,10,9.3,0.91,278.3,70.7
2174,2025-01-02,Thursday,Central,R053,Bus,21,45,Late Evening,548,7.8,13,7.1,0.69,65.8,65.3
3770,2025-01-03,Friday,South,R010,Bus,8,15,Morning Peak,1245,7.9,16,12.1,0.68,149.4,73.7
4206,2025-01-03,Friday,West,R007,Bus,8,30,Morning Peak,1277,9.9,9,5.6,0.74,153.2,66.2
1865,2025-01-03,Friday,South,R053,Cycling,8,45,Morning Peak,989,1.1,20,8.8,0.56,89.0,86.5
2125,2025-01-03,Friday,South,R051,Rail,9,30,Morning Peak,938,9.1,5,16.9,0.71,168.8,67.7
896,2025-01-03,Friday,Central,R026,Tram,10,0,Morning Peak,429,2.5,16,6.7,0.64,60.1,76.9
4688,2025-01-03,Friday,South,R019,Shared Mobility,10,45,Morning Peak,303,4.8,15,11.8,0.41,15.2,71.2
4132,2025-01-03,Friday,South,R074,Shared Mobility,11,0,Midday,369,1.1,20,3.3,0.45,18.4,79.9
2732,2025-01-03,Friday,West,R041,Bus,11,15,Midday,672,3.6,14,2.5,0.68,80.6,83.4
2678,2025-01-03,Friday,Central,R058,Metro,12,15,Midday,1263,3.1,16,4.6,0.78,202.1,71.6
2322,2025-01-03,Friday,North,R071,Cycling,12,30,Midday,153,0.0,14,8.1,0.46,13.8,82.0
1519,2025-01-03,Friday,North,R065,Cycling,12,45,Midday,496,0.0,19,21.6,0.44,44.6,85.4
2658,2025-01-03,Friday,South,R051,Metro,13,0,Midday,1126,0.0,19,5.1,0.81,180.2,76.1
4490,2025-01-03,Friday,South,R027,Tram,14,0,Midday,605,1.4,16,9.4,0.64,84.7,72.3
5525,2025-01-03,Friday,East,R035,Bus,18,15,Evening Peak,1458,10.8,4,13.4,0.74,175.0,69.7
1578,2025-01-03,Friday,West,R074,Tram,19,0,Evening Peak,458,8.3,11,20.8,0.61,64.1,67.5
3931,2025-01-03,Friday,Central,R048,Bus,19,15,Evening Peak,313,0.9,13,23.8,0.65,37.6,69.4
4846,2025-01-03,Friday,South,R010,Cycling,20,0,Late Evening,273,2.9,21,19.3,0.45,24.6,89.0
326,2025-01-04,Saturday,Central,R013,Bus,9,0,Morning Peak,1192,6.2,13,21.2,0.79,143.0,73.4
3078,2025-01-04,Saturday,West,R001,Bus,10,0,Morning Peak,521,7.7,17,24.6,0.55,62.5,65.5
1487,2025-01-04,Saturday,West,R053,Metro,10,45,Morning Peak,781,5.8,6,14.6,0.73,125.0,75.8
4105,2025-01-04,Saturday,Central,R015,Tram,10,45,Morning Peak,334,3.0,13,23.5,0.56,46.8,86.7
949,2025-01-04,Saturday,West,R008,Rail,11,15,Midday,719,5.9,12,16.5,0.7,129.4,72.0
5497,2025-01-04,Saturday,East,R058,Bus,11,15,Midday,532,7.1,7,12.7,0.63,63.8,67.3
1912,2025-01-04,Saturday,North,R078,Bus,13,30,Midday,492,5.2,8,15.6,0.51,59.0,73.5
5707,2025-01-04,Saturday,North,R044,Metro,14,15,Midday,1427,2.8,9,5.6,0.8,228.3,86.1
5014,2025-01-04,Saturday,Central,R035,Bus,14,30,Midday,368,8.8,10,2.7,0.54,44.2,59.9
2729,2025-01-04,Saturday,North,R053,Bus,16,15,Midday,692,7.9,12,24.3,0.58,83.0,55.3
497,2025-01-04,Saturday,North,R043,Bus,17,0,Evening Peak,884,9.7,8,27.1,0.64,106.1,66.2
969,2025-01-04,Saturday,South,R075,Bus,18,0,Evening Peak,1312,9.3,14,5.2,0.75,157.4,60.0
1724,2025-01-04,Saturday,North,R038,Metro,19,15,Evening Peak,805,3.6,16,4.0,0.71,128.8,87.0
3867,2025-01-04,Saturday,South,R079,Bus,19,45,Evening Peak,520,6.6,11,3.4,0.67,62.4,77.6
1329,2025-01-04,Saturday,South,R056,Shared Mobility,20,0,Late Evening,133,5.2,13,8.9,0.39,6.6,69.2
721,2025-01-05,Sunday,East,R047,Bus,5,30,Early Morning,660,5.5,8,9.0,0.63,79.2,79.2
614,2025-01-05,Sunday,East,R023,Tram,6,45,Early Morning,356,6.5,13,24.9,0.54,49.8,64.9
129,2025-01-05,Sunday,South,R051,Rail,9,0,Morning Peak,843,7.5,9,26.1,0.79,151.7,79.5
1045,2025-01-05,Sunday,North,R039,Rail,9,15,Morning Peak,936,9.3,5,2.8,0.76,168.5,65.1
416,2025-01-05,Sunday,North,R041,Bus,9,30,Morning Peak,1250,10.2,9,10.3,0.71,150.0,68.7
2052,2025-01-05,Sunday,West,R058,Metro,10,0,Morning Peak,817,5.3,4,21.0,0.76,130.7,84.1
1562,2025-01-05,Sunday,South,R029,Bus,10,15,Morning Peak,946,6.9,14,25.2,0.59,113.5,68.2
5424,2025-01-05,Sunday,West,R075,Bus,10,15,Morning Peak,962,8.7,9,24.3,0.66,115.4,69.2
4271,2025-01-05,Sunday,South,R017,Bus,11,15,Midday,449,6.1,15,6.1,0.55,53.9,82.0
843,2025-01-05,Sunday,North,R044,Tram,11,45,Midday,521,0.0,21,21.1,0.5,72.9,86.8
1092,2025-01-05,Sunday,West,R080,Cycling,12,0,Midday,467,1.7,14,10.6,0.51,42.0,76.1
3495,2025-01-05,Sunday,Central,R046,Metro,12,45,Midday,957,2.3,11,3.1,0.86,153.1,89.2
2910,2025-01-05,Sunday,South,R023,Cycling,14,15,Midday,332,2.7,20,18.9,0.48,29.9,75.2
3908,2025-01-05,Sunday,North,R004,Bus,15,0,Midday,476,6.8,7,25.6,0.58,57.1,66.5
5666,2025-01-05,Sunday,North,R022,Metro,16,0,Midday,2065,5.6,16,26.0,0.85,330.4,82.0
2331,2025-01-05,Sunday,South,R068,Bus,18,0,Evening Peak,790,8.0,11,14.3,0.7,94.8,78.5
3478,2025-01-05,Sunday,North,R006,Rail,19,15,Evening Peak,306,7.7,10,3.2,0.62,55.1,60.0
5286,2025-01-05,Sunday,West,R054,Metro,19,45,Evening Peak,416,6.4,15,21.2,0.69,66.6,87.8
2282,2025-01-05,Sunday,South,R060,Metro,20,0,Late Evening,664,0.7,16,4.5,0.7,106.2,90.7
4798,2025-01-05,Sunday,West,R065,Tram,21,15,Late Evening,271,7.0,14,14.2,0.46,37.9,84.7
2432,2025-01-05,Sunday,West,R039,Metro,22,15,Late Evening,756,6.8,14,21.7,0.74,121.0,75.6
5344,2025-01-05,Sunday,Central,R012,Metro,22,30,Late Evening,562,2.3,15,27.4,0.68,89.9,89.5
965,2025-01-06,Monday,North,R018,Shared Mobility,9,45,Morning Peak,424,5.3,15,25.9,0.36,21.2,85.6
742,2025-01-06,Monday,South,R014,Metro,10,30,Morning Peak,1159,0.0,13,7.3,0.83,185.4,91.5
5499,2025-01-06,Monday,West,R059,Tram,10,30,Morning Peak,809,5.3,10,16.6,0.68,113.3,79.4
3932,2025-01-06,Monday,South,R019,Tram,10,45,Morning Peak,404,3.4,11,8.2,0.46,56.6,84.6
5417,2025-01-06,Monday,North,R026,Metro,11,30,Midday,1198,0.0,16,12.7,0.74,191.7,87.8
4538,2025-01-06,Monday,North,R059,Metro,12,30,Midday,1265,6.3,8,27.3,0.75,202.4,92.3
4309,2025-01-06,Monday,North,R036,Bus,13,15,Midday,1078,6.0,10,4.7,0.73,129.4,61.4
935,2025-01-06,Monday,Central,R007,Bus,13,45,Midday,1253,10.4,6,18.5,0.7,150.4,61.9
5109,2025-01-06,Monday,East,R020,Metro,14,45,Midday,1989,2.8,20,25.0,0.9,318.2,80.1
4664,2025-01-06,Monday,Central,R051,Metro,15,45,Midday,1722,4.4,10,7.2,0.85,275.5,83.4
5508,2025-01-06,Monday,East,R046,Rail,17,0,Evening Peak,1036,7.2,14,27.8,0.69,186.5,76.7
335,2025-01-06,Monday,Central,R054,Bus,21,45,Late Evening,609,5.0,12,19.1,0.6,73.1,83.4
5232,2025-01-06,Monday,North,R062,Tram,23,0,Late Evening,523,1.8,12,24.2,0.59,73.2,85.9
606,2025-01-07,Tuesday,Central,R012,Cycling,7,0,Early Morning,764,3.9,14,7.6,0.53,68.8,76.9
4617,2025-01-07,Tuesday,North,R017,Rail,7,0,Early Morning,1087,7.9,7,14.8,0.68,195.7,79.1
4254,2025-01-07,Tuesday,North,R019,Bus,8,45,Morning Peak,1521,9.7,9,14.0,0.81,182.5,67.0
4946,2025-01-07,Tuesday,South,R020,Bus,9,15,Morning Peak,1113,12.3,4,20.0,0.74,133.6,57.8
895,2025-01-07,Tuesday,South,R018,Bus,10,30,Morning Peak,755,9.3,7,19.7,0.69,90.6,62.0
1860,2025-01-07,Tuesday,West,R005,Metro,10,30,Morning Peak,1121,4.4,12,13.3,0.74,179.4,80.6
5976,2025-01-07,Tuesday,Central,R017,Bus,10,45,Morning Peak,646,2.1,14,18.3,0.7,77.5,90.6
2863,2025-01-07,Tuesday,West,R043,Rail,12,15,Midday,978,5.5,10,6.9,0.82,176.0,86.5
2468,2025-01-07,Tuesday,Central,R009,Metro,15,15,Midday,1158,4.8,13,15.9,0.86,185.3,86.8
3380,2025-01-07,Tuesday,East,R037,Cycling,16,15,Midday,971,3.1,19,6.7,0.61,87.4,76.5
4373,2025-01-07,Tuesday,South,R053,Metro,16,30,Midday,1775,3.7,10,26.3,0.85,284.0,72.1
1278,2025-01-07,Tuesday,South,R002,Metro,17,15,Evening Peak,1754,2.5,20,5.5,0.84,280.6,80.2
3837,2025-01-07,Tuesday,East,R023,Metro,20,30,Late Evening,1419,4.4,14,11.9,0.82,227.0,73.3
1651,2025-01-07,Tuesday,West,R016,Rail,21,30,Late Evening,1063,4.6,17,2.1,0.73,191.3,72.6
2382,2025-01-07,Tuesday,North,R038,Metro,21,30,Late Evening,833,8.2,11,19.6,0.8,133.3,71.4
1715,2025-01-07,Tuesday,North,R018,Shared Mobility,22,15,Late Evening,283,2.4,19,5.6,0.44,14.2,70.4
1463,2025-01-07,Tuesday,Central,R019,Bus,22,30,Late Evening,331,6.4,11,6.2,0.66,39.7,65.4
829,2025-01-08,Wednesday,East,R002,Metro,8,30,Morning Peak,2147,5.7,11,19.7,0.93,343.5,76.1
876,2025-01-08,Wednesday,South,R070,Cycling,9,15,Morning Peak,721,3.7,16,17.1,0.61,64.9,80.2
1251,2025-01-08,Wednesday,Central,R016,Bus,9,15,Morning Peak,797,9.3,7,26.6,0.69,95.6,63.9
2967,2025-01-08,Wednesday,South,R013,Metro,10,15,Morning Peak,2029,4.1,16,6.9,0.87,324.6,75.5
1765,2025-01-08,Wednesday,South,R030,Rail,10,45,Morning Peak,427,5.7,12,27.3,0.51,76.9,69.4
3978,2025-01-08,Wednesday,West,R040,Bus,10,45,Morning Peak,961,8.3,14,22.7,0.73,115.3,90.5
4936,2025-01-08,Wednesday,West,R060,Rail,11,0,Midday,873,7.4,10,4.9,0.7,157.1,70.2
2990,2025-01-08,Wednesday,South,R075,Bus,12,45,Midday,455,6.1,6,7.7,0.5,54.6,73.1
2045,2025-01-08,Wednesday,West,R034,Metro,13,45,Midday,854,3.8,19,12.8,0.63,136.6,83.7
3182,2025-01-08,Wednesday,Central,R054,Metro,14,0,Midday,1050,5.4,13,13.9,0.84,168.0,73.7
4744,2025-01-08,Wednesday,South,R073,Rail,14,15,Midday,1161,6.7,8,17.8,0.77,209.0,63.3
5607,2025-01-08,Wednesday,South,R016,Bus,15,30,Midday,1083,7.6,10,14.0,0.77,130.0,71.6
2566,2025-01-08,Wednesday,North,R076,Bus,18,0,Evening Peak,1391,8.9,9,21.4,0.64,166.9,69.3
3289,2025-01-08,Wednesday,West,R058,Metro,18,45,Evening Peak,1866,2.4,16,26.1,0.94,298.6,75.0
3476,2025-01-08,Wednesday,North,R017,Metro,19,15,Evening Peak,573,2.8,11,17.3,0.74,91.7,77.7
3981,2025-01-08,Wednesday,Central,R055,Bus,19,15,Evening Peak,659,7.5,12,11.9,0.79,79.1,87.9
1942,2025-01-08,Wednesday,Central,R069,Cycling,19,45,Evening Peak,343,0.6,21,22.3,0.51,30.9,87.2
3934,2025-01-08,Wednesday,East,R054,Bus,19,45,Evening Peak,396,8.5,13,23.3,0.7,47.5,61.2
2544,2025-01-08,Wednesday,East,R005,Metro,20,30,Late Evening,819,1.2,21,22.6,0.73,131.0,96.5
5393,2025-01-08,Wednesday,West,R021,Metro,20,30,Late Evening,618,1.7,16,1.9,0.73,98.9,78.1
688,2025-01-08,Wednesday,West,R061,Metro,21,15,Late Evening,1066,1.6,16,4.5,0.87,170.6,82.9
5894,2025-01-08,Wednesday,East,R017,Metro,21,30,Late Evening,1052,2.7,16,23.5,0.81,168.3,98.0
98,2025-01-09,Thursday,East,R071,Metro,9,0,Morning Peak,2332,6.5,12,2.0,0.97,373.1,72.2
270,2025-01-09,Thursday,Central,R058,Bus,9,15,Morning Peak,1185,9.8,7,6.0,0.81,142.2,61.7
602,2025-01-09,Thursday,Central,R068,Cycling,9,45,Morning Peak,542,5.1,14,10.9,0.49,48.8,70.7
2204,2025-01-09,Thursday,East,R030,Metro,10,0,Morning Peak,934,4.4,12,18.8,0.74,149.4,76.1
1320,2025-01-09,Thursday,South,R059,Metro,10,15,Morning Peak,1629,2.6,19,10.1,0.9,260.6,82.3
1844,2025-01-09,Thursday,North,R052,Bus,10,30,Morning Peak,708,5.6,11,27.9,0.61,85.0,68.3
1784,2025-01-09,Thursday,Central,R063,Bus,10,45,Morning Peak,452,10.3,3,13.5,0.65,54.2,61.6
1568,2025-01-09,Thursday,Central,R005,Bus,19,30,Evening Peak,570,3.7,8,10.3,0.65,68.4,79.3
4167,2025-01-09,Thursday,North,R031,Tram,20,30,Late Evening,611,5.1,15,13.0,0.55,85.5,77.1
1598,2025-01-09,Thursday,East,R043,Shared Mobility,20,45,Late Evening,233,2.5,15,20.5,0.33,11.6,66.2
5662,2025-01-09,Thursday,North,R001,Bus,23,45,Late Evening,599,9.0,8,9.8,0.71,71.9,61.5
5282,2025-01-10,Friday,South,R016,Bus,8,45,Morning Peak,1084,13.5,4,11.6,0.68,130.1,55.7
4169,2025-01-10,Friday,Central,R077,Cycling,9,30,Morning Peak,495,7.5,15,27.8,0.45,44.6,69.7
2602,2025-01-10,Friday,West,R013,Cycling,9,45,Morning Peak,622,3.3,17,23.9,0.57,56.0,79.6
2684,2025-01-10,Friday,Central,R052,Bus,11,30,Midday,1120,5.9,11,22.3,0.75,134.4,77.3
1004,2025-01-10,Friday,North,R007,Rail,11,45,Midday,1207,7.2,8,14.5,0.76,217.3,72.6
1973,2025-01-10,Friday,North,R002,Metro,11,45,Midday,1427,0.0,21,24.3,0.89,228.3,98.0
715,2025-01-10,Friday,Central,R062,Tram,15,0,Midday,1068,5.2,15,25.8,0.7,149.5,69.6
5770,2025-01-10,Friday,Central,R080,Bus,16,15,Midday,1023,6.6,16,26.4,0.63,122.8,68.4
2206,2025-01-10,Friday,South,R019,Rail,19,0,Evening Peak,781,5.6,10,6.1,0.81,140.6,80.1
1091,2025-01-10,Friday,Central,R080,Bus,19,45,Evening Peak,614,8.0,8,4.6,0.62,73.7,72.1
3652,2025-01-10,Friday,Central,R030,Rail,22,0,Late Evening,491,3.6,14,25.5,0.65,88.4,82.3
4016,2025-01-10,Friday,South,R021,Bus,22,0,Late Evening,578,6.1,6,9.5,0.63,69.4,63.4
2525,2025-01-10,Friday,North,R005,Metro,22,30,Late Evening,1359,4.2,18,5.9,0.85,217.4,78.1
485,2025-01-10,Friday,East,R055,Bus,22,45,Late Evening,632,7.7,10,17.5,0.6,75.8,79.2
3726,2025-01-11,Saturday,East,R020,Bus,6,0,Early Morning,597,5.9,15,14.9,0.66,71.6,75.1
4578,2025-01-11,Saturday,East,R068,Rail,10,15,Morning Peak,492,4.8,14,22.1,0.75,88.6,80.7
1123,2025-01-11,Saturday,Central,R071,Bus,10,30,Morning Peak,740,1.2,16,13.1,0.65,88.8,73.3
5942,2025-01-11,Saturday,North,R027,Bus,10,45,Morning Peak,718,2.2,18,16.6,0.69,86.2,87.3
2241,2025-01-11,Saturday,North,R014,Metro,11,30,Midday,589,2.5,18,20.2,0.63,94.2,83.6
3943,2025-01-11,Saturday,West,R031,Bus,13,30,Midday,1245,2.6,15,24.1,0.64,149.4,85.1
2601,2025-01-11,Saturday,West,R067,Bus,14,45,Midday,574,3.1,13,27.1,0.6,68.9,81.5
5563,2025-01-11,Saturday,West,R050,Metro,15,30,Midday,1261,4.5,11,10.0,0.91,201.8,78.8
5978,2025-01-11,Saturday,South,R077,Metro,16,45,Midday,1905,6.6,20,12.0,0.95,304.8,83.4
1380,2025-01-11,Saturday,Central,R001,Bus,20,15,Late Evening,297,4.0,16,4.6,0.71,35.6,80.7
5022,2025-01-11,Saturday,North,R027,Rail,20,15,Late Evening,432,4.8,15,16.7,0.77,77.8,82.7
1293,2025-01-11,Saturday,South,R050,Rail,20,30,Late Evening,780,9.8,6,15.4,0.71,140.4,72.0
4976,2025-01-11,Saturday,West,R071,Bus,22,30,Late Evening,368,6.9,14,20.3,0.61,44.2,65.0
1802,2025-01-11,Saturday,Central,R054,Cycling,22,45,Late Evening,322,0.8,18,10.5,0.43,29.0,87.8
1539,2025-01-11,Saturday,West,R003,Bus,23,30,Late Evening,663,9.6,14,15.1,0.54,79.6,55.2
1701,2025-01-12,Sunday,Central,R074,Rail,8,0,Morning Peak,1256,12.5,8,5.8,0.79,226.1,61.0
1873,2025-01-12,Sunday,Central,R080,Bus,8,0,Morning Peak,786,8.9,11,23.4,0.64,94.3,59.9
5787,2025-01-12,Sunday,East,R040,Bus,9,30,Morning Peak,940,9.2,14,16.4,0.6,112.8,60.6
4264,2025-01-12,Sunday,South,R080,Bus,10,0,Morning Peak,507,1.3,15,10.6,0.7,60.8,74.6
1871,2025-01-12,Sunday,South,R073,Bus,10,15,Morning Peak,452,7.1,15,27.2,0.51,54.2,81.8
3841,2025-01-12,Sunday,North,R073,Rail,10,15,Morning Peak,513,7.5,15,18.9,0.61,92.3,81.4
1755,2025-01-12,Sunday,North,R077,Rail,11,30,Midday,556,6.2,9,11.4,0.71,100.1,83.0
852,2025-01-12,Sunday,West,R079,Metro,11,45,Midday,878,6.7,19,26.6,0.78,140.5,71.5
2696,2025-01-12,Sunday,Central,R001,Tram,11,45,Midday,527,6.0,10,26.3,0.6,73.8,76.6
1434,2025-01-12,Sunday,West,R055,Rail,12,0,Midday,748,8.6,11,7.8,0.63,134.6,77.0
3499,2025-01-12,Sunday,South,R061,Metro,14,0,Midday,730,3.7,13,10.3,0.71,116.8,72.8
2021,2025-01-12,Sunday,Central,R080,Rail,14,15,Midday,681,4.4,9,7.6,0.63,122.6,80.3
682,2025-01-12,Sunday,North,R028,Rail,14,45,Midday,1344,1.7,15,5.7,0.67,241.9,85.7
2134,2025-01-12,Sunday,Central,R024,Bus,15,0,Midday,1055,9.0,12,11.2,0.74,126.6,78.2
3000,2025-01-12,Sunday,Central,R061,Rail,15,15,Midday,583,2.7,21,21.2,0.77,104.9,71.3
1424,2025-01-12,Sunday,North,R026,Bus,16,15,Midday,855,10.1,13,12.6,0.61,102.6,70.5
1668,2025-01-12,Sunday,West,R026,Bus,17,15,Evening Peak,1464,12.8,10,16.2,0.8,175.7,60.4
2369,2025-01-12,Sunday,Central,R077,Rail,17,15,Evening Peak,1256,13.1,6,19.4,0.73,226.1,57.2
2319,2025-01-12,Sunday,Central,R065,Cycling,18,15,Evening Peak,438,6.7,4,11.4,0.45,39.4,68.4
5599,2025-01-12,Sunday,North,R056,Bus,18,15,Evening Peak,805,5.2,13,9.6,0.69,96.6,75.0
5765,2025-01-12,Sunday,East,R043,Bus,18,30,Evening Peak,796,9.5,7,12.9,0.72,95.5,68.0
519,2025-01-12,Sunday,South,R023,Bus,21,15,Late Evening,761,2.6,14,24.3,0.61,91.3,83.8
2413,2025-01-12,Sunday,North,R076,Bus,21,30,Late Evening,423,5.5,14,7.5,0.7,50.8,83.2
3668,2025-01-12,Sunday,Central,R054,Tram,22,30,Late Evening,285,5.1,13,23.7,0.56,39.9,70.9
5729,2025-01-12,Sunday,South,R037,Bus,22,30,Late Evening,717,10.3,6,17.8,0.67,86.0,59.7
2485,2025-01-13,Monday,South,R069,Rail,5,15,Early Morning,556,4.7,13,3.6,0.66,100.1,79.3
3782,2025-01-13,Monday,South,R007,Shared Mobility,9,30,Morning Peak,559,5.7,15,12.0,0.44,28.0,98.0
3794,2025-01-13,Monday,Central,R005,Tram,10,0,Morning Peak,545,4.6,17,4.5,0.62,76.3,71.5
5433,2025-01-13,Monday,East,R073,Bus,10,30,Morning Peak,886,7.6,13,21.0,0.79,106.3,82.2
5052,2025-01-13,Monday,Central,R022,Tram,11,0,Midday,753,6.9,8,21.5,0.6,105.4,80.8
3749,2025-01-13,Monday,East,R060,Tram,11,30,Midday,499,6.5,12,14.7,0.47,69.9,66.5
3622,2025-01-13,Monday,South,R034,Bus,12,30,Midday,1673,8.4,17,25.4,0.73,200.8,56.9
5131,2025-01-13,Monday,South,R044,Metro,15,15,Midday,657,1.3,18,4.8,0.7,105.1,90.7
555,2025-01-13,Monday,West,R054,Rail,15,30,Midday,547,2.6,20,25.2,0.71,98.5,86.3
1671,2025-01-13,Monday,East,R022,Metro,16,45,Midday,1800,7.7,9,20.1,0.84,288.0,75.7
3722,2025-01-13,Monday,Central,R073,Rail,17,0,Evening Peak,1459,8.0,5,13.0,0.77,262.6,64.5
917,2025-01-13,Monday,North,R033,Bus,17,15,Evening Peak,1419,10.2,13,4.7,0.69,170.3,76.1
5009,2025-01-13,Monday,East,R074,Bus,17,30,Evening Peak,892,7.8,6,24.5,0.73,107.0,73.3
4924,2025-01-13,Monday,North,R050,Tram,17,45,Evening Peak,912,8.2,7,12.2,0.56,127.7,65.8
5160,2025-01-13,Monday,North,R072,Bus,18,0,Evening Peak,1995,9.6,3,10.7,0.86,239.4,61.1
2690,2025-01-13,Monday,South,R020,Rail,19,15,Evening Peak,837,4.2,16,7.1,0.78,150.7,73.9
152,2025-01-13,Monday,West,R012,Bus,21,0,Late Evening,770,7.1,16,5.1,0.7,92.4,75.4
379,2025-01-13,Monday,East,R046,Shared Mobility,21,15,Late Evening,250,4.0,17,24.4,0.5,12.5,82.6
1008,2025-01-13,Monday,South,R005,Rail,21,30,Late Evening,919,7.2,8,5.0,0.72,165.4,68.1
3543,2025-01-13,Monday,Central,R029,Tram,21,30,Late Evening,736,5.6,12,5.1,0.56,103.0,76.5
4239,2025-01-13,Monday,East,R008,Bus,22,45,Late Evening,785,4.6,17,4.4,0.74,94.2,80.2
1947,2025-01-14,Tuesday,West,R068,Metro,7,30,Early Morning,1903,7.6,8,23.7,0.85,304.5,56.5
3657,2025-01-14,Tuesday,North,R044,Metro,8,30,Morning Peak,1669,4.3,11,24.2,0.91,267.0,77.5
1956,2025-01-14,Tuesday,Central,R005,Bus,9,15,Morning Peak,650,8.6,12,4.6,0.73,78.0,67.5
2383,2025-01-14,Tuesday,Central,R018,Tram,10,0,Morning Peak,881,7.7,13,9.6,0.61,123.3,71.1
2471,2025-01-14,Tuesday,North,R011,Bus,10,0,Morning Peak,1294,8.1,6,8.1,0.74,155.3,80.6
2731,2025-01-14,Tuesday,South,R004,Rail,10,0,Morning Peak,1052,1.6,13,3.7,0.77,189.4,86.7
886,2025-01-14,Tuesday,Central,R080,Metro,10,15,Morning Peak,1787,1.4,19,17.2,0.86,285.9,72.8
1058,2025-01-14,Tuesday,Central,R026,Bus,10,45,Morning Peak,859,7.7,9,22.7,0.66,103.1,71.1
5406,2025-01-14,Tuesday,South,R065,Bus,11,30,Midday,901,8.3,5,21.4,0.7,108.1,52.9
5432,2025-01-14,Tuesday,North,R075,Tram,11,30,Midday,484,9.8,5,15.8,0.55,67.8,55.0
51,2025-01-14,Tuesday,North,R023,Bus,13,15,Midday,607,6.7,10,3.2,0.66,72.8,85.8
1473,2025-01-14,Tuesday,East,R080,Bus,15,30,Midday,1015,7.8,13,14.2,0.79,121.8,74.4
4881,2025-01-14,Tuesday,Central,R013,Metro,15,45,Midday,1151,2.5,17,25.0,0.87,184.2,91.0
676,2025-01-14,Tuesday,Central,R065,Cycling,16,0,Midday,669,8.2,14,8.5,0.55,60.2,76.7
1870,2025-01-14,Tuesday,East,R045,Tram,20,0,Late Evening,580,3.6,20,10.5,0.57,81.2,83.2
1319,2025-01-14,Tuesday,North,R061,Rail,20,45,Late Evening,917,1.9,14,3.3,0.76,165.1,79.4
892,2025-01-14,Tuesday,East,R078,Metro,22,30,Late Evening,895,2.7,18,8.0,0.74,143.2,85.6
2698,2025-01-14,Tuesday,South,R064,Bus,22,45,Late Evening,502,8.0,12,15.9,0.68,60.2,75.8
4291,2025-01-14,Tuesday,West,R019,Shared Mobility,23,45,Late Evening,264,2.7,20,19.7,0.4,13.2,74.8
1104,2025-01-15,Wednesday,East,R039,Bus,6,0,Early Morning,1268,7.7,8,11.4,0.74,152.2,67.0
3189,2025-01-15,Wednesday,East,R010,Rail,7,45,Early Morning,784,10.4,8,14.4,0.69,141.1,67.8
904,2025-01-15,Wednesday,South,R028,Bus,8,0,Morning Peak,1786,7.8,13,20.8,0.75,214.3,74.7
93,2025-01-15,Wednesday,East,R079,Bus,10,0,Morning Peak,589,3.5,15,2.8,0.64,70.7,71.7
1776,2025-01-15,Wednesday,North,R032,Bus,10,45,Morning Peak,612,3.3,17,7.2,0.56,73.4,75.9
1486,2025-01-15,Wednesday,Central,R025,Bus,12,30,Midday,1134,6.1,18,15.2,0.7,136.1,87.0
1749,2025-01-15,Wednesday,East,R079,Bus,12,30,Midday,993,9.0,10,26.5,0.68,119.2,68.0
1078,2025-01-15,Wednesday,South,R069,Bus,13,45,Midday,647,2.9,18,9.5,0.6,77.6,77.6
3916,2025-01-15,Wednesday,Central,R068,Shared Mobility,14,30,Midday,328,2.6,15,5.2,0.44,16.4,78.7
5835,2025-01-15,Wednesday,East,R042,Shared Mobility,18,15,Evening Peak,361,6.1,7,10.9,0.41,18.0,77.6
135,2025-01-15,Wednesday,West,R030,Metro,19,45,Evening Peak,512,3.7,14,19.0,0.66,81.9,76.5
5786,2025-01-15,Wednesday,North,R015,Bus,21,0,Late Evening,543,11.2,4,23.1,0.66,65.2,67.0
1491,2025-01-16,Thursday,Central,R060,Cycling,8,30,Morning Peak,823,3.4,15,11.7,0.47,74.1,85.1
5700,2025-01-16,Thursday,West,R045,Shared Mobility,9,30,Morning Peak,389,4.9,14,4.0,0.44,19.5,82.4
498,2025-01-16,Thursday,South,R063,Metro,10,15,Morning Peak,931,2.8,10,1.6,0.77,149.0,84.5
4424,2025-01-16,Thursday,South,R017,Metro,11,15,Midday,2169,2.0,20,15.0,0.97,347.0,89.1
3162,2025-01-16,Thursday,East,R073,Bus,13,15,Midday,840,6.3,8,9.9,0.76,100.8,74.3
3613,2025-01-16,Thursday,East,R075,Bus,13,30,Midday,972,7.1,8,15.0,0.68,116.6,72.3
1455,2025-01-16,Thursday,North,R017,Metro,14,30,Midday,1507,3.6,17,19.6,0.9,241.1,71.6
3002,2025-01-16,Thursday,Central,R023,Rail,14,30,Midday,931,6.7,5,13.6,0.69,167.6,83.7
4153,2025-01-16,Thursday,South,R032,Rail,15,15,Midday,750,3.6,12,1.7,0.68,135.0,66.0
5882,2025-01-16,Thursday,North,R019,Cycling,15,15,Midday,682,3.1,22,18.2,0.53,61.4,91.5
3754,2025-01-16,Thursday,North,R027,Metro,20,15,Late Evening,700,7.9,15,26.9,0.8,112.0,76.1
3842,2025-01-16,Thursday,East,R037,Rail,21,0,Late Evening,873,5.3,14,27.9,0.65,157.1,65.6
4743,2025-01-16,Thursday,West,R031,Tram,21,15,Late Evening,616,7.7,7,8.9,0.59,86.2,76.9
5603,2025-01-17,Friday,East,R067,Tram,9,15,Morning Peak,1054,2.6,13,19.9,0.58,147.6,80.5
1429,2025-01-17,Friday,South,R042,Rail,9,30,Morning Peak,1422,8.5,7,16.4,0.8,256.0,78.8
3880,2025-01-17,Friday,West,R071,Cycling,10,0,Morning Peak,311,1.6,13,26.0,0.42,28.0,77.3
1345,2025-01-17,Friday,West,R063,Bus,10,15,Morning Peak,931,5.8,9,15.1,0.72,111.7,79.8
1409,2025-01-17,Friday,Central,R068,Tram,10,15,Morning Peak,522,4.9,19,22.8,0.51,73.1,67.6
4625,2025-01-17,Friday,South,R026,Bus,10,30,Morning Peak,983,5.9,14,13.4,0.77,118.0,77.4
4307,2025-01-17,Friday,East,R018,Metro,11,15,Midday,1855,2.6,15,12.0,0.91,296.8,72.2
1184,2025-01-17,Friday,South,R026,Bus,12,0,Midday,967,3.0,15,25.6,0.78,116.0,82.8
1700,2025-01-17,Friday,Central,R070,Bus,12,45,Midday,794,5.4,9,12.7,0.65,95.3,78.2
1676,2025-01-17,Friday,East,R025,Shared Mobility,13,15,Midday,415,1.4,17,26.3,0.37,20.8,90.5
3805,2025-01-17,Friday,West,R077,Bus,13,45,Midday,895,7.5,8,2.4,0.63,107.4,62.4
5397,2025-01-17,Friday,West,R079,Cycling,15,15,Midday,395,4.2,15,7.8,0.48,35.6,86.5
2903,2025-01-17,Friday,Central,R004,Metro,17,0,Evening Peak,1893,5.5,10,5.4,0.9,302.9,86.7
3501,2025-01-17,Friday,East,R061,Bus,17,30,Evening Peak,1120,10.7,10,14.9,0.78,134.4,59.2
2517,2025-01-17,Friday,East,R067,Bus,18,30,Evening Peak,1065,6.5,9,20.9,0.69,127.8,81.7
2551,2025-01-17,Friday,South,R050,Bus,19,30,Evening Peak,387,6.7,11,27.6,0.48,46.4,81.8
3261,2025-01-17,Friday,West,R038,Rail,20,30,Late Evening,602,3.3,13,6.8,0.69,108.4,72.8
330,2025-01-17,Friday,South,R071,Metro,21,0,Late Evening,794,0.0,21,1.9,0.73,127.0,83.8
4039,2025-01-17,Friday,East,R052,Bus,22,45,Late Evening,716,6.7,13,6.4,0.6,85.9,70.5
4611,2025-01-17,Friday,South,R039,Tram,23,45,Late Evening,621,5.8,10,17.1,0.58,86.9,79.0
5531,2025-01-18,Saturday,South,R029,Rail,8,0,Morning Peak,901,9.2,6,23.3,0.73,162.2,63.9
1228,2025-01-18,Saturday,South,R039,Metro,8,15,Morning Peak,908,2.3,12,5.0,0.72,145.3,83.4
1936,2025-01-18,Saturday,West,R062,Bus,8,15,Morning Peak,757,9.4,10,1.6,0.66,90.8,65.0
5328,2025-01-18,Saturday,Central,R055,Metro,10,0,Morning Peak,613,6.9,14,13.2,0.76,98.1,76.8
2624,2025-01-18,Saturday,West,R047,Rail,10,30,Morning Peak,855,3.0,15,26.8,0.77,153.9,88.5
4563,2025-01-18,Saturday,East,R055,Shared Mobility,10,30,Morning Peak,198,0.0,15,22.9,0.32,9.9,86.2
4470,2025-01-18,Saturday,South,R059,Metro,13,15,Midday,941,0.0,15,14.7,0.81,150.6,94.1
353,2025-01-18,Saturday,West,R054,Bus,14,15,Midday,571,6.5,10,17.3,0.52,68.5,80.1
5815,2025-01-18,Saturday,North,R010,Bus,15,0,Midday,591,7.0,17,18.8,0.67,70.9,67.6
5070,2025-01-18,Saturday,North,R031,Bus,15,45,Midday,387,8.1,11,5.5,0.52,46.4,65.0
5578,2025-01-18,Saturday,South,R051,Bus,21,0,Late Evening,650,7.3,9,19.4,0.58,78.0,63.9
5047,2025-01-18,Saturday,North,R018,Metro,22,0,Late Evening,868,4.8,18,5.8,0.72,138.9,80.0
2220,2025-01-19,Sunday,East,R067,Rail,7,0,Early Morning,1417,8.2,10,8.3,0.81,255.1,72.4
1227,2025-01-19,Sunday,Central,R064,Bus,8,0,Morning Peak,671,11.8,6,18.6,0.69,80.5,48.7
4593,2025-01-19,Sunday,North,R026,Bus,8,30,Morning Peak,1393,8.6,11,12.5,0.71,167.2,66.1
2260,2025-01-19,Sunday,West,R064,Rail,9,15,Morning Peak,1187,7.7,7,27.7,0.82,213.7,66.4
5723,2025-01-19,Sunday,West,R050,Metro,9,30,Morning Peak,1416,5.0,11,19.1,0.88,226.6,79.4
3962,2025-01-19,Sunday,West,R043,Bus,10,0,Morning Peak,632,7.8,11,8.1,0.54,75.8,80.4
637,2025-01-19,Sunday,South,R068,Bus,10,30,Morning Peak,555,4.4,9,5.1,0.63,66.6,78.7
2098,2025-01-19,Sunday,East,R038,Cycling,10,45,Morning Peak,196,0.0,17,10.9,0.47,17.6,84.9
2661,2025-01-19,Sunday,South,R032,Cycling,13,15,Midday,439,0.1,13,9.0,0.53,39.5,91.3
2757,2025-01-19,Sunday,West,R018,Cycling,14,15,Midday,188,3.5,13,4.1,0.3,16.9,93.0
4857,2025-01-19,Sunday,West,R035,Metro,16,0,Midday,1609,7.0,8,13.4,0.88,257.4,82.6
4280,2025-01-19,Sunday,West,R078,Tram,17,30,Evening Peak,1468,4.7,8,4.7,0.66,205.5,98.0
3279,2025-01-19,Sunday,North,R004,Rail,18,0,Evening Peak,1566,13.3,2,24.9,0.72,281.9,51.5
3569,2025-01-19,Sunday,West,R028,Metro,19,0,Evening Peak,709,1.5,19,13.4,0.7,113.4,84.7
5435,2025-01-19,Sunday,South,R013,Bus,22,45,Late Evening,592,7.6,6,16.6,0.63,71.0,57.3
567,2025-01-19,Sunday,North,R073,Tram,23,45,Late Evening,310,2.7,17,6.3,0.62,43.4,84.9
5933,2025-01-20,Monday,West,R040,Tram,8,45,Morning Peak,498,5.8,13,16.4,0.52,69.7,69.8
384,2025-01-20,Monday,South,R002,Shared Mobility,9,15,Morning Peak,430,3.7,20,3.8,0.57,21.5,79.5
1297,2025-01-20,Monday,North,R042,Metro,9,30,Morning Peak,1765,7.6,16,18.6,0.96,282.4,60.9
2725,2025-01-20,Monday,Central,R074,Metro,9,45,Morning Peak,2583,7.1,11,17.9,0.92,413.3,70.4
2934,2025-01-20,Monday,East,R046,Rail,11,0,Midday,960,3.4,15,24.0,0.76,172.8,85.0
988,2025-01-20,Monday,North,R013,Metro,11,15,Midday,1159,4.3,18,27.7,0.79,185.4,80.7
4916,2025-01-20,Monday,Central,R045,Metro,12,0,Midday,1723,4.1,8,17.9,0.93,275.7,76.1
1915,2025-01-20,Monday,Central,R021,Cycling,14,15,Midday,381,3.1,18,4.3,0.45,34.3,78.0
2712,2025-01-20,Monday,West,R070,Metro,14,45,Midday,973,3.2,19,26.8,0.82,155.7,77.5
4335,2025-01-20,Monday,East,R055,Bus,15,0,Midday,690,6.2,13,14.1,0.65,82.8,67.9
5425,2025-01-20,Monday,South,R076,Shared Mobility,15,0,Midday,324,2.7,12,12.6,0.43,16.2,72.5
4681,2025-01-20,Monday,Central,R017,Shared Mobility,15,30,Midday,409,5.3,12,5.1,0.44,20.5,84.3
672,2025-01-20,Monday,North,R028,Bus,16,15,Midday,996,9.0,8,14.6,0.64,119.5,67.0
2421,2025-01-20,Monday,Central,R054,Cycling,18,15,Evening Peak,846,5.8,9,7.5,0.51,76.1,78.8
2700,2025-01-20,Monday,South,R071,Metro,19,15,Evening Peak,1007,5.4,14,9.2,0.93,161.1,80.9
3497,2025-01-20,Monday,Central,R032,Shared Mobility,20,30,Late Evening,250,4.0,13,22.1,0.37,12.5,76.6
1570,2025-01-20,Monday,Central,R049,Bus,21,0,Late Evening,820,6.6,12,13.3,0.6,98.4,72.1
2008,2025-01-20,Monday,East,R002,Bus,21,15,Late Evening,430,7.7,8,13.7,0.57,51.6,66.2
5884,2025-01-20,Monday,Central,R071,Bus,22,45,Late Evening,654,6.4,10,11.0,0.49,78.5,73.2
45,2025-01-21,Tuesday,East,R020,Bus,9,15,Morning Peak,1485,6.5,14,21.7,0.81,178.2,74.7
1741,2025-01-21,Tuesday,West,R038,Metro,9,30,Morning Peak,1839,5.8,10,22.4,0.93,294.2,86.5
2512,2025-01-21,Tuesday,South,R053,Rail,9,30,Morning Peak,1254,9.4,2,6.8,0.78,225.7,62.1
4499,2025-01-21,Tuesday,South,R075,Metro,9,30,Morning Peak,1377,6.4,15,15.8,0.84,220.3,82.3
3453,2025-01-21,Tuesday,North,R045,Bus,10,30,Morning Peak,1055,11.4,10,5.0,0.78,126.6,58.7
1938,2025-01-21,Tuesday,South,R049,Bus,11,15,Midday,804,6.2,13,21.3,0.77,96.5,67.1
2146,2025-01-21,Tuesday,Central,R019,Metro,11,45,Midday,1208,3.4,17,21.4,0.83,193.3,75.6
5629,2025-01-21,Tuesday,Central,R057,Metro,12,0,Midday,1001,4.8,17,19.1,0.79,160.2,70.6
3640,2025-01-21,Tuesday,Central,R010,Metro,12,45,Midday,1241,2.9,15,13.5,0.8,198.6,91.5
3778,2025-01-21,Tuesday,Central,R071,Rail,13,0,Midday,1984,4.5,14,15.3,0.84,357.1,76.9
3006,2025-01-21,Tuesday,East,R071,Bus,17,30,Evening Peak,1838,9.6,11,24.5,0.89,220.6,72.1
2860,2025-01-21,Tuesday,West,R039,Bus,18,0,Evening Peak,946,5.5,8,25.6,0.75,113.5,70.4
3731,2025-01-21,Tuesday,Central,R003,Tram,18,15,Evening Peak,831,6.7,14,8.5,0.61,116.3,70.2
2877,2025-01-21,Tuesday,North,R052,Bus,20,15,Late Evening,637,9.6,13,2.6,0.55,76.4,76.5
3083,2025-01-21,Tuesday,East,R038,Bus,20,15,Late Evening,443,5.8,9,3.3,0.65,53.2,85.7
3196,2025-01-21,Tuesday,East,R013,Bus,21,30,Late Evening,911,8.9,9,15.0,0.66,109.3,72.3
7,2025-01-21,Tuesday,West,R030,Metro,22,0,Late Evening,1492,1.6,16,3.4,0.93,238.7,87.5
26,2025-01-22,Wednesday,East,R040,Bus,7,30,Early Morning,1265,11.3,7,20.1,0.74,151.8,60.4
1735,2025-01-22,Wednesday,Central,R071,Tram,8,0,Morning Peak,660,5.9,11,5.3,0.56,92.4,66.8
5389,2025-01-22,Wednesday,North,R015,Bus,9,15,Morning Peak,936,10.9,7,13.3,0.74,112.3,69.3
5652,2025-01-22,Wednesday,Central,R030,Bus,9,15,Morning Peak,1343,9.6,7,23.3,0.85,161.2,77.4
3661,2025-01-22,Wednesday,Central,R063,Metro,9,30,Morning Peak,2096,9.3,15,4.9,0.92,335.4,79.3
5806,2025-01-22,Wednesday,South,R006,Bus,10,15,Morning Peak,1160,5.8,7,17.0,0.74,139.2,92.4
1864,2025-01-22,Wednesday,North,R007,Rail,10,45,Morning Peak,968,4.4,9,13.7,0.74,174.2,65.7
847,2025-01-22,Wednesday,South,R061,Bus,11,15,Midday,1153,3.9,15,27.0,0.65,138.4,83.9
4251,2025-01-22,Wednesday,West,R062,Cycling,11,30,Midday,401,2.4,17,13.0,0.46,36.1,77.3
4663,2025-01-22,Wednesday,Central,R017,Tram,11,45,Midday,1056,4.7,16,20.4,0.64,147.8,86.7
308,2025-01-22,Wednesday,North,R045,Cycling,14,45,Midday,532,0.0,18,11.5,0.5,47.9,79.9
5754,2025-01-22,Wednesday,South,R016,Bus,17,30,Evening Peak,1015,10.1,7,6.1,0.66,121.8,64.8
4329,2025-01-22,Wednesday,Central,R055,Metro,18,0,Evening Peak,2345,4.6,9,20.6,0.94,375.2,84.8
2912,2025-01-22,Wednesday,West,R011,Bus,18,15,Evening Peak,718,14.5,10,24.6,0.63,86.2,62.5
1703,2025-01-22,Wednesday,South,R039,Metro,19,15,Evening Peak,753,6.0,13,15.7,0.68,120.5,78.8
3548,2025-01-22,Wednesday,North,R065,Metro,19,45,Evening Peak,1125,0.0,8,26.2,0.71,180.0,72.1
4793,2025-01-22,Wednesday,Central,R006,Rail,20,15,Late Evening,620,4.7,12,22.2,0.68,111.6,79.4
4154,2025-01-22,Wednesday,South,R037,Rail,21,0,Late Evening,813,3.7,16,27.9,0.77,146.3,82.6
2641,2025-01-22,Wednesday,Central,R059,Tram,22,15,Late Evening,258,6.5,16,14.4,0.51,36.1,67.7
5519,2025-01-22,Wednesday,West,R002,Metro,23,0,Late Evening,1081,3.7,18,19.5,0.79,173.0,73.5
483,2025-01-23,Thursday,East,R016,Cycling,8,15,Morning Peak,709,6.8,12,22.4,0.33,63.8,64.5
748,2025-01-23,Thursday,East,R064,Tram,8,30,Morning Peak,1157,5.1,14,25.7,0.65,162.0,71.4
3719,2025-01-23,Thursday,East,R033,Bus,8,45,Morning Peak,1217,7.9,13,25.9,0.61,146.0,55.9
3649,2025-01-23,Thursday,Central,R047,Bus,12,15,Midday,700,7.6,9,22.9,0.58,84.0,58.3
1130,2025-01-23,Thursday,North,R006,Tram,12,30,Midday,471,5.4,12,12.9,0.61,65.9,76.9
2662,2025-01-23,Thursday,East,R013,Bus,15,30,Midday,403,6.3,10,16.8,0.57,48.4,78.6
1063,2025-01-23,Thursday,East,R029,Tram,16,0,Midday,839,5.4,13,12.1,0.59,117.5,82.4
1658,2025-01-23,Thursday,South,R007,Bus,16,0,Midday,1051,3.7,12,17.3,0.76,126.1,92.7
3369,2025-01-23,Thursday,West,R004,Bus,18,0,Evening Peak,1153,9.3,6,13.0,0.85,138.4,64.1
4513,2025-01-23,Thursday,North,R011,Bus,19,15,Evening Peak,894,8.6,5,14.7,0.63,107.3,67.5
3596,2025-01-23,Thursday,Central,R008,Metro,22,30,Late Evening,1075,4.5,14,1.5,0.8,172.0,80.0
1910,2025-01-24,Friday,Central,R033,Bus,8,30,Morning Peak,990,4.1,13,13.3,0.6,118.8,71.7
2739,2025-01-24,Friday,South,R009,Rail,10,15,Morning Peak,698,1.8,15,11.4,0.68,125.6,76.8
2713,2025-01-24,Friday,Central,R068,Tram,15,45,Midday,656,3.1,20,14.6,0.59,91.8,81.2
3808,2025-01-24,Friday,South,R073,Rail,18,30,Evening Peak,1132,7.1,13,24.1,0.8,203.8,67.1
4104,2025-01-24,Friday,West,R066,Tram,18,45,Evening Peak,758,5.0,10,12.4,0.52,106.1,82.7
4103,2025-01-24,Friday,South,R043,Bus,19,15,Evening Peak,630,3.1,9,9.3,0.6,75.6,67.8
1773,2025-01-24,Friday,West,R075,Tram,20,0,Late Evening,562,3.3,16,14.0,0.56,78.7,77.9
3724,2025-01-24,Friday,South,R071,Bus,20,45,Late Evening,959,5.8,13,21.7,0.62,115.1,76.7
5555,2025-01-25,Saturday,East,R068,Cycling,7,30,Early Morning,289,1.5,15,18.3,0.39,26.0,71.4
4627,2025-01-25,Saturday,West,R031,Bus,8,0,Morning Peak,1167,8.3,9,14.6,0.62,140.0,80.1
1415,2025-01-25,Saturday,North,R076,Bus,9,15,Morning Peak,1028,7.1,9,13.1,0.74,123.4,86.5
5549,2025-01-25,Saturday,North,R043,Bus,9,30,Morning Peak,633,13.3,2,8.5,0.66,76.0,71.0
1178,2025-01-25,Saturday,North,R047,Tram,10,0,Morning Peak,576,2.6,16,18.9,0.61,80.6,85.6
5319,2025-01-25,Saturday,South,R075,Bus,11,0,Midday,571,4.8,15,2.1,0.68,68.5,79.9
3018,2025-01-25,Saturday,Central,R075,Rail,11,30,Midday,474,9.3,9,27.3,0.61,85.3,71.6
915,2025-01-25,Saturday,South,R050,Metro,12,15,Midday,921,3.0,16,27.6,0.67,147.4,86.6
2409,2025-01-25,Saturday,South,R068,Rail,12,15,Midday,395,6.1,13,25.4,0.62,71.1,78.8
3886,2025-01-25,Saturday,South,R076,Bus,12,15,Midday,800,5.1,13,1.5,0.62,96.0,77.1
4369,2025-01-25,Saturday,East,R031,Metro,12,30,Midday,852,2.2,20,9.6,0.69,136.3,74.3
1600,2025-01-25,Saturday,South,R013,Metro,12,45,Midday,1592,4.0,14,6.5,0.83,254.7,83.0
2393,2025-01-25,Saturday,Central,R012,Metro,12,45,Midday,900,3.0,17,3.0,0.81,144.0,84.2
581,2025-01-25,Saturday,North,R054,Bus,14,0,Midday,475,8.5,12,23.4,0.66,57.0,75.6
5274,2025-01-25,Saturday,Central,R074,Bus,14,15,Midday,668,7.4,10,20.7,0.65,80.2,68.0
1874,2025-01-25,Saturday,West,R013,Bus,15,30,Midday,768,4.3,17,16.9,0.6,92.2,81.9
4853,2025-01-25,Saturday,South,R069,Bus,15,45,Midday,773,7.0,11,23.5,0.76,92.8,77.5
4635,2025-01-25,Saturday,Central,R037,Metro,19,30,Evening Peak,663,4.5,17,10.6,0.73,106.1,83.4
2406,2025-01-25,Saturday,Central,R058,Bus,20,0,Late Evening,500,8.1,20,15.5,0.56,60.0,69.0
919,2025-01-25,Saturday,Central,R055,Metro,20,45,Late Evening,739,0.7,19,17.2,0.75,118.2,84.8
1191,2025-01-25,Saturday,North,R044,Tram,21,45,Late Evening,439,2.4,20,13.3,0.63,61.5,79.1
1445,2025-01-25,Saturday,North,R055,Bus,22,0,Late Evening,457,7.9,10,6.2,0.72,54.8,64.7
3579,2025-01-25,Saturday,Central,R062,Metro,22,30,Late Evening,836,4.4,11,17.8,0.84,133.8,83.8
4146,2025-01-25,Saturday,North,R076,Rail,23,15,Late Evening,626,6.7,13,8.7,0.68,112.7,70.9
5985,2025-01-26,Sunday,West,R029,Metro,8,15,Morning Peak,1656,7.0,8,27.4,0.87,265.0,81.8
3885,2025-01-26,Sunday,South,R008,Tram,10,0,Morning Peak,386,5.8,12,18.6,0.58,54.0,74.6
978,2025-01-26,Sunday,South,R054,Rail,11,15,Midday,863,3.9,11,22.4,0.64,155.3,79.0
3192,2025-01-26,Sunday,North,R011,Metro,11,15,Midday,817,2.8,15,27.1,0.65,130.7,76.3
376,2025-01-26,Sunday,East,R015,Bus,11,45,Midday,1003,7.8,14,15.2,0.73,120.4,69.0
1451,2025-01-26,Sunday,Central,R019,Bus,12,30,Midday,1471,4.7,12,7.5,0.79,176.5,85.6
1721,2025-01-26,Sunday,Central,R076,Metro,12,45,Midday,1276,0.0,20,19.4,0.84,204.2,84.5
5929,2025-01-26,Sunday,West,R041,Metro,13,45,Midday,1342,0.0,17,16.9,0.77,214.7,94.1
2949,2025-01-26,Sunday,West,R036,Metro,16,0,Midday,1432,3.6,11,16.8,0.86,229.1,77.3
5422,2025-01-26,Sunday,South,R023,Bus,16,15,Midday,1513,4.5,12,21.4,0.76,181.6,86.6
2203,2025-01-26,Sunday,South,R058,Shared Mobility,16,45,Midday,318,4.4,15,13.1,0.38,15.9,87.5
873,2025-01-26,Sunday,West,R032,Cycling,18,45,Evening Peak,381,4.1,11,10.1,0.45,34.3,81.4
4930,2025-01-26,Sunday,Central,R019,Rail,19,15,Evening Peak,673,9.6,11,11.4,0.71,121.1,65.2
2062,2025-01-26,Sunday,West,R040,Bus,22,30,Late Evening,393,6.1,11,10.0,0.71,47.2,80.4
4819,2025-01-27,Monday,Central,R015,Cycling,5,45,Early Morning,186,1.7,16,7.1,0.51,16.7,97.9
2164,2025-01-27,Monday,North,R077,Metro,9,0,Morning Peak,1590,3.8,12,27.8,0.91,254.4,78.9
1736,2025-01-27,Monday,West,R018,Bus,9,45,Morning Peak,1059,10.7,12,26.4,0.72,127.1,60.4
1353,2025-01-27,Monday,East,R065,Metro,10,0,Morning Peak,1156,3.0,14,18.9,0.82,185.0,89.6
3630,2025-01-27,Monday,South,R019,Metro,10,45,Morning Peak,928,1.0,22,13.9,0.9,148.5,96.6
2283,2025-01-27,Monday,South,R018,Bus,11,30,Midday,681,8.2,9,11.0,0.63,81.7,70.8
1759,2025-01-27,Monday,West,R045,Rail,13,0,Midday,965,7.1,14,7.8,0.74,173.7,59.3
1767,2025-01-27,Monday,Central,R070,Metro,17,15,Evening Peak,1998,6.2,15,8.6,0.87,319.7,71.5
317,2025-01-27,Monday,East,R047,Cycling,18,15,Evening Peak,1000,7.3,14,18.8,0.49,90.0,68.1
5632,2025-01-27,Monday,South,R057,Shared Mobility,22,30,Late Evening,190,1.3,15,23.8,0.46,9.5,79.8
3205,2025-01-28,Tuesday,North,R008,Metro,8,30,Morning Peak,1788,7.2,8,1.6,0.95,286.1,76.3
697,2025-01-28,Tuesday,Central,R032,Metro,9,15,Morning Peak,1565,2.6,13,2.7,0.85,250.4,86.1
5006,2025-01-28,Tuesday,Central,R056,Rail,10,15,Morning Peak,1140,4.7,9,13.9,0.75,205.2,70.7
3740,2025-01-28,Tuesday,West,R034,Rail,10,45,Morning Peak,886,5.6,11,8.9,0.76,159.5,79.2
2560,2025-01-28,Tuesday,North,R015,Rail,11,0,Midday,719,7.8,12,25.0,0.67,129.4,64.9
3877,2025-01-28,Tuesday,Central,R050,Metro,11,0,Midday,997,3.8,19,25.2,0.84,159.5,80.1
5235,2025-01-28,Tuesday,South,R068,Metro,11,15,Midday,1356,3.4,14,27.2,0.82,217.0,98.0
1964,2025-01-28,Tuesday,North,R080,Bus,11,45,Midday,901,5.6,12,8.7,0.72,108.1,89.1
887,2025-01-28,Tuesday,Central,R010,Bus,13,0,Midday,1195,11.8,2,7.4,0.73,143.4,61.9
3774,2025-01-28,Tuesday,North,R008,Cycling,14,45,Midday,459,3.5,20,4.9,0.4,41.3,78.3
4789,2025-01-28,Tuesday,East,R004,Shared Mobility,15,15,Midday,406,7.2,9,12.1,0.4,20.3,73.9
165,2025-01-28,Tuesday,North,R029,Bus,16,15,Midday,999,7.7,16,3.0,0.8,119.9,76.9
110,2025-01-28,Tuesday,Central,R030,Rail,19,0,Evening Peak,362,8.3,9,9.6,0.62,65.2,72.9
4577,2025-01-28,Tuesday,West,R011,Bus,19,0,Evening Peak,396,7.5,13,18.2,0.6,47.5,66.9
3326,2025-01-28,Tuesday,North,R041,Metro,19,15,Evening Peak,948,3.9,14,18.6,0.79,151.7,84.5
2898,2025-01-28,Tuesday,North,R076,Rail,20,45,Late Evening,890,3.0,17,18.7,0.62,160.2,82.6
3771,2025-01-28,Tuesday,South,R033,Metro,21,15,Late Evening,828,1.0,14,17.5,0.74,132.5,80.9
5982,2025-01-28,Tuesday,Central,R073,Metro,21,15,Late Evening,874,2.3,20,17.1,0.69,139.8,82.5
907,2025-01-28,Tuesday,Central,R056,Bus,22,0,Late Evening,582,6.6,8,1.8,0.58,69.8,83.6
4869,2025-01-28,Tuesday,East,R044,Cycling,22,0,Late Evening,285,1.9,18,10.9,0.31,25.6,82.8
4725,2025-01-29,Wednesday,West,R054,Bus,5,0,Early Morning,1039,6.2,11,15.0,0.55,124.7,66.6
1506,2025-01-29,Wednesday,East,R075,Tram,8,30,Morning Peak,933,5.1,12,17.3,0.76,130.6,80.5
4296,2025-01-29,Wednesday,South,R036,Metro,8,45,Morning Peak,2276,8.6,9,19.0,1.06,364.2,70.0
615,2025-01-29,Wednesday,East,R079,Metro,10,0,Morning Peak,1592,6.4,7,23.9,0.74,254.7,78.1
4631,2025-01-29,Wednesday,South,R010,Metro,10,0,Morning Peak,1290,3.2,12,17.9,0.83,206.4,98.0
4856,2025-01-29,Wednesday,North,R012,Metro,10,30,Morning Peak,1825,4.0,16,10.9,0.8,292.0,85.5
150,2025-01-29,Wednesday,West,R066,Bus,12,45,Midday,587,7.2,11,23.0,0.7,70.4,65.3
1153,2025-01-29,Wednesday,East,R021,Bus,12,45,Midday,1052,2.4,19,14.6,0.68,126.2,64.6
1592,2025-01-29,Wednesday,South,R015,Bus,14,0,Midday,836,6.5,7,12.5,0.73,100.3,89.1
5895,2025-01-29,Wednesday,Central,R045,Metro,15,45,Midday,1696,1.7,16,25.8,0.92,271.4,90.5
1716,2025-01-29,Wednesday,North,R019,Bus,16,0,Midday,979,9.1,9,25.9,0.72,117.5,64.8
3809,2025-01-29,Wednesday,Central,R045,Bus,17,0,Evening Peak,901,9.9,11,26.1,0.64,108.1,79.2
1331,2025-01-29,Wednesday,West,R010,Metro,17,15,Evening Peak,1485,7.6,10,8.5,0.73,237.6,77.2
2646,2025-01-29,Wednesday,West,R028,Bus,20,0,Late Evening,620,6.5,11,6.9,0.72,74.4,66.1
4937,2025-01-29,Wednesday,South,R023,Metro,20,30,Late Evening,1431,0.0,16,16.5,0.9,229.0,87.2
2523,2025-01-29,Wednesday,Central,R068,Metro,21,30,Late Evening,860,3.1,14,11.4,0.82,137.6,85.0
5987,2025-01-29,Wednesday,Central,R017,Rail,22,45,Late Evening,682,5.0,11,1.8,0.84,122.8,65.1
1376,2025-01-29,Wednesday,West,R037,Shared Mobility,23,0,Late Evening,130,0.0,21,22.5,0.35,6.5,88.8
2324,2025-01-30,Thursday,West,R050,Metro,7,45,Early Morning,971,6.0,12,17.1,0.89,155.4,78.5
3574,2025-01-30,Thursday,East,R061,Metro,8,45,Morning Peak,2307,3.8,19,4.6,0.91,369.1,82.7
5644,2025-01-30,Thursday,South,R065,Cycling,9,30,Morning Peak,445,3.4,15,3.9,0.47,40.0,73.5
3662,2025-01-30,Thursday,North,R006,Shared Mobility,10,30,Morning Peak,271,0.0,17,15.4,0.48,13.6,84.8
2752,2025-01-30,Thursday,West,R028,Bus,10,45,Morning Peak,619,2.7,18,4.6,0.66,74.3,91.8
4655,2025-01-30,Thursday,East,R009,Rail,11,45,Midday,1370,5.2,13,16.3,0.69,246.6,78.9
5361,2025-01-30,Thursday,North,R013,Bus,13,30,Midday,917,4.6,15,16.1,0.71,110.0,86.9
3418,2025-01-30,Thursday,Central,R004,Bus,16,15,Midday,1062,10.4,4,22.2,0.69,127.4,67.7
3110,2025-01-30,Thursday,South,R072,Tram,16,45,Midday,796,8.2,11,20.0,0.72,111.4,73.4
5545,2025-01-30,Thursday,Central,R022,Metro,17,30,Evening Peak,2083,5.6,11,14.8,0.81,333.3,85.5
4143,2025-01-30,Thursday,South,R038,Rail,19,45,Evening Peak,347,7.9,10,10.9,0.61,62.5,73.8
802,2025-01-30,Thursday,North,R050,Metro,20,30,Late Evening,716,1.6,18,11.5,0.81,114.6,94.6
3358,2025-01-30,Thursday,North,R025,Cycling,21,30,Late Evening,232,4.2,15,16.5,0.43,20.9,81.7
2663,2025-01-30,Thursday,West,R043,Rail,21,45,Late Evening,755,8.2,12,27.6,0.73,135.9,68.5
5737,2025-01-30,Thursday,South,R014,Tram,23,0,Late Evening,435,0.2,19,14.3,0.57,60.9,98.0
5375,2025-01-31,Friday,West,R009,Bus,10,0,Morning Peak,504,6.4,12,20.6,0.67,60.5,75.6
2419,2025-01-31,Friday,Central,R077,Bus,11,15,Midday,1249,11.1,2,21.6,0.65,149.9,71.9
3753,2025-01-31,Friday,East,R079,Metro,11,45,Midday,1315,2.3,17,19.3,0.91,210.4,90.3
3646,2025-01-31,Friday,South,R068,Bus,12,15,Midday,943,5.4,16,2.1,0.57,113.2,71.6
1657,2025-01-31,Friday,Central,R071,Rail,13,0,Midday,955,1.4,11,13.1,0.78,171.9,92.9
960,2025-01-31,Friday,North,R043,Bus,15,0,Midday,732,4.6,12,19.2,0.6,87.8,73.2
5021,2025-01-31,Friday,South,R001,Metro,16,15,Midday,1708,2.9,14,22.3,0.87,273.3,94.2
3399,2025-01-31,Friday,North,R068,Bus,20,0,Late Evening,900,3.8,20,3.0,0.79,108.0,84.8
2831,2025-01-31,Friday,North,R056,Metro,20,15,Late Evening,1078,3.9,18,19.4,0.82,172.5,88.8
5111,2025-02-01,Saturday,South,R058,Tram,8,15,Morning Peak,834,4.3,10,17.9,0.72,116.8,81.8
4524,2025-02-01,Saturday,Central,R056,Metro,8,45,Morning Peak,1348,4.8,17,7.4,0.66,215.7,83.9
2932,2025-02-01,Saturday,North,R015,Rail,9,0,Morning Peak,813,8.6,10,12.8,0.66,146.3,78.3
4219,2025-02-01,Saturday,North,R034,Bus,9,15,Morning Peak,640,7.9,7,19.3,0.67,76.8,82.9
5054,2025-02-01,Saturday,North,R031,Cycling,9,15,Morning Peak,537,3.9,14,27.9,0.45,48.3,80.8
1221,2025-02-01,Saturday,North,R039,Cycling,10,30,Morning Peak,305,0.0,19,24.0,0.48,27.4,70.8
3650,2025-02-01,Saturday,East,R006,Rail,10,45,Morning Peak,841,5.2,16,19.0,0.69,151.4,72.3
4163,2025-02-01,Saturday,South,R072,Cycling,11,15,Midday,340,2.7,14,21.9,0.49,30.6,66.8
2618,2025-02-01,Saturday,South,R025,Metro,12,0,Midday,1390,2.2,17,5.7,0.73,222.4,68.8
1801,2025-02-01,Saturday,Central,R045,Metro,14,30,Midday,1154,4.4,14,5.6,0.81,184.6,79.9
2998,2025-02-01,Saturday,West,R046,Shared Mobility,22,0,Late Evening,147,2.4,17,14.1,0.33,7.4,77.9
115,2025-02-02,Sunday,South,R060,Shared Mobility,11,30,Midday,408,4.7,14,9.0,0.37,20.4,77.1
306,2025-02-02,Sunday,South,R020,Bus,17,0,Evening Peak,1181,6.0,12,2.4,0.65,141.7,69.9
4277,2025-02-02,Sunday,Central,R004,Bus,19,45,Evening Peak,472,8.4,9,17.7,0.63,56.6,58.0
3835,2025-02-02,Sunday,South,R068,Bus,20,0,Late Evening,615,7.4,11,12.7,0.74,73.8,76.5
1717,2025-02-02,Sunday,Central,R044,Metro,21,0,Late Evening,860,4.1,19,8.5,0.75,137.6,89.5
508,2025-02-02,Sunday,West,R002,Bus,22,0,Late Evening,596,4.7,13,11.5,0.62,71.5,74.0
3046,2025-02-03,Monday,East,R006,Bus,5,15,Early Morning,571,4.8,15,25.8,0.61,68.5,70.3
762,2025-02-03,Monday,East,R066,Bus,6,45,Early Morning,550,14.5,2,7.8,0.72,66.0,59.9
2502,2025-02-03,Monday,North,R016,Metro,9,30,Morning Peak,1856,4.9,9,17.9,0.83,297.0,81.7
928,2025-02-03,Monday,West,R052,Bus,10,15,Morning Peak,985,6.5,15,27.1,0.86,118.2,68.5
815,2025-02-03,Monday,East,R075,Bus,12,0,Midday,758,6.3,11,17.1,0.74,91.0,64.6
1496,2025-02-03,Monday,West,R007,Metro,12,30,Midday,1820,6.8,16,25.0,0.79,291.2,63.4
1344,2025-02-03,Monday,East,R069,Bus,16,0,Midday,1466,10.9,5,10.5,0.71,175.9,58.1
5647,2025-02-03,Monday,South,R048,Cycling,16,15,Midday,427,1.8,17,16.3,0.42,38.4,89.0
855,2025-02-03,Monday,Central,R034,Rail,17,0,Evening Peak,1975,7.6,8,12.8,0.85,355.5,70.7
4022,2025-02-03,Monday,Central,R011,Bus,21,30,Late Evening,664,5.7,11,17.5,0.67,79.7,78.2
59,2025-02-04,Tuesday,East,R062,Metro,5,15,Early Morning,648,2.5,15,22.9,0.75,103.7,82.3
1901,2025-02-04,Tuesday,North,R049,Cycling,8,30,Morning Peak,566,3.8,16,14.1,0.49,50.9,68.4
327,2025-02-04,Tuesday,North,R055,Bus,9,15,Morning Peak,1032,9.4,17,17.2,0.64,123.8,73.2
1028,2025-02-04,Tuesday,Central,R077,Metro,9,15,Morning Peak,2873,6.4,11,12.1,1.05,459.7,73.2
124,2025-02-04,Tuesday,North,R054,Shared Mobility,10,45,Morning Peak,292,3.2,16,24.3,0.42,14.6,73.6
3166,2025-02-04,Tuesday,East,R033,Metro,11,45,Midday,1035,4.3,10,6.3,0.86,165.6,72.3
4540,2025-02-04,Tuesday,Central,R018,Rail,11,45,Midday,824,6.4,14,18.5,0.7,148.3,66.2
2013,2025-02-04,Tuesday,West,R062,Metro,12,0,Midday,681,4.5,13,15.0,0.66,109.0,85.0
3562,2025-02-04,Tuesday,South,R045,Metro,14,15,Midday,1464,0.0,20,10.4,0.81,234.2,88.7
3592,2025-02-04,Tuesday,Central,R073,Bus,17,15,Evening Peak,1338,8.2,7,18.3,0.72,160.6,64.5
2803,2025-02-04,Tuesday,East,R028,Metro,17,45,Evening Peak,3688,3.2,15,6.1,1.15,590.1,93.7
5992,2025-02-04,Tuesday,North,R024,Cycling,18,0,Evening Peak,461,3.7,15,17.6,0.49,41.5,76.5
524,2025-02-04,Tuesday,North,R033,Bus,19,0,Evening Peak,415,5.2,7,26.5,0.69,49.8,79.0
3179,2025-02-04,Tuesday,East,R025,Bus,20,15,Late Evening,520,13.4,7,1.9,0.57,62.4,58.0
709,2025-02-04,Tuesday,East,R080,Metro,21,0,Late Evening,611,3.6,13,13.8,0.65,97.8,71.5
3425,2025-02-04,Tuesday,North,R020,Metro,22,15,Late Evening,1029,1.5,17,20.5,0.86,164.6,80.1
3108,2025-02-04,Tuesday,Central,R027,Metro,22,30,Late Evening,707,0.3,17,19.9,0.68,113.1,90.3
382,2025-02-05,Wednesday,South,R003,Rail,9,0,Morning Peak,1242,4.1,12,19.9,0.83,223.6,81.2
151,2025-02-05,Wednesday,South,R068,Tram,9,45,Morning Peak,971,7.1,12,11.8,0.57,135.9,73.8
2268,2025-02-05,Wednesday,North,R073,Bus,10,45,Morning Peak,1001,6.0,13,7.9,0.68,120.1,77.7
4527,2025-02-05,Wednesday,West,R038,Bus,11,0,Midday,1106,6.8,14,12.7,0.74,132.7,82.0
2834,2025-02-05,Wednesday,East,R053,Bus,11,30,Midday,712,6.1,10,27.3,0.6,85.4,74.0
5804,2025-02-05,Wednesday,North,R054,Tram,12,0,Midday,731,4.6,10,16.1,0.64,102.3,86.8
963,2025-02-05,Wednesday,South,R049,Tram,12,45,Midday,1236,9.7,9,11.0,0.73,173.0,76.7
2309,2025-02-05,Wednesday,Central,R023,Bus,16,45,Midday,1747,12.9,3,7.4,0.79,209.6,69.0
2190,2025-02-05,Wednesday,South,R014,Metro,17,45,Evening Peak,1349,8.0,7,2.5,0.9,215.8,82.8
3997,2025-02-05,Wednesday,East,R049,Bus,18,15,Evening Peak,1649,10.9,8,10.8,0.84,197.9,65.4
5010,2025-02-05,Wednesday,North,R080,Bus,19,15,Evening Peak,455,5.7,11,27.5,0.64,54.6,89.7
1286,2025-02-05,Wednesday,South,R069,Bus,20,30,Late Evening,601,5.7,17,5.1,0.64,72.1,67.3
1397,2025-02-05,Wednesday,Central,R066,Rail,21,15,Late Evening,396,8.5,6,9.9,0.61,71.3,82.1
546,2025-02-05,Wednesday,Central,R064,Bus,22,45,Late Evening,432,4.0,16,19.7,0.73,51.8,73.3
1692,2025-02-06,Thursday,Central,R067,Tram,9,15,Morning Peak,712,4.9,12,27.9,0.66,99.7,74.2
3421,2025-02-06,Thursday,East,R042,Bus,10,30,Morning Peak,884,5.0,7,20.7,0.77,106.1,71.5
552,2025-02-06,Thursday,North,R065,Metro,12,30,Midday,1191,2.3,11,4.9,0.86,190.6,85.3
3258,2025-02-06,Thursday,West,R022,Rail,14,0,Midday,979,8.7,14,18.4,0.77,176.2,71.8
1609,2025-02-06,Thursday,East,R006,Metro,14,30,Midday,1689,2.1,11,18.1,0.73,270.2,82.2
3582,2025-02-06,Thursday,West,R063,Rail,14,45,Midday,1545,7.1,10,2.7,0.76,278.1,86.4
338,2025-02-06,Thursday,East,R006,Metro,15,30,Midday,1333,7.6,14,27.0,0.79,213.3,64.1
268,2025-02-06,Thursday,East,R071,Bus,17,0,Evening Peak,1039,9.1,13,11.0,0.68,124.7,63.1
3580,2025-02-06,Thursday,Central,R048,Metro,17,30,Evening Peak,2116,5.3,10,20.3,0.89,338.6,76.0
5348,2025-02-06,Thursday,South,R023,Bus,17,45,Evening Peak,1175,8.0,12,15.6,0.69,141.0,75.7
4467,2025-02-06,Thursday,Central,R019,Tram,20,45,Late Evening,355,5.2,12,26.3,0.61,49.7,72.4
4451,2025-02-06,Thursday,South,R038,Metro,21,0,Late Evening,1225,6.7,16,18.6,0.67,196.0,89.7
1893,2025-02-06,Thursday,Central,R055,Rail,22,0,Late Evening,1004,7.4,14,1.6,0.61,180.7,78.0
2721,2025-02-07,Friday,Central,R072,Metro,6,45,Early Morning,843,1.5,19,11.6,0.74,134.9,93.8
311,2025-02-07,Friday,North,R011,Metro,9,15,Morning Peak,1403,6.3,13,12.5,0.76,224.5,64.5
996,2025-02-07,Friday,South,R059,Metro,10,45,Morning Peak,1335,7.0,8,7.6,0.89,213.6,76.9
5236,2025-02-07,Friday,Central,R033,Metro,11,0,Midday,1224,4.5,13,24.0,0.71,195.8,76.5
1084,2025-02-07,Friday,East,R037,Metro,11,15,Midday,926,1.7,16,4.3,0.64,148.2,85.1
5064,2025-02-07,Friday,West,R013,Metro,12,15,Midday,1259,9.7,3,9.6,0.76,201.4,84.3
3198,2025-02-07,Friday,South,R050,Shared Mobility,16,30,Midday,457,5.8,11,9.6,0.43,22.8,69.0
1604,2025-02-07,Friday,South,R049,Rail,17,15,Evening Peak,1166,7.8,12,4.2,0.75,209.9,71.5
4494,2025-02-07,Friday,North,R005,Rail,18,45,Evening Peak,1118,7.7,5,10.5,0.67,201.2,60.7
2344,2025-02-07,Friday,Central,R030,Metro,19,0,Evening Peak,1298,2.1,15,3.3,0.83,207.7,78.9
3103,2025-02-07,Friday,West,R037,Metro,20,0,Late Evening,511,0.3,15,18.0,0.72,81.8,92.6
1127,2025-02-07,Friday,South,R055,Rail,20,15,Late Evening,702,6.6,12,24.6,0.58,126.4,66.0
5656,2025-02-07,Friday,Central,R004,Bus,20,15,Late Evening,757,6.6,14,19.8,0.57,90.8,73.5
4137,2025-02-07,Friday,South,R008,Bus,20,30,Late Evening,1096,4.9,15,22.5,0.77,131.5,85.3
1018,2025-02-07,Friday,Central,R061,Bus,21,15,Late Evening,699,3.9,11,24.0,0.68,83.9,73.1
4430,2025-02-07,Friday,West,R060,Metro,21,15,Late Evening,684,4.0,17,15.5,0.75,109.4,78.9
2569,2025-02-07,Friday,South,R027,Shared Mobility,21,30,Late Evening,395,1.7,15,3.9,0.48,19.8,81.6
4817,2025-02-07,Friday,Central,R011,Metro,22,45,Late Evening,723,2.9,8,19.8,0.74,115.7,73.7
250,2025-02-08,Saturday,North,R074,Bus,6,30,Early Morning,509,6.2,16,22.7,0.65,61.1,71.2
2033,2025-02-08,Saturday,West,R033,Tram,7,0,Early Morning,1002,2.6,14,16.4,0.6,140.3,90.0
766,2025-02-08,Saturday,West,R058,Bus,9,0,Morning Peak,832,9.2,9,17.0,0.66,99.8,69.6
3985,2025-02-08,Saturday,Central,R045,Tram,9,30,Morning Peak,607,7.4,14,21.9,0.62,85.0,72.5
5936,2025-02-08,Saturday,East,R037,Rail,9,45,Morning Peak,728,8.8,10,23.9,0.74,131.0,76.6
586,2025-02-08,Saturday,Central,R022,Bus,10,0,Morning Peak,429,10.5,9,6.3,0.5,51.5,68.5
2621,2025-02-08,Saturday,South,R071,Bus,10,45,Morning Peak,813,6.7,13,17.5,0.7,97.6,77.8
1485,2025-02-08,Saturday,Central,R001,Bus,11,0,Midday,893,9.3,9,5.0,0.67,107.2,57.8
3325,2025-02-08,Saturday,North,R032,Metro,11,0,Midday,815,4.3,12,21.3,0.82,130.4,66.8
1504,2025-02-08,Saturday,South,R046,Shared Mobility,11,15,Midday,159,1.5,20,12.6,0.49,8.0,80.4
477,2025-02-08,Saturday,East,R059,Bus,11,45,Midday,644,6.8,14,26.4,0.69,77.3,74.9
4152,2025-02-08,Saturday,Central,R077,Shared Mobility,11,45,Midday,147,4.6,10,24.2,0.41,7.4,74.9
1726,2025-02-08,Saturday,West,R078,Tram,12,30,Midday,349,8.9,8,14.8,0.58,48.9,82.0
909,2025-02-08,Saturday,South,R023,Bus,13,0,Midday,626,8.0,11,23.3,0.7,75.1,79.6
4541,2025-02-08,Saturday,Central,R005,Metro,13,0,Midday,966,0.9,19,7.9,0.72,154.6,77.3
1072,2025-02-08,Saturday,East,R011,Bus,13,15,Midday,640,9.8,9,16.4,0.76,76.8,71.5
1662,2025-02-08,Saturday,North,R044,Bus,14,15,Midday,454,4.6,16,19.9,0.63,54.5,80.6
3268,2025-02-08,Saturday,Central,R060,Rail,15,30,Midday,944,5.2,10,26.9,0.77,169.9,71.1
1416,2025-02-08,Saturday,Central,R032,Shared Mobility,16,30,Midday,280,1.0,16,12.0,0.26,14.0,85.7
5005,2025-02-08,Saturday,North,R007,Rail,17,45,Evening Peak,1189,11.7,5,15.5,0.73,214.0,65.5
638,2025-02-08,Saturday,Central,R067,Metro,18,0,Evening Peak,1175,5.2,13,14.6,0.79,188.0,73.9
373,2025-02-08,Saturday,North,R077,Bus,19,0,Evening Peak,333,9.7,13,25.9,0.67,40.0,64.8
5775,2025-02-08,Saturday,East,R075,Shared Mobility,19,45,Evening Peak,133,3.7,12,3.1,0.35,6.6,77.5
4407,2025-02-08,Saturday,Central,R033,Bus,20,0,Late Evening,418,5.7,11,13.3,0.68,50.2,76.2
2184,2025-02-08,Saturday,South,R011,Bus,23,0,Late Evening,598,3.5,14,10.9,0.62,71.8,81.3
3089,2025-02-08,Saturday,North,R064,Rail,23,0,Late Evening,566,5.8,9,16.8,0.62,101.9,87.1
5087,2025-02-08,Saturday,Central,R056,Cycling,23,15,Late Evening,367,0.0,15,11.9,0.35,33.0,93.5
1599,2025-02-09,Sunday,North,R032,Tram,7,15,Early Morning,999,7.5,10,8.5,0.75,139.9,71.1
1321,2025-02-09,Sunday,South,R059,Bus,8,0,Morning Peak,686,9.5,9,1.8,0.56,82.3,55.4
4100,2025-02-09,Sunday,Central,R035,Shared Mobility,9,15,Morning Peak,397,9.5,4,26.1,0.31,19.8,71.3
961,2025-02-09,Sunday,North,R077,Bus,9,45,Morning Peak,640,11.2,8,18.4,0.58,76.8,66.6
1626,2025-02-09,Sunday,West,R024,Bus,10,15,Morning Peak,1010,6.9,13,19.8,0.7,121.2,77.6
5335,2025-02-09,Sunday,North,R008,Bus,10,15,Morning Peak,818,7.1,9,20.4,0.67,98.2,77.8
1937,2025-02-09,Sunday,West,R012,Cycling,10,45,Morning Peak,287,0.7,15,12.9,0.33,25.8,76.6
4080,2025-02-09,Sunday,West,R003,Metro,10,45,Morning Peak,1082,1.8,16,11.6,0.85,173.1,85.6
4692,2025-02-09,Sunday,North,R061,Bus,11,45,Midday,1027,5.7,15,20.9,0.69,123.2,89.3
2453,2025-02-09,Sunday,North,R013,Bus,15,15,Midday,549,8.7,9,24.4,0.57,65.9,65.6
1615,2025-02-09,Sunday,Central,R026,Metro,15,30,Midday,995,5.0,9,2.8,0.76,159.2,78.5
5055,2025-02-09,Sunday,North,R001,Metro,17,15,Evening Peak,1361,1.3,15,18.9,0.83,217.8,71.7
4748,2025-02-09,Sunday,East,R021,Bus,18,0,Evening Peak,615,9.5,7,14.5,0.74,73.8,69.1
5380,2025-02-09,Sunday,West,R045,Rail,19,15,Evening Peak,415,6.0,15,10.3,0.55,74.7,74.7
2987,2025-02-09,Sunday,South,R076,Metro,21,45,Late Evening,753,3.6,12,2.5,0.75,120.5,80.4
1624,2025-02-09,Sunday,Central,R005,Metro,23,15,Late Evening,756,4.3,8,26.0,0.68,121.0,88.9
3267,2025-02-10,Monday,West,R035,Bus,6,15,Early Morning,608,8.2,6,21.1,0.64,73.0,64.4
4090,2025-02-10,Monday,East,R010,Metro,8,45,Morning Peak,1224,8.3,11,16.5,0.78,195.8,70.5
4403,2025-02-10,Monday,North,R064,Cycling,9,45,Morning Peak,641,2.3,13,2.5,0.42,57.7,81.4
4058,2025-02-10,Monday,East,R075,Bus,10,0,Morning Peak,716,11.0,4,20.2,0.61,85.9,58.2
3047,2025-02-10,Monday,Central,R029,Tram,10,30,Morning Peak,592,2.7,14,7.0,0.58,82.9,83.8
3741,2025-02-10,Monday,South,R031,Bus,10,30,Morning Peak,764,6.2,8,25.7,0.51,91.7,69.7
3149,2025-02-10,Monday,North,R024,Bus,11,45,Midday,463,9.9,7,18.9,0.66,55.6,75.5
5759,2025-02-10,Monday,Central,R062,Shared Mobility,12,15,Midday,228,2.5,16,2.1,0.34,11.4,66.5
109,2025-02-10,Monday,East,R024,Bus,12,45,Midday,1746,6.1,9,14.3,0.79,209.5,82.3
700,2025-02-10,Monday,East,R049,Bus,15,0,Midday,590,4.8,16,11.6,0.64,70.8,76.1
3313,2025-02-10,Monday,North,R079,Tram,17,30,Evening Peak,638,6.9,2,23.2,0.66,89.3,79.0
1811,2025-02-10,Monday,Central,R068,Bus,18,30,Evening Peak,1728,5.8,7,13.9,0.77,207.4,69.3
4336,2025-02-10,Monday,Central,R061,Cycling,18,30,Evening Peak,1054,0.0,16,19.9,0.56,94.9,78.4
1343,2025-02-10,Monday,Central,R038,Tram,18,45,Evening Peak,991,7.2,15,10.3,0.71,138.7,75.6
3367,2025-02-10,Monday,South,R059,Bus,18,45,Evening Peak,942,4.3,17,6.9,0.57,113.0,75.0
3260,2025-02-10,Monday,Central,R079,Bus,19,15,Evening Peak,564,6.2,13,9.5,0.64,67.7,71.5
1849,2025-02-10,Monday,West,R030,Bus,20,30,Late Evening,508,6.6,12,24.5,0.63,61.0,81.7
1952,2025-02-10,Monday,South,R051,Tram,21,0,Late Evening,676,3.2,8,5.4,0.57,94.6,88.4
91,2025-02-10,Monday,Central,R053,Metro,21,45,Late Evening,625,5.5,12,21.5,0.7,100.0,71.5
5203,2025-02-11,Tuesday,West,R016,Metro,6,15,Early Morning,750,0.9,17,16.0,0.79,120.0,81.8
2511,2025-02-11,Tuesday,South,R006,Metro,6,45,Early Morning,783,3.6,9,17.3,0.69,125.3,73.5
5749,2025-02-11,Tuesday,North,R071,Bus,8,0,Morning Peak,1237,8.0,5,5.1,0.81,148.4,58.1
2513,2025-02-11,Tuesday,East,R046,Bus,9,0,Morning Peak,975,8.2,11,22.9,0.65,117.0,68.8
5941,2025-02-11,Tuesday,West,R022,Metro,9,45,Morning Peak,1493,2.4,14,7.7,0.86,238.9,77.7
1414,2025-02-11,Tuesday,North,R020,Metro,10,45,Morning Peak,955,2.9,15,24.7,0.85,152.8,85.7
3447,2025-02-11,Tuesday,West,R044,Bus,12,0,Midday,730,5.4,17,19.9,0.66,87.6,75.6
1341,2025-02-11,Tuesday,Central,R046,Bus,12,15,Midday,1075,9.6,11,17.6,0.69,129.0,61.0
933,2025-02-11,Tuesday,Central,R057,Cycling,13,15,Midday,408,1.0,22,13.5,0.5,36.7,94.6
2955,2025-02-11,Tuesday,South,R007,Rail,13,30,Midday,1244,6.7,6,19.6,0.79,223.9,64.6
2977,2025-02-11,Tuesday,North,R001,Tram,15,0,Midday,782,4.8,15,5.1,0.64,109.5,71.3
2253,2025-02-11,Tuesday,North,R063,Bus,16,0,Midday,1222,10.3,11,20.9,0.66,146.6,54.8
589,2025-02-11,Tuesday,West,R044,Rail,16,30,Midday,954,7.0,9,27.9,0.68,171.7,70.7
1052,2025-02-11,Tuesday,North,R024,Shared Mobility,16,45,Midday,486,6.2,18,12.8,0.47,24.3,71.5
1077,2025-02-11,Tuesday,Central,R063,Bus,18,15,Evening Peak,1516,7.6,10,23.0,0.8,181.9,76.3
137,2025-02-11,Tuesday,North,R053,Metro,20,0,Late Evening,755,3.4,14,15.8,0.73,120.8,77.0
2264,2025-02-11,Tuesday,North,R056,Tram,20,45,Late Evening,326,4.7,13,26.3,0.59,45.6,76.4
2372,2025-02-11,Tuesday,South,R008,Metro,21,15,Late Evening,849,2.6,14,20.1,0.76,135.8,93.2
4911,2025-02-12,Wednesday,West,R032,Metro,7,45,Early Morning,2113,5.8,17,7.5,0.86,338.1,93.1
3244,2025-02-12,Wednesday,South,R038,Rail,8,15,Morning Peak,1247,10.7,8,8.1,0.77,224.5,63.3
4223,2025-02-12,Wednesday,Central,R043,Metro,9,0,Morning Peak,2189,3.3,16,9.1,1.0,350.2,91.3
516,2025-02-12,Wednesday,East,R076,Bus,10,0,Morning Peak,1819,8.2,12,8.8,0.81,218.3,62.1
4402,2025-02-12,Wednesday,West,R008,Bus,11,15,Midday,542,5.3,21,23.4,0.65,65.0,75.5
2141,2025-02-12,Wednesday,South,R027,Metro,12,0,Midday,810,0.0,17,23.6,0.79,129.6,90.5
821,2025-02-12,Wednesday,Central,R042,Rail,14,0,Midday,1353,6.9,11,13.3,0.74,243.5,66.1
4245,2025-02-12,Wednesday,East,R052,Tram,15,15,Midday,596,6.6,8,23.2,0.55,83.4,69.1
2548,2025-02-12,Wednesday,Central,R017,Rail,16,30,Midday,1267,8.9,11,2.9,0.74,228.1,60.7
2426,2025-02-12,Wednesday,West,R021,Metro,16,45,Midday,2075,5.3,8,10.7,0.79,332.0,76.1
5849,2025-02-12,Wednesday,East,R029,Tram,19,0,Evening Peak,567,7.0,14,26.0,0.58,79.4,73.0
2899,2025-02-12,Wednesday,South,R061,Bus,19,45,Evening Peak,578,6.6,12,20.1,0.6,69.4,72.1
5602,2025-02-12,Wednesday,North,R058,Metro,19,45,Evening Peak,849,5.5,15,15.1,0.73,135.8,80.0
3844,2025-02-12,Wednesday,North,R023,Shared Mobility,20,0,Late Evening,207,1.4,14,24.5,0.44,10.4,82.8
5922,2025-02-12,Wednesday,Central,R015,Metro,22,15,Late Evening,1824,6.4,12,24.5,0.7,291.8,69.5
5434,2025-02-13,Thursday,North,R027,Rail,6,45,Early Morning,461,7.1,10,24.9,0.51,83.0,78.8
5294,2025-02-13,Thursday,North,R060,Cycling,7,30,Early Morning,396,3.5,14,20.3,0.45,35.6,79.4
517,2025-02-13,Thursday,East,R016,Shared Mobility,9,0,Morning Peak,299,2.5,20,5.4,0.42,15.0,84.8
657,2025-02-13,Thursday,Central,R060,Bus,9,15,Morning Peak,1395,12.4,11,9.8,0.71,167.4,58.6
1427,2025-02-13,Thursday,East,R005,Bus,9,45,Morning Peak,1643,8.5,4,10.6,0.86,197.2,75.1
2850,2025-02-13,Thursday,Central,R019,Rail,9,45,Morning Peak,1660,8.5,9,14.3,0.79,298.8,80.0
3994,2025-02-13,Thursday,West,R069,Bus,10,30,Morning Peak,634,7.9,8,7.4,0.64,76.1,63.5
5836,2025-02-13,Thursday,North,R007,Metro,11,30,Midday,1839,0.5,17,6.7,0.92,294.2,84.2
167,2025-02-13,Thursday,East,R054,Bus,13,0,Midday,631,2.7,17,10.0,0.65,75.7,68.4
4724,2025-02-13,Thursday,South,R045,Metro,14,0,Midday,1524,2.6,19,18.0,0.98,243.8,75.7
1999,2025-02-13,Thursday,North,R052,Shared Mobility,14,30,Midday,221,2.3,19,5.5,0.45,11.0,80.8
2953,2025-02-13,Thursday,South,R040,Bus,17,45,Evening Peak,1920,6.7,13,15.4,0.81,230.4,59.7
5839,2025-02-13,Thursday,South,R076,Bus,19,15,Evening Peak,723,7.8,6,19.6,0.61,86.8,73.9
5442,2025-02-13,Thursday,Central,R027,Metro,19,30,Evening Peak,976,5.7,12,15.7,0.77,156.2,75.5
5186,2025-02-13,Thursday,North,R050,Metro,19,45,Evening Peak,958,2.9,11,11.9,0.79,153.3,84.3
3789,2025-02-13,Thursday,East,R021,Tram,20,45,Late Evening,275,10.1,4,6.2,0.49,38.5,67.8
71,2025-02-13,Thursday,South,R023,Metro,21,0,Late Evening,807,4.9,13,21.6,0.85,129.1,74.8
2652,2025-02-13,Thursday,North,R042,Bus,22,0,Late Evening,987,4.4,17,24.2,0.61,118.4,71.2
5477,2025-02-14,Friday,Central,R064,Metro,8,0,Morning Peak,2484,10.8,10,5.6,0.98,397.4,71.2
1654,2025-02-14,Friday,South,R005,Bus,9,15,Morning Peak,1350,6.2,14,27.4,0.82,162.0,82.8
4557,2025-02-14,Friday,North,R071,Rail,10,15,Morning Peak,1218,6.5,11,8.3,0.69,219.2,85.0
5645,2025-02-14,Friday,Central,R036,Bus,12,15,Midday,822,5.4,10,27.0,0.75,98.6,65.6
3275,2025-02-14,Friday,Central,R035,Metro,14,15,Midday,1227,0.7,17,10.5,0.87,196.3,89.4
3608,2025-02-14,Friday,West,R078,Shared Mobility,15,0,Midday,416,0.0,16,21.9,0.41,20.8,90.8
4947,2025-02-14,Friday,West,R027,Tram,16,0,Midday,762,12.2,3,19.0,0.61,106.7,66.8
4679,2025-02-14,Friday,North,R022,Bus,17,30,Evening Peak,1167,10.2,11,5.8,0.74,140.0,67.8
5132,2025-02-14,Friday,North,R044,Tram,19,0,Evening Peak,292,6.8,10,10.7,0.59,40.9,73.5
161,2025-02-14,Friday,North,R031,Bus,19,45,Evening Peak,280,5.8,12,3.5,0.68,33.6,68.2
3854,2025-02-14,Friday,West,R044,Metro,21,45,Late Evening,1665,5.1,13,16.8,0.88,266.4,75.9
3406,2025-02-14,Friday,South,R004,Bus,23,0,Late Evening,611,5.2,11,26.4,0.63,73.3,80.8
1643,2025-02-14,Friday,Central,R078,Metro,23,45,Late Evening,1257,0.0,17,24.0,0.73,201.1,86.1
1366,2025-02-15,Saturday,South,R006,Metro,5,15,Early Morning,686,1.7,20,3.6,0.68,109.8,89.1
5963,2025-02-15,Saturday,Central,R061,Cycling,7,0,Early Morning,535,5.3,14,18.9,0.57,48.2,83.0
3102,2025-02-15,Saturday,North,R048,Tram,9,45,Morning Peak,521,11.7,6,12.6,0.73,72.9,74.9
4094,2025-02-15,Saturday,Central,R061,Rail,10,0,Morning Peak,755,3.0,22,14.7,0.73,135.9,84.2
5833,2025-02-15,Saturday,South,R014,Metro,10,15,Morning Peak,1439,3.5,17,24.2,0.68,230.2,77.4
1813,2025-02-15,Saturday,Central,R067,Bus,10,30,Morning Peak,734,7.1,7,25.8,0.67,88.1,72.5
3274,2025-02-15,Saturday,West,R026,Metro,10,30,Morning Peak,753,3.7,14,11.8,0.74,120.5,84.7
854,2025-02-15,Saturday,North,R017,Metro,12,15,Midday,653,7.5,11,27.6,0.61,104.5,89.6
5885,2025-02-15,Saturday,Central,R040,Bus,13,0,Midday,676,12.2,8,3.6,0.75,81.1,63.3
4555,2025-02-15,Saturday,North,R043,Bus,13,30,Midday,628,3.0,14,19.1,0.65,75.4,81.4
4381,2025-02-15,Saturday,Central,R029,Bus,15,30,Midday,631,5.0,12,23.8,0.67,75.7,71.4
3793,2025-02-15,Saturday,South,R024,Cycling,15,45,Midday,405,0.0,20,20.2,0.41,36.4,91.5
1775,2025-02-15,Saturday,Central,R069,Bus,16,15,Midday,1530,12.4,10,19.6,0.86,183.6,64.4
3498,2025-02-15,Saturday,Central,R078,Metro,19,30,Evening Peak,545,2.7,7,2.8,0.69,87.2,85.2
334,2025-02-15,Saturday,South,R077,Bus,20,15,Late Evening,474,5.3,9,25.6,0.62,56.9,81.5
708,2025-02-15,Saturday,Central,R028,Metro,20,30,Late Evening,673,4.7,17,14.2,0.81,107.7,74.1
1672,2025-02-15,Saturday,East,R036,Bus,22,0,Late Evening,591,0.6,18,12.1,0.59,70.9,89.9
3921,2025-02-15,Saturday,South,R020,Bus,22,30,Late Evening,524,3.5,15,6.3,0.59,62.9,78.6
3068,2025-02-16,Sunday,East,R063,Bus,7,0,Early Morning,470,5.1,16,25.5,0.63,56.4,79.8
5542,2025-02-16,Sunday,East,R039,Shared Mobility,7,15,Early Morning,230,3.3,9,6.1,0.37,11.5,80.1
4283,2025-02-16,Sunday,South,R012,Rail,7,30,Early Morning,1226,5.3,7,21.3,0.73,220.7,80.5
3188,2025-02-16,Sunday,South,R007,Bus,7,45,Early Morning,1499,9.9,4,23.8,0.73,179.9,66.0
1452,2025-02-16,Sunday,South,R071,Metro,8,30,Morning Peak,1522,8.0,15,5.6,0.72,243.5,67.2
422,2025-02-16,Sunday,North,R019,Tram,8,45,Morning Peak,578,5.9,9,19.9,0.66,80.9,73.6
1565,2025-02-16,Sunday,East,R005,Bus,8,45,Morning Peak,1189,9.4,9,12.4,0.68,142.7,66.8
3902,2025-02-16,Sunday,North,R035,Metro,9,45,Morning Peak,1646,4.5,15,12.6,0.87,263.4,78.8
471,2025-02-16,Sunday,Central,R004,Rail,10,0,Morning Peak,682,5.3,11,15.2,0.65,122.8,83.4
4150,2025-02-16,Sunday,North,R069,Metro,11,0,Midday,1486,3.4,10,17.8,0.78,237.8,81.7
673,2025-02-16,Sunday,South,R018,Tram,11,30,Midday,646,2.1,18,14.9,0.69,90.4,84.7
2779,2025-02-16,Sunday,South,R072,Cycling,11,30,Midday,254,2.1,16,22.3,0.52,22.9,79.2
1109,2025-02-16,Sunday,Central,R012,Rail,12,30,Midday,421,6.9,9,14.5,0.61,75.8,66.0
5715,2025-02-16,Sunday,West,R079,Rail,12,30,Midday,1273,10.2,5,20.9,0.75,229.1,59.8
991,2025-02-16,Sunday,West,R044,Metro,13,0,Midday,1459,6.9,11,4.1,0.89,233.4,84.0
862,2025-02-16,Sunday,North,R030,Metro,14,30,Midday,713,2.2,10,18.6,0.69,114.1,81.2
2781,2025-02-16,Sunday,South,R071,Metro,15,0,Midday,730,3.9,15,24.9,0.73,116.8,80.4
4411,2025-02-16,Sunday,West,R038,Bus,17,30,Evening Peak,1191,12.5,7,14.1,0.68,142.9,66.4
2973,2025-02-16,Sunday,East,R058,Bus,18,30,Evening Peak,880,10.7,7,2.1,0.69,105.6,64.1
2197,2025-02-16,Sunday,Central,R020,Rail,19,45,Evening Peak,619,7.8,8,13.9,0.7,111.4,68.3
3490,2025-02-16,Sunday,North,R007,Bus,19,45,Evening Peak,776,3.4,12,10.2,0.59,93.1,70.5
3385,2025-02-16,Sunday,Central,R038,Rail,23,0,Late Evening,467,7.1,8,26.8,0.63,84.1,61.4
4582,2025-02-16,Sunday,South,R026,Metro,23,30,Late Evening,521,0.0,17,10.0,0.74,83.4,98.0
3952,2025-02-17,Monday,Central,R057,Cycling,5,0,Early Morning,393,3.2,14,2.7,0.41,35.4,67.4
2522,2025-02-17,Monday,South,R022,Metro,9,30,Morning Peak,2244,3.7,11,13.6,1.0,359.0,84.1
453,2025-02-17,Monday,Central,R067,Bus,11,15,Midday,952,5.6,13,15.8,0.62,114.2,77.0
4659,2025-02-17,Monday,South,R059,Rail,12,15,Midday,949,3.1,19,15.5,0.75,170.8,71.6
5559,2025-02-17,Monday,North,R028,Bus,12,15,Midday,1205,6.5,10,9.2,0.73,144.6,66.4
4364,2025-02-17,Monday,South,R021,Tram,13,0,Midday,1034,6.1,13,23.5,0.84,144.8,72.9
3372,2025-02-17,Monday,Central,R034,Metro,14,30,Midday,1661,3.7,17,10.7,0.83,265.8,75.7
4350,2025-02-17,Monday,South,R007,Bus,14,45,Midday,555,6.7,15,20.5,0.57,66.6,61.4
4863,2025-02-17,Monday,South,R016,Cycling,15,15,Midday,347,0.0,13,4.7,0.44,31.2,90.9
870,2025-02-17,Monday,North,R024,Metro,16,30,Midday,1507,5.8,14,15.2,0.87,241.1,78.9
4603,2025-02-17,Monday,Central,R035,Rail,18,15,Evening Peak,1769,4.7,18,3.4,0.82,318.4,72.3
4711,2025-02-17,Monday,West,R022,Tram,18,30,Evening Peak,832,4.4,16,19.4,0.73,116.5,73.0
3529,2025-02-17,Monday,East,R012,Tram,18,45,Evening Peak,661,5.0,10,25.1,0.61,92.5,79.5
4173,2025-02-17,Monday,North,R079,Bus,20,45,Late Evening,540,9.3,8,5.1,0.65,64.8,66.1
5069,2025-02-17,Monday,North,R031,Cycling,21,30,Late Evening,318,0.1,15,22.0,0.49,28.6,78.8
116,2025-02-17,Monday,South,R030,Cycling,22,30,Late Evening,333,2.4,13,14.4,0.32,30.0,83.6
3240,2025-02-18,Tuesday,East,R035,Metro,7,0,Early Morning,1405,4.8,10,9.0,0.84,224.8,60.5
2371,2025-02-18,Tuesday,North,R035,Rail,7,45,Early Morning,1177,8.7,8,27.6,0.8,211.9,63.9
2231,2025-02-18,Tuesday,South,R040,Bus,8,30,Morning Peak,949,8.2,12,6.4,0.58,113.9,71.5
4209,2025-02-18,Tuesday,Central,R043,Shared Mobility,9,0,Morning Peak,458,5.0,16,14.7,0.48,22.9,76.8
3784,2025-02-18,Tuesday,East,R043,Bus,9,15,Morning Peak,935,8.6,10,23.5,0.55,112.2,58.4
329,2025-02-18,Tuesday,West,R004,Shared Mobility,9,45,Morning Peak,435,4.6,17,18.9,0.47,21.8,76.2
30,2025-02-18,Tuesday,Central,R036,Bus,10,30,Morning Peak,632,5.4,16,27.6,0.66,75.8,72.7
4705,2025-02-18,Tuesday,Central,R054,Rail,10,30,Morning Peak,1435,2.8,14,17.2,0.79,258.3,83.1
2931,2025-02-18,Tuesday,North,R038,Bus,11,45,Midday,799,5.7,15,26.0,0.63,95.9,76.4
2213,2025-02-18,Tuesday,West,R010,Rail,13,0,Midday,843,6.2,12,2.3,0.76,151.7,64.6
4674,2025-02-18,Tuesday,West,R004,Bus,14,15,Midday,742,6.0,10,16.0,0.57,89.0,74.3
3895,2025-02-18,Tuesday,North,R061,Tram,15,15,Midday,567,6.7,13,25.3,0.6,79.4,76.9
5007,2025-02-18,Tuesday,Central,R077,Metro,15,30,Midday,1568,0.0,16,17.0,0.84,250.9,93.8
2578,2025-02-18,Tuesday,West,R029,Tram,18,15,Evening Peak,1204,5.2,11,19.1,0.69,168.6,76.1
1213,2025-02-18,Tuesday,East,R074,Tram,19,0,Evening Peak,513,3.5,17,11.7,0.69,71.8,80.7
3678,2025-02-18,Tuesday,North,R004,Shared Mobility,20,45,Late Evening,166,5.5,15,11.4,0.42,8.3,76.8
3346,2025-02-18,Tuesday,West,R063,Rail,21,45,Late Evening,838,1.9,12,11.6,0.7,150.8,77.4
1202,2025-02-18,Tuesday,North,R040,Bus,22,0,Late Evening,490,7.0,8,15.4,0.62,58.8,62.5
2279,2025-02-18,Tuesday,Central,R050,Tram,23,15,Late Evening,577,6.3,15,5.3,0.5,80.8,73.7
2808,2025-02-18,Tuesday,North,R025,Bus,23,30,Late Evening,547,2.5,14,6.6,0.69,65.6,81.5
2218,2025-02-19,Wednesday,Central,R052,Metro,8,15,Morning Peak,1550,7.0,12,19.6,0.92,248.0,77.6
4876,2025-02-19,Wednesday,East,R051,Rail,8,45,Morning Peak,2073,9.3,11,9.2,0.86,373.1,61.1
5448,2025-02-19,Wednesday,Central,R038,Cycling,10,0,Morning Peak,463,0.0,17,27.8,0.39,41.7,76.9
5664,2025-02-19,Wednesday,South,R015,Tram,10,0,Morning Peak,889,8.0,14,21.3,0.66,124.5,69.1
3942,2025-02-19,Wednesday,South,R015,Cycling,10,45,Morning Peak,471,6.4,10,16.2,0.52,42.4,70.9
2649,2025-02-19,Wednesday,East,R028,Bus,11,45,Midday,1119,8.3,9,2.6,0.65,134.3,67.8
62,2025-02-19,Wednesday,North,R051,Bus,12,45,Midday,1438,6.3,12,4.9,0.68,172.6,77.2
1769,2025-02-19,Wednesday,East,R029,Bus,16,0,Midday,1782,7.6,12,23.3,0.76,213.8,75.8
2791,2025-02-19,Wednesday,West,R046,Rail,18,0,Evening Peak,1008,8.7,12,17.1,0.67,181.4,74.7
3169,2025-02-19,Wednesday,East,R014,Cycling,19,30,Evening Peak,299,0.0,18,1.9,0.35,26.9,81.8
4984,2025-02-19,Wednesday,East,R008,Bus,21,30,Late Evening,484,5.4,16,23.7,0.65,58.1,77.2
2289,2025-02-19,Wednesday,Central,R019,Rail,22,0,Late Evening,698,5.7,13,20.6,0.78,125.6,72.2
1917,2025-02-19,Wednesday,North,R054,Cycling,22,45,Late Evening,289,0.0,19,8.4,0.39,26.0,85.7
4279,2025-02-19,Wednesday,North,R025,Rail,22,45,Late Evening,524,4.1,14,19.1,0.68,94.3,80.0
3322,2025-02-20,Thursday,North,R028,Rail,7,0,Early Morning,1397,10.5,10,22.4,0.8,251.5,70.4
805,2025-02-20,Thursday,East,R045,Rail,10,45,Morning Peak,1396,10.0,14,19.4,0.84,251.3,70.6
1152,2025-02-20,Thursday,Central,R049,Bus,11,15,Midday,1262,8.0,12,13.1,0.73,151.4,68.7
395,2025-02-20,Thursday,South,R071,Bus,11,45,Midday,841,3.6,20,18.6,0.55,100.9,76.2
1263,2025-02-20,Thursday,East,R007,Bus,12,15,Midday,1366,6.9,9,12.3,0.8,163.9,68.7
37,2025-02-20,Thursday,South,R060,Metro,13,15,Midday,1493,5.0,14,22.1,0.82,238.9,87.0
2155,2025-02-20,Thursday,Central,R034,Bus,15,0,Midday,943,4.9,14,15.7,0.71,113.2,82.8
3412,2025-02-20,Thursday,West,R018,Bus,15,15,Midday,1250,4.6,14,11.4,0.8,150.0,88.1
314,2025-02-20,Thursday,Central,R039,Bus,15,30,Midday,993,6.5,15,24.8,0.73,119.2,81.9
841,2025-02-20,Thursday,Central,R014,Cycling,16,30,Midday,586,2.5,12,25.0,0.43,52.7,80.8
4183,2025-02-20,Thursday,West,R040,Metro,17,0,Evening Peak,2212,1.8,18,9.8,0.92,353.9,98.0
2561,2025-02-20,Thursday,South,R070,Rail,17,30,Evening Peak,1036,12.3,3,12.5,0.74,186.5,62.1
5961,2025-02-20,Thursday,South,R052,Bus,18,0,Evening Peak,1191,9.6,18,6.2,0.69,142.9,76.0
757,2025-02-20,Thursday,Central,R055,Rail,21,15,Late Evening,1102,3.8,14,3.9,0.71,198.4,87.5
4873,2025-02-20,Thursday,West,R062,Tram,21,30,Late Evening,399,5.1,14,13.0,0.6,55.9,75.8
2801,2025-02-20,Thursday,Central,R075,Bus,22,0,Late Evening,522,5.6,10,18.2,0.63,62.6,95.0
3450,2025-02-20,Thursday,West,R005,Bus,22,45,Late Evening,767,8.0,7,17.0,0.6,92.0,79.1
5952,2025-02-21,Friday,Central,R043,Tram,10,0,Morning Peak,778,5.9,11,11.5,0.58,108.9,69.9
198,2025-02-21,Friday,South,R036,Tram,10,30,Morning Peak,642,5.2,14,12.9,0.65,89.9,76.6
3654,2025-02-21,Friday,Central,R069,Tram,11,0,Midday,917,0.0,20,11.2,0.57,128.4,86.7
5918,2025-02-21,Friday,West,R069,Metro,11,15,Midday,1529,2.7,17,4.0,0.81,244.6,76.4
4987,2025-02-21,Friday,East,R031,Bus,11,45,Midday,802,3.4,19,9.6,0.72,96.2,86.8
3897,2025-02-21,Friday,West,R058,Cycling,12,30,Midday,458,2.0,15,12.5,0.44,41.2,81.3
2163,2025-02-21,Friday,East,R042,Bus,13,15,Midday,811,8.5,7,8.6,0.7,97.3,68.9
1545,2025-02-21,Friday,South,R017,Bus,13,30,Midday,620,6.6,14,13.8,0.67,74.4,68.8
4518,2025-02-21,Friday,East,R025,Bus,15,30,Midday,773,5.3,12,13.3,0.79,92.8,76.3
5376,2025-02-21,Friday,North,R059,Rail,17,15,Evening Peak,1190,10.8,9,20.7,0.57,214.2,69.3
143,2025-02-21,Friday,North,R025,Bus,20,45,Late Evening,562,7.6,11,5.1,0.59,67.4,81.3
2503,2025-02-21,Friday,South,R073,Bus,21,0,Late Evening,731,8.3,4,21.6,0.6,87.7,69.7
576,2025-02-21,Friday,Central,R023,Rail,21,45,Late Evening,634,4.3,20,7.8,0.77,114.1,77.8
3634,2025-02-22,Saturday,West,R010,Tram,6,0,Early Morning,548,6.3,14,23.8,0.6,76.7,65.0
55,2025-02-22,Saturday,West,R057,Bus,6,45,Early Morning,330,8.0,9,11.8,0.65,39.6,66.9
817,2025-02-22,Saturday,South,R016,Bus,7,15,Early Morning,738,7.3,11,13.0,0.53,88.6,85.3
413,2025-02-22,Saturday,Central,R061,Bus,9,0,Morning Peak,1136,12.1,3,10.8,0.78,136.3,63.4
3659,2025-02-22,Saturday,West,R032,Tram,9,0,Morning Peak,853,0.8,15,12.8,0.7,119.4,84.1
749,2025-02-22,Saturday,West,R030,Bus,10,0,Morning Peak,749,4.9,13,9.3,0.57,89.9,68.7
3788,2025-02-22,Saturday,South,R014,Metro,10,0,Morning Peak,1301,3.8,12,19.5,0.92,208.2,91.4
3641,2025-02-22,Saturday,Central,R031,Bus,10,15,Morning Peak,940,6.5,10,18.3,0.66,112.8,71.1
86,2025-02-22,Saturday,West,R068,Metro,10,30,Morning Peak,831,2.6,18,4.4,0.86,133.0,78.3
1303,2025-02-22,Saturday,Central,R038,Rail,10,45,Morning Peak,586,5.5,12,1.6,0.62,105.5,67.8
2075,2025-02-22,Saturday,East,R063,Bus,10,45,Morning Peak,510,9.2,8,7.6,0.61,61.2,63.8
4266,2025-02-22,Saturday,South,R001,Tram,11,45,Midday,389,4.7,13,17.2,0.43,54.5,76.5
5096,2025-02-22,Saturday,South,R006,Metro,12,45,Midday,1134,0.0,15,15.2,0.73,181.4,88.9
3791,2025-02-22,Saturday,North,R046,Bus,16,15,Midday,1260,8.2,11,4.3,0.8,151.2,64.7
216,2025-02-22,Saturday,West,R079,Tram,20,0,Late Evening,323,1.1,19,6.5,0.7,45.2,94.6
5179,2025-02-22,Saturday,West,R014,Bus,20,30,Late Evening,777,10.7,10,2.1,0.66,93.2,58.3
582,2025-02-22,Saturday,East,R038,Shared Mobility,20,45,Late Evening,259,4.6,12,20.3,0.4,13.0,68.9
1258,2025-02-23,Sunday,East,R039,Tram,7,15,Early Morning,578,3.8,19,12.6,0.66,80.9,83.6
210,2025-02-23,Sunday,North,R043,Metro,7,30,Early Morning,2330,3.4,16,16.5,0.95,372.8,78.4
3786,2025-02-23,Sunday,West,R040,Rail,7,45,Early Morning,1812,6.0,17,14.8,0.79,326.2,80.1
356,2025-02-23,Sunday,North,R042,Metro,8,30,Morning Peak,1541,6.6,8,5.7,0.82,246.6,87.4
3553,2025-02-23,Sunday,North,R003,Metro,9,15,Morning Peak,1286,9.3,10,15.3,0.78,205.8,72.6
2695,2025-02-23,Sunday,Central,R029,Cycling,9,45,Morning Peak,296,1.8,20,17.6,0.5,26.6,73.5
4122,2025-02-23,Sunday,South,R050,Metro,10,0,Morning Peak,1135,5.2,15,17.8,0.76,181.6,75.3
65,2025-02-23,Sunday,West,R026,Rail,11,0,Midday,553,4.4,12,4.0,0.66,99.5,76.0
3913,2025-02-23,Sunday,East,R077,Bus,11,15,Midday,771,5.9,14,5.6,0.56,92.5,77.9
5573,2025-02-23,Sunday,Central,R023,Metro,11,30,Midday,646,1.7,15,24.0,0.65,103.4,73.8
278,2025-02-23,Sunday,West,R051,Rail,12,30,Midday,1077,6.8,15,4.8,0.71,193.9,74.7
4742,2025-02-23,Sunday,Central,R026,Bus,14,30,Midday,691,4.8,20,18.8,0.73,82.9,81.9
5880,2025-02-23,Sunday,West,R069,Bus,14,30,Midday,943,6.5,14,5.1,0.66,113.2,70.3
1564,2025-02-23,Sunday,Central,R005,Shared Mobility,16,0,Midday,273,3.3,15,15.0,0.47,13.6,86.2
5970,2025-02-23,Sunday,East,R056,Bus,18,0,Evening Peak,698,8.6,9,5.1,0.71,83.8,74.3
5878,2025-02-23,Sunday,Central,R024,Tram,18,15,Evening Peak,906,10.0,13,20.8,0.59,126.8,56.3
679,2025-02-23,Sunday,South,R009,Metro,19,0,Evening Peak,600,4.2,11,23.3,0.79,96.0,82.0
774,2025-02-23,Sunday,Central,R049,Bus,19,15,Evening Peak,537,5.7,11,6.5,0.63,64.4,69.7
3653,2025-02-23,Sunday,Central,R027,Metro,19,15,Evening Peak,560,4.4,16,11.4,0.72,89.6,77.6
5986,2025-02-23,Sunday,North,R008,Bus,19,15,Evening Peak,544,7.9,6,27.1,0.58,65.3,62.7
410,2025-02-23,Sunday,South,R070,Cycling,20,15,Late Evening,291,2.1,20,13.9,0.4,26.2,77.2
4390,2025-02-23,Sunday,North,R049,Tram,20,30,Late Evening,459,1.2,21,1.6,0.57,64.3,74.9
2972,2025-02-24,Monday,Central,R067,Rail,8,15,Morning Peak,1757,5.4,15,8.6,0.79,316.3,60.4
2737,2025-02-24,Monday,Central,R075,Metro,10,45,Morning Peak,1234,6.5,14,25.8,0.79,197.4,75.4
39,2025-02-24,Monday,North,R032,Bus,11,15,Midday,1404,4.4,16,10.2,0.66,168.5,70.9
2318,2025-02-24,Monday,South,R035,Bus,11,15,Midday,928,5.1,13,5.2,0.64,111.4,71.1
3836,2025-02-24,Monday,South,R013,Cycling,12,0,Midday,569,2.5,15,3.3,0.52,51.2,80.4
4525,2025-02-24,Monday,North,R066,Metro,13,45,Midday,1735,2.4,14,13.7,0.85,277.6,82.9
1240,2025-02-24,Monday,East,R004,Tram,17,30,Evening Peak,800,10.5,8,19.3,0.6,112.0,68.5
4007,2025-02-24,Monday,West,R008,Metro,18,45,Evening Peak,1133,7.2,10,18.7,0.81,181.3,75.0
3629,2025-02-24,Monday,Central,R072,Metro,19,0,Evening Peak,840,2.8,14,5.4,0.76,134.4,67.8
1247,2025-02-24,Monday,West,R047,Tram,19,15,Evening Peak,768,3.4,15,21.7,0.69,107.5,81.6
4886,2025-02-24,Monday,Central,R031,Metro,19,15,Evening Peak,1299,3.6,12,14.8,0.73,207.8,72.8
5171,2025-02-24,Monday,Central,R019,Cycling,19,30,Evening Peak,353,1.4,11,13.9,0.38,31.8,80.8
1389,2025-02-24,Monday,North,R080,Rail,20,15,Late Evening,770,7.4,10,15.0,0.67,138.6,64.9
1167,2025-02-24,Monday,South,R035,Rail,20,30,Late Evening,512,4.1,15,22.0,0.52,92.2,87.6
1879,2025-02-24,Monday,South,R019,Rail,20,30,Late Evening,816,2.4,13,13.8,0.74,146.9,83.6
3711,2025-02-25,Tuesday,West,R060,Bus,7,45,Early Morning,1219,10.5,3,6.7,0.73,146.3,62.7
5349,2025-02-25,Tuesday,South,R030,Bus,8,15,Morning Peak,2293,8.5,6,10.8,0.9,275.2,69.8
5002,2025-02-25,Tuesday,East,R051,Metro,8,45,Morning Peak,1961,6.4,13,1.8,0.87,313.8,72.1
4454,2025-02-25,Tuesday,South,R011,Rail,10,15,Morning Peak,790,10.3,10,21.7,0.71,142.2,58.1
5213,2025-02-25,Tuesday,East,R075,Bus,10,45,Morning Peak,602,6.4,12,5.6,0.71,72.2,74.8
4805,2025-02-25,Tuesday,East,R035,Bus,12,0,Midday,705,5.7,6,24.9,0.68,84.6,74.9
884,2025-02-25,Tuesday,Central,R011,Rail,13,30,Midday,1039,3.8,18,21.0,0.74,187.0,82.4
2439,2025-02-25,Tuesday,North,R028,Metro,14,0,Midday,963,4.0,17,23.5,0.76,154.1,84.6
3382,2025-02-25,Tuesday,South,R029,Bus,14,45,Midday,881,6.6,14,3.5,0.59,105.7,68.6
4996,2025-02-25,Tuesday,East,R018,Rail,16,45,Midday,1684,9.2,9,7.5,0.76,303.1,70.0
866,2025-02-25,Tuesday,South,R074,Bus,19,15,Evening Peak,477,6.1,16,26.4,0.57,57.2,74.7
1623,2025-02-25,Tuesday,South,R057,Tram,21,0,Late Evening,1209,1.4,18,1.8,0.65,169.3,94.8
2724,2025-02-26,Wednesday,West,R050,Bus,9,0,Morning Peak,1118,7.9,11,20.5,0.63,134.2,59.7
4272,2025-02-26,Wednesday,Central,R022,Metro,9,0,Morning Peak,1961,6.1,14,23.6,0.91,313.8,85.4
5782,2025-02-26,Wednesday,South,R043,Bus,10,15,Morning Peak,673,8.0,9,25.2,0.73,80.8,76.3
4656,2025-02-26,Wednesday,Central,R078,Bus,10,30,Morning Peak,915,5.1,18,11.1,0.64,109.8,79.5
3565,2025-02-26,Wednesday,Central,R044,Rail,11,0,Midday,542,6.0,14,8.6,0.72,97.6,60.1
585,2025-02-26,Wednesday,Central,R012,Rail,13,45,Midday,891,0.0,18,23.4,0.68,160.4,92.1
1431,2025-02-26,Wednesday,Central,R019,Cycling,14,0,Midday,728,1.9,13,11.1,0.49,65.5,87.6
3901,2025-02-26,Wednesday,East,R049,Metro,15,0,Midday,1570,3.3,16,8.4,0.83,251.2,88.4
2914,2025-02-26,Wednesday,East,R029,Bus,19,0,Evening Peak,742,7.6,9,8.2,0.72,89.0,71.8
2830,2025-02-26,Wednesday,North,R055,Shared Mobility,19,30,Evening Peak,267,0.4,19,24.2,0.37,13.4,88.7
4302,2025-02-26,Wednesday,East,R069,Shared Mobility,20,0,Late Evening,167,0.0,22,3.9,0.45,8.4,89.5
1720,2025-02-27,Thursday,East,R010,Bus,6,15,Early Morning,943,8.0,10,15.5,0.72,113.2,67.7
4310,2025-02-27,Thursday,North,R007,Shared Mobility,6,30,Early Morning,165,0.0,19,24.1,0.33,8.2,77.1
4050,2025-02-27,Thursday,East,R035,Metro,6,45,Early Morning,875,4.5,11,13.5,0.76,140.0,67.1
2947,2025-02-27,Thursday,Central,R042,Metro,8,30,Morning Peak,1582,4.5,12,24.1,0.92,253.1,90.8
403,2025-02-27,Thursday,South,R065,Rail,9,15,Morning Peak,980,9.7,3,4.8,0.68,176.4,71.0
1748,2025-02-27,Thursday,South,R065,Metro,9,15,Morning Peak,1856,3.8,11,26.0,0.82,297.0,88.1
5419,2025-02-27,Thursday,West,R017,Metro,10,30,Morning Peak,1515,6.5,11,21.6,0.85,242.4,80.8
4980,2025-02-27,Thursday,West,R007,Metro,10,45,Morning Peak,1782,3.6,15,20.8,0.8,285.1,92.7
5887,2025-02-27,Thursday,West,R027,Cycling,14,0,Midday,243,0.8,19,12.8,0.47,21.9,89.7
4458,2025-02-27,Thursday,West,R077,Bus,16,15,Midday,667,6.0,15,15.7,0.79,80.0,67.5
5139,2025-02-27,Thursday,South,R039,Metro,16,15,Midday,2524,8.9,12,13.3,1.0,403.8,70.3
5249,2025-02-27,Thursday,East,R074,Metro,16,15,Midday,1792,8.2,7,18.3,0.81,286.7,73.3
656,2025-02-27,Thursday,South,R035,Metro,16,45,Midday,883,7.0,7,10.2,0.83,141.3,60.7
357,2025-02-27,Thursday,Central,R005,Metro,18,15,Evening Peak,1279,5.2,13,27.5,0.78,204.6,83.0
437,2025-02-27,Thursday,Central,R074,Bus,18,15,Evening Peak,761,8.8,7,23.3,0.72,91.3,65.3
5246,2025-02-27,Thursday,South,R035,Bus,20,30,Late Evening,522,5.9,11,3.7,0.75,62.6,80.5
445,2025-02-27,Thursday,North,R080,Metro,20,45,Late Evening,871,0.5,17,11.5,0.8,139.4,82.7
645,2025-02-27,Thursday,North,R052,Bus,21,0,Late Evening,1189,10.4,6,22.3,0.78,142.7,50.5
2292,2025-02-27,Thursday,South,R059,Metro,22,15,Late Evening,869,2.5,14,6.9,0.79,139.0,85.8
1312,2025-02-28,Friday,East,R001,Bus,5,45,Early Morning,506,7.5,11,24.2,0.65,60.7,82.6
3969,2025-02-28,Friday,East,R037,Metro,8,0,Morning Peak,1617,6.4,5,2.7,0.87,258.7,75.2
31,2025-02-28,Friday,East,R075,Metro,9,45,Morning Peak,1765,5.2,8,20.9,0.86,282.4,76.7
5427,2025-02-28,Friday,Central,R079,Metro,10,0,Morning Peak,1358,6.4,9,21.2,0.71,217.3,79.9
1449,2025-02-28,Friday,North,R009,Bus,10,45,Morning Peak,898,4.5,15,17.1,0.61,107.8,83.6
1897,2025-02-28,Friday,South,R037,Rail,10,45,Morning Peak,851,4.7,12,16.6,0.69,153.2,75.5
3666,2025-02-28,Friday,West,R041,Tram,11,0,Midday,363,4.9,15,11.8,0.55,50.8,76.7
3856,2025-02-28,Friday,East,R067,Rail,11,0,Midday,975,2.3,15,18.2,0.8,175.5,79.5
1547,2025-02-28,Friday,Central,R058,Metro,11,45,Midday,1068,2.4,21,27.0,0.77,170.9,91.4
1637,2025-02-28,Friday,South,R009,Rail,15,45,Midday,1404,6.8,9,22.2,0.87,252.7,70.3
2016,2025-02-28,Friday,West,R020,Rail,16,30,Midday,845,8.4,8,21.9,0.74,152.1,68.2
5355,2025-02-28,Friday,West,R019,Rail,17,0,Evening Peak,1136,7.0,9,10.3,0.86,204.5,61.8
1638,2025-02-28,Friday,South,R001,Metro,17,15,Evening Peak,1780,4.8,17,27.7,0.84,284.8,89.5
4910,2025-02-28,Friday,North,R002,Bus,18,0,Evening Peak,891,8.4,10,27.4,0.78,106.9,66.8
2925,2025-02-28,Friday,North,R032,Metro,18,45,Evening Peak,1114,8.0,13,23.3,0.91,178.2,81.8
4893,2025-02-28,Friday,North,R018,Rail,18,45,Evening Peak,2007,8.9,10,21.3,0.93,361.3,75.8
3265,2025-02-28,Friday,East,R036,Rail,19,30,Evening Peak,728,9.1,7,7.9,0.79,131.0,68.9
4160,2025-02-28,Friday,South,R031,Bus,19,30,Evening Peak,1175,5.6,9,24.2,0.68,141.0,75.5
4726,2025-02-28,Friday,Central,R066,Tram,19,30,Evening Peak,335,2.4,12,26.3,0.62,46.9,74.2
4276,2025-02-28,Friday,South,R036,Bus,20,0,Late Evening,477,2.2,16,5.6,0.66,57.2,95.3
3881,2025-02-28,Friday,East,R073,Metro,20,30,Late Evening,1607,1.7,16,13.2,0.89,257.1,75.9
4746,2025-02-28,Friday,South,R052,Metro,20,45,Late Evening,857,5.9,13,2.5,0.74,137.1,74.2
3013,2025-02-28,Friday,Central,R058,Bus,21,0,Late Evening,885,3.6,18,7.7,0.69,106.2,88.7
3433,2025-02-28,Friday,West,R059,Cycling,21,30,Late Evening,316,0.9,19,9.9,0.38,28.4,83.5
4693,2025-02-28,Friday,East,R056,Rail,22,0,Late Evening,625,7.0,7,3.3,0.75,112.5,65.3
4354,2025-02-28,Friday,Central,R017,Cycling,22,45,Late Evening,256,2.6,13,3.1,0.35,23.0,87.2
263,2025-03-01,Saturday,Central,R015,Bus,6,30,Early Morning,596,8.3,11,13.1,0.72,71.5,67.5
1761,2025-03-01,Saturday,East,R065,Bus,8,30,Morning Peak,1145,10.0,6,17.9,0.69,137.4,66.4
2745,2025-03-01,Saturday,Central,R038,Metro,9,0,Morning Peak,1051,4.4,6,2.7,0.79,168.2,79.5
5776,2025-03-01,Saturday,East,R020,Bus,9,45,Morning Peak,907,12.6,8,10.9,0.71,108.8,63.1
414,2025-03-01,Saturday,Central,R036,Metro,10,30,Morning Peak,939,3.2,12,15.2,0.74,150.2,74.2
1032,2025-03-01,Saturday,South,R019,Rail,10,45,Morning Peak,699,3.3,9,14.7,0.7,125.8,87.5
4696,2025-03-01,Saturday,North,R047,Bus,10,45,Morning Peak,627,2.3,17,10.8,0.51,75.2,87.8
1689,2025-03-01,Saturday,Central,R067,Rail,12,15,Midday,791,2.8,14,23.5,0.74,142.4,78.5
5003,2025-03-01,Saturday,West,R069,Bus,16,15,Midday,891,8.6,5,25.9,0.65,106.9,77.6
5489,2025-03-01,Saturday,Central,R042,Cycling,17,45,Evening Peak,505,3.9,14,27.1,0.49,45.4,84.2
5416,2025-03-01,Saturday,West,R010,Bus,20,0,Late Evening,776,8.7,11,14.1,0.69,93.1,63.8
2222,2025-03-01,Saturday,North,R029,Bus,21,0,Late Evening,798,5.5,14,19.3,0.55,95.8,80.2
2429,2025-03-01,Saturday,Central,R077,Bus,21,0,Late Evening,615,3.0,12,6.8,0.71,73.8,80.7
2521,2025-03-01,Saturday,Central,R045,Metro,21,15,Late Evening,733,1.7,20,4.0,0.82,117.3,94.6
3030,2025-03-01,Saturday,South,R021,Bus,21,45,Late Evening,364,8.9,11,12.7,0.69,43.7,68.8
1572,2025-03-02,Sunday,South,R014,Tram,5,30,Early Morning,355,2.4,17,9.8,0.45,49.7,86.6
2896,2025-03-02,Sunday,South,R050,Metro,7,45,Early Morning,1821,5.8,11,6.0,0.86,291.4,80.6
4825,2025-03-02,Sunday,Central,R043,Rail,8,0,Morning Peak,883,5.9,10,25.6,0.66,158.9,75.7
1533,2025-03-02,Sunday,East,R040,Bus,9,0,Morning Peak,760,2.6,15,13.9,0.72,91.2,81.1
871,2025-03-02,Sunday,West,R022,Bus,9,30,Morning Peak,1106,8.0,14,20.4,0.62,132.7,66.3
839,2025-03-02,Sunday,Central,R022,Metro,10,15,Morning Peak,932,0.0,18,20.6,0.79,149.1,84.4
2789,2025-03-02,Sunday,East,R063,Bus,10,45,Morning Peak,850,6.3,9,28.0,0.72,102.0,72.7
4482,2025-03-02,Sunday,East,R059,Bus,11,0,Midday,589,9.7,8,13.6,0.71,70.7,59.9
1412,2025-03-02,Sunday,East,R002,Bus,11,45,Midday,1018,7.4,13,18.5,0.68,122.2,70.9
4419,2025-03-02,Sunday,Central,R037,Metro,12,15,Midday,1135,3.7,12,25.0,0.68,181.6,86.8
2895,2025-03-02,Sunday,Central,R044,Metro,13,45,Midday,962,3.6,8,27.7,0.65,153.9,91.6
4772,2025-03-02,Sunday,East,R072,Bus,14,30,Midday,760,3.4,13,5.4,0.7,91.2,80.9
4855,2025-03-02,Sunday,West,R001,Tram,15,0,Midday,656,6.1,11,11.8,0.53,91.8,68.9
4860,2025-03-02,Sunday,Central,R079,Bus,16,30,Midday,831,7.6,14,9.9,0.65,99.7,67.6
5342,2025-03-02,Sunday,Central,R021,Rail,17,45,Evening Peak,1261,7.1,17,12.3,0.75,227.0,80.8
3609,2025-03-02,Sunday,Central,R007,Bus,20,30,Late Evening,610,5.2,12,4.1,0.66,73.2,80.8
3918,2025-03-02,Sunday,East,R034,Bus,21,0,Late Evening,432,8.2,11,18.1,0.56,51.8,69.4
3221,2025-03-02,Sunday,Central,R060,Bus,22,15,Late Evening,566,5.6,18,20.7,0.65,67.9,79.5
4516,2025-03-02,Sunday,East,R015,Bus,22,15,Late Evening,409,3.4,13,19.2,0.61,49.1,74.1
1540,2025-03-03,Monday,East,R015,Rail,5,0,Early Morning,602,2.7,12,27.8,0.67,108.4,71.1
4624,2025-03-03,Monday,West,R077,Metro,5,45,Early Morning,796,1.3,15,5.3,0.84,127.4,70.8
3163,2025-03-03,Monday,North,R012,Tram,6,45,Early Morning,478,5.6,16,14.5,0.67,66.9,74.0
562,2025-03-03,Monday,North,R048,Cycling,8,30,Morning Peak,777,4.0,8,7.8,0.5,69.9,77.9
162,2025-03-03,Monday,South,R053,Shared Mobility,9,0,Morning Peak,586,4.3,11,17.1,0.42,29.3,77.5
117,2025-03-03,Monday,Central,R012,Bus,11,15,Midday,559,8.3,10,26.4,0.65,67.1,62.4
4703,2025-03-03,Monday,West,R031,Tram,11,15,Midday,342,6.4,11,25.2,0.57,47.9,67.3
4737,2025-03-03,Monday,Central,R007,Rail,11,45,Midday,618,5.4,11,15.5,0.74,111.2,76.6
4766,2025-03-03,Monday,North,R032,Metro,11,45,Midday,767,7.0,12,17.5,0.67,122.7,70.1
1575,2025-03-03,Monday,East,R071,Metro,13,0,Midday,1261,3.6,15,25.0,0.79,201.8,87.7
974,2025-03-03,Monday,South,R047,Metro,15,0,Midday,883,0.4,20,2.9,0.81,141.3,83.8
2476,2025-03-03,Monday,South,R061,Tram,17,15,Evening Peak,1010,7.3,12,14.8,0.53,141.4,68.5
1048,2025-03-03,Monday,West,R016,Metro,18,0,Evening Peak,1614,3.6,15,25.2,0.8,258.2,82.8
3923,2025-03-03,Monday,North,R017,Bus,19,45,Evening Peak,607,8.3,11,25.0,0.59,72.8,59.3
2466,2025-03-03,Monday,East,R030,Rail,20,45,Late Evening,460,5.7,9,5.4,0.68,82.8,78.6
3345,2025-03-03,Monday,East,R075,Rail,21,30,Late Evening,587,3.7,22,2.7,0.74,105.7,72.7
4694,2025-03-03,Monday,North,R063,Rail,21,30,Late Evening,915,8.3,6,4.2,0.71,164.7,79.4
4304,2025-03-03,Monday,North,R028,Rail,23,45,Late Evening,723,5.6,18,14.6,0.74,130.1,80.9
5604,2025-03-04,Tuesday,Central,R026,Shared Mobility,5,15,Early Morning,182,1.6,15,17.7,0.43,9.1,74.0
4412,2025-03-04,Tuesday,Central,R048,Metro,7,45,Early Morning,1332,7.5,6,8.2,0.83,213.1,67.3
1064,2025-03-04,Tuesday,Central,R006,Metro,9,0,Morning Peak,3003,5.7,11,12.0,0.97,480.5,81.2
4208,2025-03-04,Tuesday,West,R039,Metro,10,0,Morning Peak,987,9.5,10,4.2,0.81,157.9,53.0
5598,2025-03-04,Tuesday,West,R037,Bus,10,45,Morning Peak,985,9.0,8,26.1,0.7,118.2,68.4
1210,2025-03-04,Tuesday,North,R036,Tram,11,0,Midday,655,2.8,15,16.1,0.61,91.7,93.1
2463,2025-03-04,Tuesday,Central,R076,Rail,11,30,Midday,1042,3.0,16,5.8,0.7,187.6,86.4
3004,2025-03-04,Tuesday,North,R063,Bus,11,30,Midday,1055,3.0,14,27.3,0.71,126.6,90.2
4792,2025-03-04,Tuesday,South,R004,Bus,11,30,Midday,881,5.9,16,7.5,0.69,105.7,68.8
1176,2025-03-04,Tuesday,West,R013,Bus,11,45,Midday,1393,3.7,13,21.2,0.74,167.2,95.8
1198,2025-03-04,Tuesday,South,R075,Cycling,11,45,Midday,239,2.0,17,2.6,0.44,21.5,87.2
2082,2025-03-04,Tuesday,West,R034,Tram,12,0,Midday,681,7.6,11,13.5,0.66,95.3,81.6
398,2025-03-04,Tuesday,North,R048,Tram,12,30,Midday,747,7.3,10,8.6,0.59,104.6,61.3
5436,2025-03-04,Tuesday,South,R057,Cycling,13,45,Midday,299,1.9,22,8.3,0.52,26.9,72.5
3128,2025-03-04,Tuesday,East,R056,Bus,14,30,Midday,1197,5.6,16,20.5,0.71,143.6,80.3
139,2025-03-04,Tuesday,South,R005,Shared Mobility,14,45,Midday,413,0.4,15,3.4,0.36,20.7,80.4
732,2025-03-04,Tuesday,East,R013,Bus,17,0,Evening Peak,1158,7.4,12,21.1,0.75,139.0,72.5
102,2025-03-04,Tuesday,Central,R065,Rail,17,30,Evening Peak,1364,7.9,5,27.3,0.76,245.5,85.2
5226,2025-03-04,Tuesday,Central,R014,Bus,19,30,Evening Peak,413,10.0,11,8.1,0.64,49.6,67.8
3368,2025-03-04,Tuesday,Central,R037,Metro,20,0,Late Evening,908,1.0,13,25.0,0.85,145.3,92.7
3539,2025-03-04,Tuesday,West,R061,Bus,20,15,Late Evening,412,7.4,15,1.6,0.61,49.4,72.1
1551,2025-03-04,Tuesday,North,R078,Cycling,23,30,Late Evening,334,1.5,13,25.3,0.42,30.1,76.0
4472,2025-03-04,Tuesday,West,R007,Rail,23,30,Late Evening,622,9.1,9,6.7,0.63,112.0,75.4
1791,2025-03-05,Wednesday,South,R058,Bus,8,15,Morning Peak,890,11.5,7,22.9,0.64,106.8,71.8
4733,2025-03-05,Wednesday,Central,R039,Metro,9,0,Morning Peak,1323,6.8,16,6.3,0.87,211.7,68.8
1367,2025-03-05,Wednesday,North,R074,Tram,9,30,Morning Peak,913,5.5,8,9.1,0.74,127.8,63.5
3483,2025-03-05,Wednesday,East,R008,Rail,10,15,Morning Peak,1127,7.3,15,7.0,0.71,202.9,61.0
4973,2025-03-05,Wednesday,North,R058,Bus,14,15,Midday,966,12.2,3,20.1,0.69,115.9,69.2
4898,2025-03-05,Wednesday,North,R054,Bus,15,30,Midday,1020,6.8,18,11.0,0.72,122.4,64.3
5630,2025-03-05,Wednesday,North,R015,Bus,17,30,Evening Peak,1582,10.5,5,9.4,0.83,189.8,60.7
3168,2025-03-05,Wednesday,Central,R068,Bus,18,15,Evening Peak,1848,8.4,9,14.1,0.8,221.8,68.6
3393,2025-03-05,Wednesday,North,R035,Metro,22,0,Late Evening,1070,0.0,19,2.2,0.76,171.2,86.6
1990,2025-03-05,Wednesday,East,R078,Metro,22,30,Late Evening,841,2.7,11,8.0,0.64,134.6,86.4
5568,2025-03-05,Wednesday,East,R051,Metro,23,0,Late Evening,1060,2.4,16,27.0,0.79,169.6,94.2
3776,2025-03-06,Thursday,South,R007,Rail,5,30,Early Morning,1079,6.0,9,19.2,0.72,194.2,66.7
5035,2025-03-06,Thursday,Central,R012,Tram,7,45,Early Morning,1017,7.4,9,19.1,0.7,142.4,71.5
4356,2025-03-06,Thursday,Central,R052,Shared Mobility,9,0,Morning Peak,406,5.2,13,7.5,0.42,20.3,83.2
4215,2025-03-06,Thursday,East,R014,Rail,10,30,Morning Peak,1353,1.8,19,14.2,0.79,243.5,87.3
1517,2025-03-06,Thursday,Central,R047,Metro,11,15,Midday,1531,4.6,14,24.6,0.84,245.0,81.4
5948,2025-03-06,Thursday,Central,R061,Rail,12,15,Midday,1581,6.4,10,8.7,0.84,284.6,80.6
5449,2025-03-06,Thursday,South,R039,Metro,14,15,Midday,803,1.9,13,25.8,0.72,128.5,92.5
95,2025-03-06,Thursday,North,R068,Bus,19,15,Evening Peak,981,7.7,8,24.6,0.66,117.7,84.5
2110,2025-03-06,Thursday,West,R073,Cycling,20,0,Late Evening,197,1.4,14,23.0,0.31,17.7,79.0
3181,2025-03-06,Thursday,East,R012,Rail,20,30,Late Evening,838,7.3,9,21.1,0.69,150.8,72.2
3577,2025-03-06,Thursday,Central,R015,Cycling,20,30,Late Evening,297,0.0,17,24.1,0.44,26.7,82.1
724,2025-03-06,Thursday,North,R067,Bus,20,45,Late Evening,667,3.3,19,26.1,0.69,80.0,72.3
3698,2025-03-06,Thursday,North,R019,Shared Mobility,21,0,Late Evening,432,1.9,14,14.4,0.4,21.6,89.6
2907,2025-03-06,Thursday,West,R049,Bus,21,30,Late Evening,683,4.2,11,7.2,0.67,82.0,81.9
513,2025-03-06,Thursday,Central,R017,Bus,21,45,Late Evening,493,9.8,7,24.8,0.64,59.2,66.0
2484,2025-03-06,Thursday,North,R024,Rail,22,0,Late Evening,619,6.7,13,2.0,0.72,111.4,82.0
2915,2025-03-07,Friday,North,R062,Bus,5,15,Early Morning,743,4.6,15,15.2,0.75,89.2,78.0
2351,2025-03-07,Friday,Central,R053,Bus,8,45,Morning Peak,513,8.5,6,25.1,0.55,61.6,77.4
1925,2025-03-07,Friday,East,R047,Bus,9,30,Morning Peak,1019,5.5,12,18.5,0.66,122.3,71.9
159,2025-03-07,Friday,South,R015,Bus,9,45,Morning Peak,1294,11.5,9,12.2,0.68,155.3,71.9
5308,2025-03-07,Friday,West,R030,Rail,11,30,Midday,1200,8.4,5,21.1,0.75,216.0,79.9
785,2025-03-07,Friday,South,R042,Bus,13,15,Midday,617,9.9,8,2.3,0.67,74.0,53.2
3614,2025-03-07,Friday,South,R036,Metro,14,0,Midday,1570,6.1,7,3.2,0.87,251.2,82.0
2688,2025-03-07,Friday,South,R060,Tram,17,15,Evening Peak,1120,5.7,11,19.9,0.71,156.8,76.3
2386,2025-03-07,Friday,East,R047,Bus,20,15,Late Evening,799,7.2,8,18.0,0.66,95.9,71.9
5777,2025-03-07,Friday,West,R018,Bus,20,45,Late Evening,539,5.5,15,18.7,0.63,64.7,72.9
1965,2025-03-07,Friday,North,R057,Bus,21,15,Late Evening,475,10.0,10,27.6,0.66,57.0,61.0
3065,2025-03-07,Friday,North,R034,Rail,21,30,Late Evening,797,6.6,7,2.4,0.65,143.5,72.1
2950,2025-03-07,Friday,Central,R076,Shared Mobility,23,15,Late Evening,151,2.8,15,27.3,0.36,7.6,77.2
1075,2025-03-08,Saturday,South,R063,Tram,9,15,Morning Peak,505,6.5,18,12.6,0.74,70.7,57.5
5276,2025-03-08,Saturday,Central,R012,Metro,9,45,Morning Peak,1823,6.5,8,7.4,0.92,291.7,77.2
3404,2025-03-08,Saturday,Central,R060,Bus,10,30,Morning Peak,506,5.6,13,4.7,0.55,60.7,82.7
3077,2025-03-08,Saturday,East,R044,Cycling,10,45,Morning Peak,352,2.2,15,23.3,0.52,31.7,85.8
3208,2025-03-08,Saturday,Central,R039,Rail,10,45,Morning Peak,748,3.8,16,12.2,0.59,134.6,83.1
921,2025-03-08,Saturday,Central,R012,Tram,13,15,Midday,340,4.3,19,12.5,0.45,47.6,61.1
2380,2025-03-08,Saturday,South,R046,Tram,13,45,Midday,886,3.9,10,23.4,0.67,124.0,77.1
1262,2025-03-08,Saturday,South,R015,Rail,14,30,Midday,783,7.5,11,25.8,0.73,140.9,76.2
2290,2025-03-08,Saturday,East,R026,Rail,18,15,Evening Peak,1422,9.8,10,19.4,0.69,256.0,72.4
3576,2025-03-08,Saturday,Central,R036,Bus,20,30,Late Evening,464,5.2,12,23.1,0.56,55.7,79.5
2936,2025-03-09,Sunday,North,R026,Bus,6,45,Early Morning,480,5.2,12,11.8,0.52,57.6,79.6
2261,2025-03-09,Sunday,North,R037,Tram,9,15,Morning Peak,883,7.7,12,25.4,0.66,123.6,87.2
5240,2025-03-09,Sunday,West,R028,Metro,9,15,Morning Peak,1765,4.4,16,9.2,0.99,282.4,91.6
5681,2025-03-09,Sunday,East,R050,Bus,9,15,Morning Peak,1057,8.7,12,5.4,0.73,126.8,71.1
3151,2025-03-09,Sunday,South,R037,Metro,9,30,Morning Peak,1547,5.8,12,20.9,0.8,247.5,79.2
4372,2025-03-09,Sunday,East,R026,Cycling,10,15,Morning Peak,482,0.1,17,25.0,0.47,43.4,95.6
2411,2025-03-09,Sunday,South,R041,Tram,13,0,Midday,322,3.3,20,20.5,0.57,45.1,76.8
920,2025-03-09,Sunday,North,R039,Tram,13,15,Midday,335,6.3,13,26.9,0.65,46.9,72.1
3892,2025-03-09,Sunday,Central,R027,Bus,13,15,Midday,663,5.8,11,14.8,0.63,79.6,75.3
3949,2025-03-09,Sunday,East,R007,Cycling,14,15,Midday,465,1.1,21,6.6,0.53,41.8,80.8
2217,2025-03-09,Sunday,North,R055,Tram,14,45,Midday,480,9.3,10,13.9,0.57,67.2,80.7
4854,2025-03-09,Sunday,North,R072,Bus,15,45,Midday,785,11.3,6,26.3,0.69,94.2,63.9
299,2025-03-09,Sunday,South,R057,Bus,16,0,Midday,1463,8.7,7,1.6,0.81,175.6,72.2
1585,2025-03-09,Sunday,North,R060,Bus,21,30,Late Evening,611,9.4,4,27.8,0.53,73.3,76.3
3438,2025-03-09,Sunday,North,R052,Cycling,22,15,Late Evening,187,3.2,14,5.1,0.45,16.8,80.7
4065,2025-03-09,Sunday,West,R030,Bus,22,15,Late Evening,422,5.6,13,22.1,0.55,50.6,81.4
579,2025-03-10,Monday,East,R060,Shared Mobility,8,30,Morning Peak,740,6.2,9,11.6,0.46,37.0,72.0
4506,2025-03-10,Monday,South,R061,Bus,8,45,Morning Peak,1812,7.7,15,18.7,0.8,217.4,70.7
814,2025-03-10,Monday,South,R059,Tram,10,30,Morning Peak,1039,4.2,14,15.8,0.62,145.5,74.2
4274,2025-03-10,Monday,East,R040,Metro,11,0,Midday,1432,7.8,15,2.6,0.8,229.1,67.7
2879,2025-03-10,Monday,Central,R054,Rail,12,0,Midday,656,6.7,15,8.7,0.62,118.1,84.0
2805,2025-03-10,Monday,Central,R041,Metro,13,45,Midday,743,1.7,21,15.7,0.78,118.9,98.0
3439,2025-03-10,Monday,North,R004,Bus,14,15,Midday,912,8.0,7,19.5,0.62,109.4,60.8
1022,2025-03-10,Monday,East,R062,Bus,15,45,Midday,949,8.6,8,11.6,0.72,113.9,64.5
4113,2025-03-10,Monday,Central,R004,Metro,15,45,Midday,1416,5.4,17,10.7,0.92,226.6,77.9
470,2025-03-10,Monday,South,R065,Rail,16,15,Midday,1622,2.4,9,6.0,0.72,292.0,86.3
5541,2025-03-10,Monday,South,R030,Rail,18,30,Evening Peak,1110,5.5,14,26.1,0.76,199.8,66.3
1121,2025-03-10,Monday,North,R051,Rail,18,45,Evening Peak,1864,9.5,8,8.4,0.95,335.5,64.7
1393,2025-03-10,Monday,West,R016,Tram,19,30,Evening Peak,499,3.7,19,15.6,0.55,69.9,91.4
4414,2025-03-10,Monday,Central,R003,Bus,19,45,Evening Peak,482,6.5,18,9.4,0.62,57.8,63.3
2229,2025-03-10,Monday,South,R035,Bus,20,15,Late Evening,430,9.5,6,18.5,0.61,51.6,58.7
459,2025-03-10,Monday,North,R038,Bus,21,30,Late Evening,597,4.1,15,15.6,0.63,71.6,76.5
2541,2025-03-10,Monday,North,R010,Metro,22,15,Late Evening,1209,1.9,18,12.8,0.81,193.4,80.3
2077,2025-03-10,Monday,North,R001,Metro,23,15,Late Evening,760,8.0,11,1.9,0.71,121.6,73.0
3500,2025-03-11,Tuesday,East,R069,Bus,8,0,Morning Peak,1358,7.5,13,12.8,0.76,163.0,61.8
2704,2025-03-11,Tuesday,South,R015,Cycling,8,45,Morning Peak,493,5.5,11,24.8,0.34,44.4,75.8
3509,2025-03-11,Tuesday,East,R025,Tram,9,0,Morning Peak,1122,6.8,9,25.7,0.62,157.1,59.6
628,2025-03-11,Tuesday,Central,R041,Metro,10,45,Morning Peak,1672,4.2,14,9.5,0.83,267.5,83.9
5321,2025-03-11,Tuesday,West,R076,Metro,11,0,Midday,1163,5.2,10,7.1,0.87,186.1,77.8
2276,2025-03-11,Tuesday,Central,R059,Cycling,11,30,Midday,686,0.0,20,16.9,0.44,61.7,89.4
2849,2025-03-11,Tuesday,West,R065,Shared Mobility,12,0,Midday,368,3.1,11,9.1,0.43,18.4,79.2
4794,2025-03-11,Tuesday,East,R014,Shared Mobility,12,45,Midday,408,2.8,16,18.7,0.43,20.4,79.3
2813,2025-03-11,Tuesday,West,R014,Shared Mobility,13,0,Midday,348,5.8,11,27.1,0.44,17.4,84.0
5657,2025-03-11,Tuesday,South,R074,Shared Mobility,16,30,Midday,611,2.7,12,7.1,0.51,30.6,66.3
3946,2025-03-11,Tuesday,North,R057,Metro,18,30,Evening Peak,1320,8.1,11,5.0,0.82,211.2,67.4
4201,2025-03-11,Tuesday,North,R028,Tram,19,30,Evening Peak,345,5.3,10,13.4,0.6,48.3,76.4
947,2025-03-11,Tuesday,North,R070,Tram,19,45,Evening Peak,828,3.9,16,13.9,0.58,115.9,72.8
2864,2025-03-11,Tuesday,South,R046,Metro,22,30,Late Evening,701,4.5,18,13.2,0.64,112.2,78.7
4727,2025-03-12,Wednesday,North,R046,Rail,10,15,Morning Peak,1001,6.1,9,5.0,0.69,180.2,76.0
2186,2025-03-12,Wednesday,South,R019,Shared Mobility,10,30,Morning Peak,369,2.3,15,7.8,0.45,18.4,70.5
4978,2025-03-12,Wednesday,East,R066,Bus,12,45,Midday,1024,6.0,14,7.4,0.78,122.9,78.3
2728,2025-03-12,Wednesday,Central,R072,Rail,13,45,Midday,725,8.4,12,18.1,0.66,130.5,76.2
5479,2025-03-12,Wednesday,West,R058,Metro,14,0,Midday,1061,4.2,17,15.4,0.75,169.8,72.0
5620,2025-03-12,Wednesday,West,R046,Metro,16,30,Midday,1460,7.7,10,11.4,0.85,233.6,68.5
4612,2025-03-12,Wednesday,North,R021,Bus,17,15,Evening Peak,925,12.0,8,11.7,0.72,111.0,53.1
4318,2025-03-12,Wednesday,Central,R041,Tram,19,15,Evening Peak,514,4.5,10,21.8,0.61,72.0,69.9
2971,2025-03-13,Thursday,South,R039,Bus,5,0,Early Morning,446,6.0,19,6.5,0.49,53.5,61.9
4588,2025-03-13,Thursday,Central,R037,Shared Mobility,6,0,Early Morning,305,0.0,18,1.9,0.41,15.2,79.1
2674,2025-03-13,Thursday,Central,R012,Bus,7,45,Early Morning,1182,11.4,12,7.7,0.73,141.8,52.4
1794,2025-03-13,Thursday,East,R006,Metro,10,15,Morning Peak,1598,5.2,16,9.9,0.82,255.7,76.0
3281,2025-03-13,Thursday,North,R042,Cycling,11,30,Midday,491,3.3,15,6.6,0.52,44.2,67.9
5196,2025-03-13,Thursday,Central,R045,Tram,12,0,Midday,1024,2.2,13,20.2,0.72,143.4,73.6
5,2025-03-13,Thursday,Central,R058,Metro,12,15,Midday,1180,5.4,14,15.5,0.82,188.8,79.8
3603,2025-03-13,Thursday,West,R041,Metro,12,15,Midday,1081,3.3,13,14.3,0.89,173.0,84.4
5595,2025-03-13,Thursday,Central,R003,Shared Mobility,13,15,Midday,558,2.7,25,7.4,0.45,27.9,75.5
5871,2025-03-13,Thursday,East,R017,Bus,13,15,Midday,977,6.5,10,4.2,0.8,117.2,70.0
1790,2025-03-13,Thursday,Central,R012,Metro,13,45,Midday,1416,2.6,13,5.7,0.72,226.6,97.0
4993,2025-03-13,Thursday,North,R037,Cycling,14,0,Midday,665,0.3,20,6.9,0.53,59.8,82.3
1760,2025-03-13,Thursday,North,R031,Bus,14,30,Midday,662,3.8,14,2.4,0.53,79.4,81.7
5408,2025-03-13,Thursday,South,R013,Metro,17,45,Evening Peak,1297,2.4,16,16.9,0.8,207.5,89.5
5106,2025-03-13,Thursday,North,R066,Rail,18,30,Evening Peak,1211,8.7,8,6.3,0.75,218.0,64.4
1548,2025-03-13,Thursday,East,R057,Metro,18,45,Evening Peak,2586,8.9,16,19.5,0.96,413.8,81.6
765,2025-03-13,Thursday,Central,R057,Bus,21,30,Late Evening,713,6.5,9,15.0,0.68,85.6,72.0
2210,2025-03-13,Thursday,South,R044,Rail,21,30,Late Evening,674,2.9,15,8.7,0.7,121.3,86.5
3215,2025-03-13,Thursday,South,R011,Tram,21,45,Late Evening,470,1.4,15,6.6,0.49,65.8,84.3
5088,2025-03-13,Thursday,West,R031,Bus,22,45,Late Evening,797,7.1,10,6.3,0.68,95.6,71.9
1527,2025-03-14,Friday,East,R004,Bus,7,0,Early Morning,942,11.0,13,20.0,0.69,113.0,73.5
4398,2025-03-14,Friday,South,R022,Metro,8,30,Morning Peak,2595,7.9,7,12.4,0.89,415.2,68.2
4379,2025-03-14,Friday,Central,R026,Cycling,9,0,Morning Peak,608,1.1,14,10.1,0.41,54.7,80.2
4954,2025-03-14,Friday,North,R036,Tram,9,30,Morning Peak,659,9.9,8,5.1,0.71,92.3,59.5
4444,2025-03-14,Friday,North,R030,Tram,10,0,Morning Peak,516,6.9,12,3.6,0.54,72.2,72.5
5354,2025-03-14,Friday,West,R019,Shared Mobility,11,0,Midday,188,0.6,10,10.2,0.33,9.4,82.6
5907,2025-03-14,Friday,Central,R027,Metro,11,0,Midday,1144,1.2,20,7.7,0.85,183.0,90.5
1846,2025-03-14,Friday,North,R028,Metro,11,15,Midday,1453,1.8,17,8.0,0.96,232.5,80.7
2083,2025-03-14,Friday,West,R019,Tram,11,30,Midday,594,2.8,13,24.2,0.6,83.2,76.1
5766,2025-03-14,Friday,East,R055,Tram,11,30,Midday,841,5.4,12,13.6,0.57,117.7,81.1
4348,2025-03-14,Friday,West,R033,Metro,11,45,Midday,1154,9.8,10,9.7,0.77,184.6,62.8
859,2025-03-14,Friday,West,R055,Bus,16,15,Midday,1283,6.5,13,11.4,0.73,154.0,79.8
5279,2025-03-14,Friday,West,R033,Bus,16,45,Midday,696,13.5,3,7.7,0.67,83.5,58.6
2089,2025-03-14,Friday,Central,R024,Bus,17,30,Evening Peak,1106,10.6,9,19.9,0.62,132.7,57.1
3356,2025-03-14,Friday,East,R044,Tram,18,30,Evening Peak,899,6.9,12,3.0,0.68,125.9,68.8
1406,2025-03-14,Friday,North,R027,Bus,19,30,Evening Peak,681,5.0,9,25.8,0.62,81.7,85.7
4199,2025-03-14,Friday,Central,R011,Bus,19,45,Evening Peak,696,3.7,14,18.0,0.55,83.5,77.0
2384,2025-03-14,Friday,Central,R012,Bus,20,0,Late Evening,598,5.1,14,26.4,0.61,71.8,78.6
2273,2025-03-14,Friday,South,R051,Bus,20,15,Late Evening,467,5.3,14,2.4,0.57,56.0,73.5
3129,2025-03-14,Friday,East,R017,Bus,21,0,Late Evening,684,5.7,14,3.8,0.68,82.1,75.8
4638,2025-03-14,Friday,South,R044,Shared Mobility,22,45,Late Evening,269,4.6,14,14.9,0.3,13.4,71.7
2809,2025-03-15,Saturday,South,R019,Cycling,8,15,Morning Peak,412,5.0,14,10.8,0.49,37.1,68.8
3792,2025-03-15,Saturday,North,R026,Tram,8,15,Morning Peak,705,8.0,10,20.3,0.57,98.7,67.3
4780,2025-03-15,Saturday,West,R070,Shared Mobility,8,30,Morning Peak,307,0.0,11,19.1,0.34,15.4,84.2
3651,2025-03-15,Saturday,South,R028,Tram,10,45,Morning Peak,538,2.3,22,25.2,0.64,75.3,81.3
603,2025-03-15,Saturday,East,R047,Rail,11,0,Midday,495,2.7,15,22.3,0.77,89.1,75.4
4859,2025-03-15,Saturday,North,R074,Metro,11,15,Midday,837,5.2,15,24.3,0.76,133.9,75.7
2966,2025-03-15,Saturday,North,R004,Rail,11,30,Midday,628,8.0,7,23.0,0.68,113.0,78.7
1685,2025-03-15,Saturday,North,R011,Tram,11,45,Midday,726,5.2,15,22.3,0.63,101.6,91.3
5550,2025-03-15,Saturday,South,R042,Bus,13,0,Midday,534,7.5,7,25.1,0.55,64.1,72.0
2183,2025-03-15,Saturday,Central,R058,Tram,16,45,Midday,1026,5.5,11,3.9,0.75,143.6,78.9
4327,2025-03-15,Saturday,North,R035,Rail,17,0,Evening Peak,1483,10.9,5,19.4,0.84,266.9,62.8
3996,2025-03-15,Saturday,North,R034,Bus,22,15,Late Evening,384,9.3,5,13.7,0.46,46.1,59.3
5669,2025-03-16,Sunday,West,R073,Rail,9,15,Morning Peak,954,8.0,14,2.2,0.68,171.7,70.0
2784,2025-03-16,Sunday,Central,R061,Cycling,10,15,Morning Peak,335,0.5,14,9.8,0.38,30.2,87.0
3371,2025-03-16,Sunday,South,R045,Bus,10,15,Morning Peak,526,4.7,14,8.2,0.57,63.1,70.2
3601,2025-03-16,Sunday,East,R019,Bus,11,0,Midday,693,9.2,6,23.5,0.61,83.2,62.5
3051,2025-03-16,Sunday,East,R041,Metro,11,30,Midday,844,6.5,12,21.0,0.73,135.0,80.0
1336,2025-03-16,Sunday,North,R006,Tram,11,45,Midday,465,6.5,6,12.3,0.6,65.1,68.6
3514,2025-03-16,Sunday,Central,R072,Cycling,12,15,Midday,379,1.8,16,4.1,0.45,34.1,80.4
968,2025-03-16,Sunday,Central,R006,Tram,12,45,Midday,476,7.0,10,8.5,0.51,66.6,72.3
1180,2025-03-16,Sunday,Central,R007,Metro,13,30,Midday,1203,2.3,20,5.7,0.76,192.5,97.2
786,2025-03-16,Sunday,North,R031,Bus,14,0,Midday,785,2.3,16,15.6,0.64,94.2,92.8
1730,2025-03-16,Sunday,Central,R044,Bus,14,45,Midday,436,5.5,6,23.8,0.51,52.3,71.1
536,2025-03-16,Sunday,East,R046,Tram,16,15,Midday,570,7.6,5,9.3,0.69,79.8,78.2
3405,2025-03-16,Sunday,South,R074,Tram,17,0,Evening Peak,916,5.2,12,5.2,0.6,128.2,69.2
5877,2025-03-16,Sunday,North,R010,Rail,18,15,Evening Peak,831,9.2,8,19.0,0.69,149.6,65.4
4889,2025-03-16,Sunday,North,R029,Rail,18,30,Evening Peak,981,9.9,7,4.6,0.73,176.6,85.9
3675,2025-03-16,Sunday,West,R010,Metro,19,0,Evening Peak,1042,0.0,16,5.4,0.8,166.7,82.0
282,2025-03-16,Sunday,Central,R020,Tram,21,45,Late Evening,615,6.7,12,2.5,0.58,86.1,70.1
4931,2025-03-16,Sunday,Central,R076,Metro,22,30,Late Evening,875,0.7,20,12.6,0.64,140.0,91.5
5974,2025-03-16,Sunday,East,R073,Metro,22,45,Late Evening,730,0.0,22,21.7,0.82,116.8,86.6
2701,2025-03-16,Sunday,West,R044,Bus,23,15,Late Evening,388,3.9,19,8.5,0.64,46.6,71.8
601,2025-03-17,Monday,South,R013,Tram,6,45,Early Morning,361,4.8,14,9.3,0.52,50.5,89.2
5767,2025-03-17,Monday,East,R045,Bus,7,0,Early Morning,1657,9.9,10,24.9,0.75,198.8,74.0
4546,2025-03-17,Monday,Central,R012,Bus,9,0,Morning Peak,716,11.7,2,6.8,0.71,85.9,64.0
3037,2025-03-17,Monday,North,R053,Tram,9,15,Morning Peak,561,6.1,11,21.0,0.53,78.5,70.7
2111,2025-03-17,Monday,West,R023,Metro,9,30,Morning Peak,959,3.6,17,13.1,0.84,153.4,83.0
2922,2025-03-17,Monday,South,R057,Bus,9,45,Morning Peak,1244,5.5,9,10.0,0.76,149.3,79.4
463,2025-03-17,Monday,West,R066,Metro,10,0,Morning Peak,1715,2.2,10,18.8,0.9,274.4,94.0
5527,2025-03-17,Monday,East,R077,Tram,11,0,Midday,1120,6.7,15,26.1,0.61,156.8,79.7
5115,2025-03-17,Monday,South,R036,Metro,11,15,Midday,1664,1.9,16,7.2,0.89,266.2,82.6
5378,2025-03-17,Monday,Central,R010,Metro,11,45,Midday,945,1.9,20,17.2,0.75,151.2,84.3
3186,2025-03-17,Monday,South,R046,Rail,12,30,Midday,935,6.1,12,6.9,0.78,168.3,75.9
1027,2025-03-17,Monday,South,R028,Tram,14,45,Midday,446,7.2,9,6.0,0.65,62.4,63.0
2751,2025-03-17,Monday,Central,R021,Bus,15,0,Midday,796,9.6,9,7.8,0.73,95.5,59.9
1348,2025-03-17,Monday,Central,R069,Shared Mobility,15,15,Midday,243,8.8,10,16.6,0.47,12.2,65.1
5616,2025-03-17,Monday,North,R074,Metro,15,30,Midday,1244,0.2,19,11.7,0.84,199.0,83.0
4210,2025-03-17,Monday,East,R027,Bus,16,45,Midday,1759,9.7,10,26.6,0.79,211.1,71.2
5587,2025-03-17,Monday,Central,R063,Bus,20,0,Late Evening,515,9.7,17,20.5,0.59,61.8,63.3
571,2025-03-17,Monday,Central,R033,Tram,20,30,Late Evening,455,4.0,12,9.5,0.61,63.7,73.0
5270,2025-03-17,Monday,West,R071,Rail,21,15,Late Evening,886,5.2,14,8.6,0.71,159.5,80.5
1812,2025-03-17,Monday,North,R036,Rail,21,45,Late Evening,502,6.0,10,21.1,0.6,90.4,64.7
4072,2025-03-17,Monday,East,R062,Metro,21,45,Late Evening,621,1.9,12,3.8,0.7,99.4,88.0
2066,2025-03-17,Monday,North,R011,Tram,22,45,Late Evening,463,1.3,23,21.4,0.63,64.8,77.9
3207,2025-03-17,Monday,South,R075,Rail,23,15,Late Evening,672,3.6,14,5.0,0.7,121.0,72.2
5675,2025-03-18,Tuesday,North,R059,Metro,7,30,Early Morning,1390,5.2,11,26.1,0.75,222.4,84.6
2175,2025-03-18,Tuesday,North,R052,Metro,10,0,Morning Peak,1183,6.2,17,9.2,0.77,189.3,75.7
5080,2025-03-18,Tuesday,North,R003,Bus,10,15,Morning Peak,646,7.1,11,7.1,0.59,77.5,79.3
1828,2025-03-18,Tuesday,South,R033,Bus,13,15,Midday,994,3.5,12,20.0,0.65,119.3,74.7
2091,2025-03-18,Tuesday,West,R069,Bus,13,15,Midday,709,5.9,6,22.1,0.61,85.1,76.9
2244,2025-03-18,Tuesday,East,R040,Bus,15,0,Midday,920,4.9,20,21.6,0.72,110.4,85.3
3432,2025-03-18,Tuesday,North,R080,Bus,15,30,Midday,624,4.0,14,23.1,0.6,74.9,79.9
5931,2025-03-18,Tuesday,Central,R075,Bus,17,15,Evening Peak,1194,9.6,9,13.7,0.8,143.3,59.9
1667,2025-03-18,Tuesday,North,R004,Shared Mobility,17,30,Evening Peak,643,5.5,10,27.8,0.42,32.2,75.7
4810,2025-03-18,Tuesday,North,R057,Rail,20,45,Late Evening,532,6.4,9,18.9,0.74,95.8,88.2
4435,2025-03-18,Tuesday,South,R024,Bus,21,45,Late Evening,514,7.1,11,14.7,0.59,61.7,83.8
5783,2025-03-19,Wednesday,Central,R034,Bus,9,30,Morning Peak,1487,7.9,11,20.5,0.66,178.4,72.0
4224,2025-03-19,Wednesday,East,R016,Bus,9,45,Morning Peak,2133,10.7,12,3.0,0.81,256.0,71.5
2782,2025-03-19,Wednesday,West,R067,Metro,12,0,Midday,770,2.9,12,20.2,0.92,123.2,80.5
2243,2025-03-19,Wednesday,East,R019,Rail,12,45,Midday,1114,8.3,10,8.6,0.74,200.5,75.0
1270,2025-03-19,Wednesday,Central,R030,Bus,13,15,Midday,945,5.9,10,18.2,0.77,113.4,71.5
856,2025-03-19,Wednesday,East,R035,Tram,15,15,Midday,494,2.8,17,27.4,0.65,69.2,70.9
1047,2025-03-19,Wednesday,West,R051,Bus,15,45,Midday,1116,10.3,12,13.5,0.62,133.9,55.5
2581,2025-03-19,Wednesday,Central,R031,Metro,16,0,Midday,2023,8.1,10,24.6,0.95,323.7,72.8
5403,2025-03-19,Wednesday,East,R051,Bus,17,45,Evening Peak,948,4.5,11,22.9,0.69,113.8,78.2
1230,2025-03-19,Wednesday,East,R002,Metro,19,30,Evening Peak,541,4.8,15,12.3,0.66,86.6,81.4
888,2025-03-19,Wednesday,Central,R080,Tram,19,45,Evening Peak,384,4.3,17,15.6,0.53,53.8,79.3
755,2025-03-19,Wednesday,West,R058,Bus,21,0,Late Evening,605,3.1,14,11.1,0.64,72.6,92.0
3926,2025-03-19,Wednesday,East,R005,Metro,22,45,Late Evening,602,4.8,10,22.6,0.7,96.3,67.5
1766,2025-03-20,Thursday,East,R003,Bus,6,15,Early Morning,797,6.1,13,2.5,0.72,95.6,61.9
4797,2025-03-20,Thursday,South,R058,Shared Mobility,6,15,Early Morning,274,0.5,19,21.7,0.46,13.7,78.0
2537,2025-03-20,Thursday,North,R006,Shared Mobility,6,30,Early Morning,335,1.4,14,13.0,0.42,16.8,88.3
3679,2025-03-20,Thursday,West,R034,Cycling,9,15,Morning Peak,492,2.3,16,14.7,0.51,44.3,86.0
5594,2025-03-20,Thursday,North,R047,Rail,9,15,Morning Peak,1509,6.8,12,11.6,0.82,271.6,82.8
2941,2025-03-20,Thursday,South,R031,Tram,10,30,Morning Peak,679,4.4,12,3.5,0.64,95.1,78.7
4289,2025-03-20,Thursday,Central,R014,Bus,11,30,Midday,893,4.8,14,12.6,0.63,107.2,74.7
1719,2025-03-20,Thursday,East,R058,Shared Mobility,15,30,Midday,200,4.8,13,5.9,0.44,10.0,73.4
2410,2025-03-20,Thursday,Central,R003,Bus,18,15,Evening Peak,1284,8.1,5,27.0,0.75,154.1,75.5
4361,2025-03-20,Thursday,South,R021,Rail,18,15,Evening Peak,1783,10.5,11,12.2,0.83,320.9,69.2
3864,2025-03-20,Thursday,Central,R041,Bus,20,0,Late Evening,611,4.6,14,11.2,0.69,73.3,76.8
2480,2025-03-20,Thursday,Central,R009,Bus,21,15,Late Evening,650,5.7,7,18.8,0.5,78.0,72.2
6000,2025-03-20,Thursday,North,R060,Bus,21,45,Late Evening,511,8.4,6,19.5,0.63,61.3,66.1
4244,2025-03-21,Friday,North,R037,Tram,14,0,Midday,719,0.0,18,26.3,0.59,100.7,98.0
2447,2025-03-21,Friday,South,R013,Bus,15,15,Midday,1287,5.1,11,6.9,0.68,154.4,69.2
1815,2025-03-21,Friday,West,R025,Bus,17,0,Evening Peak,1413,6.2,8,3.3,0.75,169.6,78.2
664,2025-03-21,Friday,South,R074,Bus,19,30,Evening Peak,1026,5.1,17,3.7,0.7,123.1,82.9
1977,2025-03-21,Friday,South,R011,Bus,21,45,Late Evening,520,6.8,16,15.6,0.62,62.4,71.5
1436,2025-03-21,Friday,Central,R032,Cycling,23,0,Late Evening,210,0.0,16,13.9,0.38,18.9,81.9
104,2025-03-22,Saturday,North,R049,Rail,8,15,Morning Peak,989,4.5,12,16.4,0.65,178.0,79.3
204,2025-03-22,Saturday,South,R052,Tram,9,0,Morning Peak,674,7.6,6,12.7,0.6,94.4,70.5
61,2025-03-22,Saturday,East,R026,Shared Mobility,10,15,Morning Peak,283,0.1,24,4.7,0.46,14.2,93.8
1308,2025-03-22,Saturday,Central,R076,Bus,10,45,Morning Peak,1028,5.2,12,25.4,0.74,123.4,73.3
4196,2025-03-22,Saturday,North,R070,Rail,11,0,Midday,780,7.4,10,11.2,0.75,140.4,67.8
2893,2025-03-22,Saturday,North,R008,Bus,11,15,Midday,967,1.5,15,11.9,0.67,116.0,80.7
806,2025-03-22,Saturday,Central,R061,Cycling,12,30,Midday,245,1.3,19,27.5,0.45,22.0,80.6
1441,2025-03-22,Saturday,South,R018,Cycling,12,45,Midday,470,3.4,14,17.9,0.42,42.3,71.2
1613,2025-03-22,Saturday,South,R052,Bus,13,45,Midday,546,9.8,8,21.1,0.64,65.5,60.0
4185,2025-03-22,Saturday,North,R005,Metro,18,0,Evening Peak,1295,3.5,13,17.2,0.8,207.2,77.5
4757,2025-03-22,Saturday,West,R056,Metro,20,30,Late Evening,1118,5.0,10,8.7,0.83,178.9,67.6
3986,2025-03-22,Saturday,South,R009,Bus,22,45,Late Evening,584,6.5,16,15.5,0.58,70.1,86.5
3337,2025-03-22,Saturday,South,R033,Bus,23,45,Late Evening,520,7.6,9,15.4,0.66,62.4,76.2
2878,2025-03-23,Sunday,East,R036,Shared Mobility,7,30,Early Morning,345,5.1,14,12.8,0.52,17.2,83.5
1663,2025-03-23,Sunday,Central,R013,Shared Mobility,8,30,Morning Peak,311,5.6,14,1.8,0.41,15.6,80.5
3304,2025-03-23,Sunday,South,R041,Bus,9,15,Morning Peak,1248,8.2,14,16.1,0.7,149.8,66.5
1289,2025-03-23,Sunday,West,R023,Metro,9,30,Morning Peak,1094,8.4,12,18.7,0.78,175.0,66.7
4046,2025-03-23,Sunday,West,R017,Rail,10,15,Morning Peak,510,4.1,14,22.5,0.77,91.8,87.7
3522,2025-03-23,Sunday,North,R012,Bus,10,30,Morning Peak,529,7.4,6,18.4,0.67,63.5,59.8
4314,2025-03-23,Sunday,North,R070,Bus,11,30,Midday,482,7.3,9,17.2,0.62,57.8,70.9
2742,2025-03-23,Sunday,East,R034,Metro,11,45,Midday,790,2.7,18,10.7,0.72,126.4,81.9
2374,2025-03-23,Sunday,Central,R040,Shared Mobility,12,15,Midday,205,1.9,10,24.7,0.47,10.2,74.8
1469,2025-03-23,Sunday,North,R041,Bus,13,0,Midday,586,5.3,15,20.6,0.63,70.3,88.5
2099,2025-03-23,Sunday,South,R068,Bus,14,15,Midday,944,4.6,13,22.8,0.67,113.3,71.7
1890,2025-03-23,Sunday,East,R047,Bus,17,15,Evening Peak,860,13.1,4,25.9,0.72,103.2,67.0
2506,2025-03-23,Sunday,West,R039,Metro,19,15,Evening Peak,698,4.4,13,2.3,0.85,111.7,87.7
4676,2025-03-23,Sunday,West,R013,Rail,20,30,Late Evening,828,3.9,13,24.7,0.71,149.0,60.6
711,2025-03-23,Sunday,North,R052,Bus,20,45,Late Evening,730,0.0,21,6.4,0.54,87.6,87.3
5059,2025-03-23,Sunday,North,R052,Bus,21,45,Late Evening,513,7.0,12,20.4,0.62,61.6,85.7
4258,2025-03-24,Monday,West,R015,Bus,9,15,Morning Peak,2246,6.7,12,25.1,0.87,269.5,82.2
4357,2025-03-24,Monday,West,R012,Rail,9,15,Morning Peak,1365,8.8,11,4.0,0.85,245.7,74.0
4377,2025-03-24,Monday,West,R039,Shared Mobility,10,0,Morning Peak,243,1.6,16,3.6,0.39,12.2,76.8
3120,2025-03-24,Monday,North,R072,Tram,12,30,Midday,910,5.4,15,14.8,0.64,127.4,79.2
3707,2025-03-24,Monday,East,R023,Tram,13,15,Midday,634,7.9,15,24.6,0.62,88.8,66.8
5855,2025-03-24,Monday,South,R055,Bus,13,30,Midday,753,8.5,12,24.0,0.67,90.4,67.1
752,2025-03-24,Monday,West,R063,Rail,13,45,Midday,1132,3.3,15,3.5,0.68,203.8,95.9
3610,2025-03-24,Monday,North,R012,Metro,14,0,Midday,1810,1.4,16,14.5,0.91,289.6,85.1
2440,2025-03-24,Monday,East,R023,Bus,14,45,Midday,883,7.1,6,5.6,0.62,106.0,65.7
5538,2025-03-24,Monday,East,R062,Bus,16,15,Midday,980,10.9,10,22.8,0.72,117.6,69.9
932,2025-03-24,Monday,North,R003,Tram,20,0,Late Evening,520,5.2,16,23.2,0.73,72.8,71.8
5255,2025-03-24,Monday,East,R016,Bus,20,15,Late Evening,742,7.6,12,2.4,0.76,89.0,81.1
4504,2025-03-24,Monday,North,R077,Bus,22,45,Late Evening,706,6.3,13,9.2,0.64,84.7,80.1
1861,2025-03-25,Tuesday,North,R069,Bus,8,15,Morning Peak,985,9.7,12,7.2,0.67,118.2,58.6
4503,2025-03-25,Tuesday,South,R014,Bus,8,15,Morning Peak,1196,7.0,15,23.6,0.72,143.5,72.8
1734,2025-03-25,Tuesday,North,R027,Rail,10,0,Morning Peak,721,9.1,14,13.2,0.73,129.8,72.8
1744,2025-03-25,Tuesday,Central,R062,Metro,10,45,Morning Peak,1321,3.7,13,10.5,0.78,211.4,80.6
2832,2025-03-25,Tuesday,West,R049,Rail,10,45,Morning Peak,1790,3.6,17,17.6,0.82,322.2,83.0
2856,2025-03-25,Tuesday,South,R016,Bus,11,0,Midday,553,5.3,9,20.7,0.65,66.4,76.4
3909,2025-03-25,Tuesday,Central,R029,Shared Mobility,11,15,Midday,342,0.4,19,9.8,0.33,17.1,85.7
5130,2025-03-25,Tuesday,South,R034,Bus,11,15,Midday,738,6.0,7,3.6,0.64,88.6,80.8
1204,2025-03-25,Tuesday,North,R017,Bus,11,30,Midday,1723,7.1,13,5.0,0.7,206.8,71.7
3328,2025-03-25,Tuesday,Central,R036,Rail,12,15,Midday,937,6.2,14,25.0,0.68,168.7,71.0
4287,2025-03-25,Tuesday,East,R055,Rail,12,45,Midday,926,5.9,10,9.4,0.83,166.7,78.9
1011,2025-03-25,Tuesday,East,R037,Bus,13,15,Midday,1146,3.6,10,22.5,0.73,137.5,91.2
4085,2025-03-25,Tuesday,East,R018,Cycling,13,30,Midday,414,2.3,14,25.8,0.44,37.3,82.0
3988,2025-03-25,Tuesday,Central,R001,Bus,15,15,Midday,893,6.5,8,25.7,0.77,107.2,72.7
3307,2025-03-25,Tuesday,Central,R056,Rail,15,30,Midday,779,4.6,16,27.3,0.75,140.2,76.2
3112,2025-03-25,Tuesday,East,R052,Bus,18,15,Evening Peak,903,6.3,9,2.2,0.66,108.4,70.5
563,2025-03-25,Tuesday,Central,R011,Shared Mobility,19,0,Evening Peak,152,0.1,19,17.8,0.39,7.6,72.4
5738,2025-03-25,Tuesday,West,R054,Metro,19,0,Evening Peak,965,0.8,16,10.4,0.74,154.4,91.0
2191,2025-03-25,Tuesday,East,R060,Bus,19,30,Evening Peak,543,10.7,3,23.1,0.68,65.2,66.4
1958,2025-03-25,Tuesday,East,R040,Metro,20,30,Late Evening,920,6.9,10,16.0,0.71,147.2,76.0
2339,2025-03-25,Tuesday,East,R016,Cycling,20,45,Late Evening,287,3.0,21,14.3,0.42,25.8,71.4
4339,2025-03-25,Tuesday,Central,R064,Metro,22,0,Late Evening,952,2.6,18,27.0,0.65,152.3,74.1
1856,2025-03-25,Tuesday,North,R048,Metro,22,45,Late Evening,1146,0.5,19,15.4,0.84,183.4,83.8
4989,2025-03-25,Tuesday,North,R037,Metro,22,45,Late Evening,719,0.0,20,6.4,0.69,115.0,90.0
2250,2025-03-26,Wednesday,North,R027,Cycling,7,30,Early Morning,737,3.5,14,20.7,0.39,66.3,72.5
2126,2025-03-26,Wednesday,Central,R079,Metro,9,30,Morning Peak,1186,6.2,19,8.2,0.81,189.8,64.7
4129,2025-03-26,Wednesday,East,R032,Metro,9,45,Morning Peak,1611,1.6,16,19.9,0.85,257.8,92.0
754,2025-03-26,Wednesday,South,R056,Bus,10,30,Morning Peak,1342,6.5,13,12.4,0.76,161.0,85.6
2970,2025-03-26,Wednesday,West,R048,Metro,13,0,Midday,887,8.0,8,6.6,0.66,141.9,61.6
4560,2025-03-26,Wednesday,South,R023,Bus,17,30,Evening Peak,1081,10.4,7,13.7,0.72,129.7,70.1
5564,2025-03-26,Wednesday,Central,R078,Shared Mobility,17,45,Evening Peak,538,5.7,9,23.4,0.36,26.9,72.1
1283,2025-03-26,Wednesday,Central,R018,Bus,23,15,Late Evening,720,9.4,9,4.7,0.59,86.4,62.4
2053,2025-03-27,Thursday,West,R069,Rail,6,45,Early Morning,636,5.0,11,18.5,0.7,114.5,86.2
2901,2025-03-27,Thursday,North,R066,Bus,8,0,Morning Peak,1691,11.0,7,17.3,0.75,202.9,55.6
157,2025-03-27,Thursday,North,R074,Tram,9,0,Morning Peak,888,5.7,10,18.1,0.68,124.3,76.6
3157,2025-03-27,Thursday,South,R064,Bus,9,15,Morning Peak,848,8.2,7,19.2,0.63,101.8,69.7
4837,2025-03-27,Thursday,West,R049,Cycling,10,0,Morning Peak,336,3.7,13,24.9,0.46,30.2,85.0
2921,2025-03-27,Thursday,North,R071,Shared Mobility,10,45,Morning Peak,333,2.7,16,24.6,0.34,16.7,84.8
2637,2025-03-27,Thursday,West,R032,Bus,11,0,Midday,707,5.0,15,13.4,0.68,84.8,74.0
3924,2025-03-27,Thursday,South,R012,Bus,11,0,Midday,785,6.9,16,15.6,0.66,94.2,67.3
1817,2025-03-27,Thursday,East,R072,Cycling,11,15,Midday,394,1.4,16,17.3,0.51,35.5,74.1
912,2025-03-27,Thursday,Central,R015,Rail,13,0,Midday,1202,10.5,10,11.8,0.68,216.4,57.0
466,2025-03-27,Thursday,Central,R061,Metro,17,30,Evening Peak,2124,4.5,13,20.4,0.86,339.8,72.5
2691,2025-03-27,Thursday,Central,R053,Bus,18,0,Evening Peak,1989,12.1,2,7.9,0.9,238.7,52.9
5917,2025-03-27,Thursday,West,R004,Tram,19,30,Evening Peak,471,5.1,16,24.8,0.58,65.9,93.0
3993,2025-03-27,Thursday,South,R031,Bus,20,0,Late Evening,589,8.0,10,4.7,0.62,70.7,65.7
4643,2025-03-27,Thursday,Central,R036,Bus,20,0,Late Evening,735,6.9,10,18.9,0.56,88.2,70.8
5013,2025-03-27,Thursday,West,R043,Bus,20,30,Late Evening,676,8.4,9,14.3,0.68,81.1,75.4
1458,2025-03-27,Thursday,South,R020,Rail,21,15,Late Evening,446,6.8,15,25.9,0.7,80.3,61.6
2891,2025-03-27,Thursday,East,R031,Tram,21,45,Late Evening,366,9.4,8,21.0,0.56,51.2,64.7
1089,2025-03-27,Thursday,South,R070,Tram,22,0,Late Evening,540,3.1,18,9.5,0.53,75.6,79.2
2473,2025-03-27,Thursday,East,R023,Metro,22,45,Late Evening,1259,0.0,19,10.6,0.85,201.4,88.5
2547,2025-03-28,Friday,West,R050,Shared Mobility,9,30,Morning Peak,366,5.0,14,10.9,0.37,18.3,81.6
2881,2025-03-28,Friday,South,R052,Tram,9,45,Morning Peak,1526,6.3,14,11.0,0.7,213.6,72.2
1349,2025-03-28,Friday,Central,R073,Shared Mobility,10,0,Morning Peak,223,2.2,14,9.2,0.41,11.2,94.8
4545,2025-03-28,Friday,Central,R039,Rail,10,15,Morning Peak,714,6.0,10,9.8,0.7,128.5,71.4
3426,2025-03-28,Friday,North,R067,Bus,10,30,Morning Peak,783,5.7,15,12.7,0.61,94.0,79.2
5829,2025-03-28,Friday,South,R026,Bus,11,15,Midday,680,9.0,16,3.0,0.66,81.6,67.7
1246,2025-03-28,Friday,Central,R061,Bus,11,45,Midday,1459,9.7,10,9.0,0.83,175.1,58.3
5528,2025-03-28,Friday,North,R054,Bus,13,15,Midday,787,3.6,19,22.1,0.68,94.4,85.0
2542,2025-03-28,Friday,South,R074,Tram,14,0,Midday,439,5.5,12,18.5,0.57,61.5,81.6
1945,2025-03-28,Friday,West,R060,Rail,16,30,Midday,947,7.6,8,15.9,0.75,170.5,71.9
1872,2025-03-28,Friday,North,R059,Cycling,17,30,Evening Peak,1293,3.0,11,27.7,0.54,116.4,76.0
4552,2025-03-28,Friday,Central,R035,Bus,19,15,Evening Peak,705,3.8,14,6.2,0.69,84.6,78.5
3216,2025-03-28,Friday,Central,R037,Rail,20,30,Late Evening,426,6.2,12,24.0,0.69,76.7,66.3
5302,2025-03-28,Friday,South,R007,Metro,22,45,Late Evening,770,1.3,14,9.9,0.73,123.2,89.4
4186,2025-03-29,Saturday,West,R002,Bus,10,15,Morning Peak,708,6.4,15,18.7,0.74,85.0,79.3
5704,2025-03-29,Saturday,Central,R057,Bus,11,30,Midday,681,9.2,12,12.7,0.52,81.7,72.1
1810,2025-03-29,Saturday,West,R078,Rail,12,15,Midday,1019,3.4,15,8.3,0.74,183.4,74.2
5965,2025-03-29,Saturday,North,R040,Tram,12,45,Midday,661,4.4,15,16.2,0.57,92.5,73.4
1269,2025-03-29,Saturday,West,R076,Metro,13,15,Midday,817,6.5,8,9.9,0.76,130.7,80.1
12,2025-03-29,Saturday,East,R006,Bus,18,15,Evening Peak,690,12.8,8,25.0,0.73,82.8,54.2
4485,2025-03-29,Saturday,West,R046,Bus,19,45,Evening Peak,869,6.0,18,5.8,0.68,104.3,76.1
3689,2025-03-29,Saturday,Central,R002,Tram,20,15,Late Evening,279,6.9,13,18.7,0.5,39.1,79.0
3989,2025-03-29,Saturday,South,R066,Metro,21,0,Late Evening,405,3.4,15,3.6,0.68,64.8,80.1
4952,2025-03-29,Saturday,North,R022,Rail,21,0,Late Evening,504,2.3,15,27.5,0.57,90.7,87.7
2651,2025-03-29,Saturday,South,R001,Bus,22,30,Late Evening,863,9.7,2,15.4,0.67,103.6,66.4
2107,2025-03-30,Sunday,East,R016,Tram,5,0,Early Morning,385,5.2,14,3.5,0.63,53.9,74.2
5307,2025-03-30,Sunday,Central,R072,Metro,8,45,Morning Peak,1451,2.3,19,17.5,0.9,232.2,87.0
4025,2025-03-30,Sunday,East,R012,Rail,9,30,Morning Peak,890,6.5,13,2.1,0.81,160.2,85.2
1446,2025-03-30,Sunday,North,R038,Cycling,10,30,Morning Peak,227,1.7,16,24.8,0.37,20.4,92.3
1583,2025-03-30,Sunday,North,R041,Bus,11,0,Midday,844,10.1,12,6.4,0.71,101.3,67.2
5870,2025-03-30,Sunday,Central,R033,Metro,11,30,Midday,901,3.2,16,17.1,0.74,144.2,77.5
2960,2025-03-30,Sunday,East,R003,Metro,11,45,Midday,1156,3.0,17,5.6,0.93,185.0,86.2
3960,2025-03-30,Sunday,South,R040,Cycling,13,45,Midday,440,3.2,12,22.2,0.53,39.6,84.2
3142,2025-03-30,Sunday,South,R026,Bus,14,15,Midday,687,7.3,2,3.0,0.68,82.4,75.5
1050,2025-03-30,Sunday,East,R042,Rail,14,30,Midday,1005,7.1,16,12.7,0.71,180.9,60.2
1053,2025-03-30,Sunday,Central,R043,Bus,17,0,Evening Peak,987,13.9,4,13.2,0.68,118.4,53.9
4246,2025-03-30,Sunday,West,R038,Rail,17,45,Evening Peak,979,6.4,10,1.9,0.77,176.2,65.8
49,2025-03-30,Sunday,South,R044,Bus,18,0,Evening Peak,778,7.9,10,18.0,0.62,93.4,59.9
5045,2025-03-30,Sunday,Central,R017,Bus,18,0,Evening Peak,1462,10.5,9,27.2,0.71,175.4,63.5
5763,2025-03-30,Sunday,South,R067,Metro,18,0,Evening Peak,1289,4.3,9,21.7,0.85,206.2,85.0
454,2025-03-30,Sunday,West,R076,Cycling,20,30,Late Evening,224,0.0,19,22.2,0.45,20.2,87.8
5968,2025-03-30,Sunday,South,R026,Metro,22,15,Late Evening,565,3.3,11,17.9,0.68,90.4,89.6
2086,2025-03-30,Sunday,East,R001,Cycling,23,0,Late Evening,156,0.6,17,2.7,0.41,14.0,73.8
530,2025-03-31,Monday,South,R068,Metro,5,15,Early Morning,944,3.2,15,23.6,0.76,151.0,89.6
3956,2025-03-31,Monday,Central,R036,Bus,7,30,Early Morning,1061,5.1,10,9.5,0.77,127.3,88.9
527,2025-03-31,Monday,Central,R064,Shared Mobility,8,30,Morning Peak,566,0.3,15,1.8,0.47,28.3,77.8
2693,2025-03-31,Monday,North,R063,Bus,9,30,Morning Peak,1247,7.2,10,22.9,0.78,149.6,71.4
2814,2025-03-31,Monday,Central,R079,Bus,9,45,Morning Peak,1166,9.0,9,25.5,0.75,139.9,67.9
3286,2025-03-31,Monday,East,R011,Metro,10,0,Morning Peak,1143,2.5,17,10.4,0.79,182.9,94.1
1179,2025-03-31,Monday,West,R076,Rail,10,15,Morning Peak,929,4.4,13,2.2,0.79,167.2,75.1
2787,2025-03-31,Monday,West,R017,Rail,10,45,Morning Peak,771,3.8,11,1.6,0.72,138.8,79.3
5365,2025-03-31,Monday,South,R061,Metro,11,0,Midday,1166,5.1,11,12.0,0.84,186.6,86.1
1835,2025-03-31,Monday,West,R033,Cycling,12,45,Midday,408,0.2,17,1.7,0.45,36.7,78.8
3868,2025-03-31,Monday,Central,R055,Rail,13,45,Midday,1154,3.7,16,9.5,0.84,207.7,87.5
2177,2025-03-31,Monday,North,R054,Bus,14,0,Midday,885,8.7,12,18.9,0.73,106.2,76.7
1608,2025-03-31,Monday,East,R018,Shared Mobility,15,15,Midday,223,1.5,15,16.8,0.41,11.2,87.0
3882,2025-03-31,Monday,South,R008,Metro,19,15,Evening Peak,486,5.4,10,11.8,0.69,77.8,79.8
692,2025-03-31,Monday,South,R009,Bus,20,15,Late Evening,583,6.3,11,11.8,0.45,70.0,66.4
5609,2025-03-31,Monday,Central,R072,Bus,21,30,Late Evening,739,5.7,12,20.5,0.68,88.7,82.5
3246,2025-03-31,Monday,East,R032,Tram,21,45,Late Evening,522,1.2,16,18.0,0.58,73.1,86.4
4922,2025-03-31,Monday,North,R071,Bus,21,45,Late Evening,617,6.2,12,20.7,0.69,74.0,73.5
5398,2025-03-31,Monday,East,R035,Cycling,21,45,Late Evening,446,1.1,15,5.9,0.4,40.1,95.0
2079,2025-03-31,Monday,Central,R010,Cycling,22,45,Late Evening,385,0.2,12,18.9,0.53,34.6,64.7
993,2025-03-31,Monday,South,R044,Tram,23,45,Late Evening,323,2.6,14,8.8,0.49,45.2,85.3
3484,2025-04-01,Tuesday,West,R015,Shared Mobility,7,0,Early Morning,606,7.4,11,8.6,0.4,30.3,65.7
4045,2025-04-01,Tuesday,South,R053,Metro,9,45,Morning Peak,1885,8.8,9,14.7,0.77,301.6,76.8
634,2025-04-01,Tuesday,South,R050,Bus,10,30,Morning Peak,989,5.1,13,10.0,0.68,118.7,91.7
4439,2025-04-01,Tuesday,West,R023,Metro,11,30,Midday,1058,3.4,19,10.8,0.82,169.3,86.4
5327,2025-04-01,Tuesday,South,R040,Metro,12,15,Midday,1746,2.7,13,8.1,0.92,279.4,81.0
4824,2025-04-01,Tuesday,West,R008,Metro,13,30,Midday,1274,6.0,16,8.4,0.87,203.8,88.2
4036,2025-04-01,Tuesday,Central,R040,Rail,15,15,Midday,969,8.1,9,8.7,0.66,174.4,67.3
3100,2025-04-01,Tuesday,Central,R039,Bus,18,0,Evening Peak,1156,11.3,5,24.5,0.66,138.7,63.6
4008,2025-04-01,Tuesday,North,R027,Metro,21,0,Late Evening,814,2.6,15,12.3,0.77,130.2,79.4
3822,2025-04-02,Wednesday,Central,R080,Rail,7,30,Early Morning,1226,8.9,15,1.8,0.78,220.7,67.2
1265,2025-04-02,Wednesday,North,R042,Bus,9,0,Morning Peak,1605,8.0,12,3.9,0.74,192.6,61.0
2944,2025-04-02,Wednesday,South,R074,Cycling,9,15,Morning Peak,955,3.7,14,25.1,0.5,86.0,75.6
1740,2025-04-02,Wednesday,South,R014,Rail,9,45,Morning Peak,1114,6.0,14,24.2,0.74,200.5,78.6
389,2025-04-02,Wednesday,West,R042,Tram,10,0,Morning Peak,728,0.6,16,2.6,0.56,101.9,84.6
844,2025-04-02,Wednesday,West,R065,Bus,10,0,Morning Peak,791,7.2,14,12.7,0.74,94.9,69.5
1818,2025-04-02,Wednesday,South,R066,Bus,10,0,Morning Peak,722,7.8,9,14.7,0.57,86.6,79.2
2470,2025-04-02,Wednesday,Central,R039,Metro,12,15,Midday,948,2.8,18,24.5,0.8,151.7,78.3
436,2025-04-02,Wednesday,Central,R075,Bus,16,0,Midday,1059,11.4,2,26.3,0.78,127.1,71.4
3523,2025-04-02,Wednesday,North,R025,Tram,16,0,Midday,614,8.0,15,17.0,0.56,86.0,62.1
4469,2025-04-02,Wednesday,South,R007,Tram,16,30,Midday,720,5.3,16,11.7,0.52,100.8,66.1
1150,2025-04-02,Wednesday,North,R057,Bus,16,45,Midday,1485,11.7,6,2.7,0.68,178.2,54.9
4728,2025-04-02,Wednesday,West,R033,Tram,19,15,Evening Peak,665,2.6,11,1.9,0.61,93.1,90.4
2417,2025-04-02,Wednesday,Central,R030,Metro,19,30,Evening Peak,1003,4.3,16,8.3,0.65,160.5,82.4
3458,2025-04-02,Wednesday,West,R023,Bus,19,30,Evening Peak,747,6.0,11,14.4,0.69,89.6,69.8
1635,2025-04-02,Wednesday,Central,R024,Bus,19,45,Evening Peak,687,9.3,12,25.0,0.58,82.4,63.9
57,2025-04-02,Wednesday,South,R028,Metro,20,30,Late Evening,611,4.0,17,25.4,0.73,97.8,82.6
4397,2025-04-03,Thursday,Central,R017,Cycling,5,45,Early Morning,127,3.7,15,3.2,0.47,11.4,79.8
3228,2025-04-03,Thursday,Central,R024,Shared Mobility,7,0,Early Morning,387,7.0,3,2.9,0.4,19.4,64.4
3992,2025-04-03,Thursday,North,R028,Tram,7,0,Early Morning,1026,6.3,14,6.3,0.72,143.6,72.5
1902,2025-04-03,Thursday,West,R035,Bus,9,0,Morning Peak,1292,9.3,10,21.3,0.83,155.0,80.6
1763,2025-04-03,Thursday,East,R080,Shared Mobility,10,0,Morning Peak,336,2.9,14,4.7,0.38,16.8,73.0
3933,2025-04-03,Thursday,South,R017,Bus,11,15,Midday,837,5.1,17,11.8,0.64,100.4,71.1
4907,2025-04-03,Thursday,North,R007,Metro,11,15,Midday,1030,0.0,22,27.7,0.85,164.8,86.0
3194,2025-04-03,Thursday,South,R046,Metro,11,45,Midday,1607,3.0,11,3.3,0.81,257.1,89.1
5000,2025-04-03,Thursday,Central,R002,Bus,12,15,Midday,923,5.2,13,21.9,0.65,110.8,79.0
3332,2025-04-03,Thursday,West,R072,Bus,12,45,Midday,989,5.1,18,26.2,0.69,118.7,74.5
4026,2025-04-03,Thursday,South,R079,Bus,13,0,Midday,1211,6.2,17,15.7,0.79,145.3,74.7
4600,2025-04-03,Thursday,Central,R027,Metro,13,30,Midday,1180,3.6,11,25.3,0.78,188.8,75.8
1978,2025-04-03,Thursday,South,R076,Metro,16,0,Midday,1910,4.8,13,4.1,0.85,305.6,79.4
5998,2025-04-03,Thursday,North,R027,Bus,16,15,Midday,1496,12.9,7,1.6,0.71,179.5,54.6
529,2025-04-03,Thursday,West,R018,Rail,17,15,Evening Peak,1597,11.3,7,9.6,0.8,287.5,62.9
5498,2025-04-03,Thursday,South,R011,Bus,18,0,Evening Peak,1192,9.6,5,26.6,0.73,143.0,56.8
2115,2025-04-03,Thursday,West,R007,Metro,18,30,Evening Peak,1737,3.5,13,11.9,0.94,277.9,87.7
4642,2025-04-03,Thursday,North,R049,Bus,19,30,Evening Peak,681,9.1,8,5.6,0.73,81.7,56.2
837,2025-04-03,Thursday,South,R037,Bus,22,45,Late Evening,670,7.2,17,25.4,0.59,80.4,79.1
4426,2025-04-04,Friday,North,R030,Metro,7,45,Early Morning,1637,4.7,12,23.2,0.88,261.9,72.2
5553,2025-04-04,Friday,East,R071,Bus,8,0,Morning Peak,1636,4.6,14,23.6,0.74,196.3,82.6
5368,2025-04-04,Friday,South,R002,Bus,9,45,Morning Peak,1518,8.7,7,8.4,0.75,182.2,75.2
4031,2025-04-04,Friday,Central,R046,Metro,10,0,Morning Peak,2265,2.7,17,17.4,0.94,362.4,86.5
3983,2025-04-04,Friday,West,R065,Rail,10,30,Morning Peak,1037,2.6,18,16.4,0.72,186.7,80.9
472,2025-04-04,Friday,South,R055,Cycling,10,45,Morning Peak,329,0.0,22,26.2,0.4,29.6,76.0
973,2025-04-04,Friday,West,R059,Bus,10,45,Morning Peak,1054,8.5,10,19.8,0.59,126.5,66.1
5164,2025-04-04,Friday,Central,R042,Shared Mobility,11,15,Midday,296,0.5,16,5.9,0.31,14.8,87.1
3729,2025-04-04,Friday,East,R060,Tram,12,15,Midday,186,3.8,13,16.1,0.49,26.0,83.9
4923,2025-04-04,Friday,South,R034,Bus,13,0,Midday,674,2.4,17,16.4,0.64,80.9,79.4
1019,2025-04-04,Friday,East,R074,Rail,13,30,Midday,554,3.8,16,20.9,0.66,99.7,67.7
4564,2025-04-04,Friday,East,R012,Tram,16,30,Midday,1555,10.2,8,6.3,0.67,217.7,71.0
4750,2025-04-04,Friday,East,R051,Rail,20,0,Late Evening,717,8.0,16,9.0,0.68,129.1,69.8
5168,2025-04-04,Friday,East,R045,Metro,20,15,Late Evening,948,0.0,11,1.8,0.84,151.7,87.0
1799,2025-04-05,Saturday,Central,R047,Bus,5,30,Early Morning,566,10.9,9,13.3,0.78,67.9,49.9
5688,2025-04-05,Saturday,West,R041,Cycling,7,30,Early Morning,748,4.8,15,15.6,0.54,67.3,73.4
5679,2025-04-05,Saturday,East,R034,Rail,8,15,Morning Peak,1089,5.9,9,5.8,0.68,196.0,64.0
343,2025-04-05,Saturday,North,R035,Rail,9,15,Morning Peak,792,7.0,8,6.2,0.69,142.6,72.1
1020,2025-04-05,Saturday,Central,R077,Bus,9,15,Morning Peak,994,9.8,9,26.9,0.68,119.3,66.6
4248,2025-04-05,Saturday,Central,R008,Bus,10,15,Morning Peak,748,4.4,15,22.1,0.59,89.8,91.4
954,2025-04-05,Saturday,West,R074,Metro,10,45,Morning Peak,534,3.2,12,13.8,0.68,85.4,81.3
5084,2025-04-05,Saturday,Central,R009,Metro,13,15,Midday,1252,3.6,14,2.2,0.95,200.3,79.6
2650,2025-04-05,Saturday,North,R022,Cycling,14,0,Midday,398,2.4,18,7.2,0.46,35.8,81.7
764,2025-04-05,Saturday,East,R028,Tram,15,0,Midday,700,5.9,14,6.3,0.61,98.0,66.7
5710,2025-04-05,Saturday,Central,R073,Bus,15,15,Midday,722,9.6,12,13.4,0.65,86.6,51.1
1114,2025-04-05,Saturday,Central,R019,Bus,19,15,Evening Peak,375,6.4,12,25.1,0.65,45.0,71.8
828,2025-04-05,Saturday,Central,R038,Shared Mobility,19,30,Evening Peak,171,5.8,7,27.0,0.45,8.6,79.3
4965,2025-04-05,Saturday,West,R026,Metro,19,30,Evening Peak,715,4.4,16,7.6,0.7,114.4,77.5
5866,2025-04-05,Saturday,South,R037,Bus,20,45,Late Evening,811,6.3,12,22.5,0.75,97.3,73.6
520,2025-04-05,Saturday,South,R034,Metro,21,15,Late Evening,515,4.0,11,4.7,0.67,82.4,78.5
2399,2025-04-05,Saturday,Central,R058,Rail,23,30,Late Evening,628,4.6,16,9.5,0.76,113.0,78.3
3873,2025-04-06,Sunday,Central,R012,Metro,5,45,Early Morning,618,0.0,23,24.4,0.78,98.9,94.9
494,2025-04-06,Sunday,North,R010,Cycling,8,0,Morning Peak,546,5.6,15,15.3,0.45,49.1,69.7
1268,2025-04-06,Sunday,South,R057,Cycling,8,15,Morning Peak,543,3.8,19,6.2,0.54,48.9,76.4
5742,2025-04-06,Sunday,Central,R021,Bus,8,45,Morning Peak,710,12.6,7,11.0,0.67,85.2,61.6
5514,2025-04-06,Sunday,West,R067,Tram,9,30,Morning Peak,638,5.9,11,24.1,0.58,89.3,65.8
1919,2025-04-06,Sunday,East,R025,Bus,9,45,Morning Peak,1041,9.0,13,15.3,0.69,124.9,71.8
5812,2025-04-06,Sunday,Central,R046,Bus,9,45,Morning Peak,1002,6.9,13,26.0,0.69,120.2,75.2
4700,2025-04-06,Sunday,Central,R064,Rail,10,0,Morning Peak,424,7.7,11,6.4,0.63,76.3,75.8
1502,2025-04-06,Sunday,East,R056,Metro,10,15,Morning Peak,1480,0.7,19,25.3,0.87,236.8,84.6
5024,2025-04-06,Sunday,South,R060,Cycling,10,15,Morning Peak,215,1.5,17,1.9,0.45,19.3,71.5
4795,2025-04-06,Sunday,Central,R035,Bus,10,30,Morning Peak,499,9.4,5,11.2,0.6,59.9,85.7
547,2025-04-06,Sunday,Central,R065,Bus,10,45,Morning Peak,422,7.7,9,19.0,0.58,50.6,75.5
5504,2025-04-06,Sunday,East,R004,Rail,10,45,Morning Peak,721,4.3,14,12.3,0.72,129.8,73.8
5161,2025-04-06,Sunday,East,R010,Bus,11,0,Midday,678,4.5,8,13.0,0.64,81.4,81.9
193,2025-04-06,Sunday,West,R050,Metro,11,30,Midday,810,1.9,16,12.5,0.83,129.6,78.4
450,2025-04-06,Sunday,East,R025,Tram,13,30,Midday,716,5.0,11,10.0,0.64,100.2,83.3
4190,2025-04-06,Sunday,Central,R060,Bus,13,45,Midday,456,9.6,12,16.5,0.62,54.7,62.6
3684,2025-04-06,Sunday,East,R031,Bus,15,0,Midday,624,6.0,4,20.9,0.63,74.9,59.8
144,2025-04-06,Sunday,South,R044,Bus,19,45,Evening Peak,440,8.2,6,15.1,0.73,52.8,70.3
5103,2025-04-06,Sunday,South,R070,Tram,20,0,Late Evening,192,3.4,15,1.6,0.47,26.9,77.6
2416,2025-04-06,Sunday,East,R074,Metro,21,0,Late Evening,1070,2.8,12,4.9,0.86,171.2,84.8
5876,2025-04-06,Sunday,East,R039,Tram,23,45,Late Evening,369,0.2,16,8.4,0.61,51.7,73.5
234,2025-04-07,Monday,East,R060,Bus,9,45,Morning Peak,1037,13.0,3,20.1,0.68,124.4,74.0
5266,2025-04-07,Monday,Central,R023,Metro,11,30,Midday,1587,2.0,15,15.7,0.84,253.9,92.3
2524,2025-04-07,Monday,Central,R017,Bus,12,45,Midday,638,6.3,15,2.9,0.64,76.6,79.7
4534,2025-04-07,Monday,Central,R017,Bus,15,30,Midday,530,7.5,13,23.1,0.59,63.6,65.4
2449,2025-04-07,Monday,South,R059,Bus,17,45,Evening Peak,803,9.8,11,12.3,0.65,96.4,63.1
321,2025-04-07,Monday,North,R079,Metro,19,0,Evening Peak,1761,0.0,18,14.7,0.87,281.8,79.9
1085,2025-04-07,Monday,South,R027,Shared Mobility,20,15,Late Evening,158,2.4,9,12.1,0.38,7.9,80.3
4270,2025-04-07,Monday,East,R016,Shared Mobility,20,15,Late Evening,245,6.8,10,13.8,0.41,12.2,68.7
2954,2025-04-07,Monday,Central,R003,Rail,20,30,Late Evening,504,6.1,13,4.5,0.59,90.7,77.1
1264,2025-04-07,Monday,East,R057,Rail,22,45,Late Evening,1014,5.0,18,5.8,0.75,182.5,74.2
230,2025-04-08,Tuesday,Central,R028,Tram,6,15,Early Morning,531,4.8,11,10.9,0.55,74.3,63.6
793,2025-04-08,Tuesday,West,R053,Rail,6,45,Early Morning,747,4.8,9,9.2,0.62,134.5,73.6
738,2025-04-08,Tuesday,South,R058,Rail,7,45,Early Morning,890,6.2,11,5.9,0.67,160.2,71.9
1359,2025-04-08,Tuesday,East,R013,Tram,8,0,Morning Peak,867,11.6,8,8.3,0.66,121.4,51.1
2904,2025-04-08,Tuesday,South,R017,Metro,10,0,Morning Peak,1227,1.5,17,23.6,0.77,196.3,74.5
1333,2025-04-08,Tuesday,South,R016,Bus,10,15,Morning Peak,905,9.8,10,18.1,0.66,108.6,64.2
2917,2025-04-08,Tuesday,South,R048,Tram,10,30,Morning Peak,594,5.0,4,6.2,0.58,83.2,82.0
1587,2025-04-08,Tuesday,Central,R025,Bus,11,15,Midday,878,7.2,12,16.1,0.75,105.4,69.9
2906,2025-04-08,Tuesday,South,R024,Tram,15,0,Midday,1095,3.4,16,12.6,0.71,153.3,82.3
5840,2025-04-08,Tuesday,South,R063,Metro,15,45,Midday,1812,4.4,19,2.2,0.9,289.9,84.9
1388,2025-04-08,Tuesday,East,R022,Bus,16,0,Midday,1095,7.7,10,23.3,0.65,131.4,69.7
4368,2025-04-08,Tuesday,Central,R023,Bus,16,0,Midday,1271,10.4,11,7.5,0.66,152.5,70.5
5490,2025-04-08,Tuesday,Central,R069,Rail,16,45,Midday,1058,7.4,11,6.1,0.78,190.4,55.8
5189,2025-04-08,Tuesday,Central,R053,Bus,18,45,Evening Peak,1330,11.4,9,2.5,0.73,159.6,67.2
2094,2025-04-08,Tuesday,West,R017,Rail,19,45,Evening Peak,689,7.2,13,4.3,0.71,124.0,72.9
5944,2025-04-08,Tuesday,South,R038,Metro,20,30,Late Evening,1091,4.6,15,4.1,0.8,174.6,79.4
3861,2025-04-08,Tuesday,Central,R051,Shared Mobility,20,45,Late Evening,175,2.1,14,2.3,0.39,8.8,78.2
4320,2025-04-08,Tuesday,Central,R032,Bus,22,0,Late Evening,562,7.3,8,19.5,0.68,67.4,66.3
4977,2025-04-08,Tuesday,West,R024,Tram,22,0,Late Evening,696,9.1,9,10.7,0.56,97.4,66.4
1479,2025-04-08,Tuesday,West,R055,Bus,22,15,Late Evening,714,5.1,11,11.0,0.54,85.7,84.7
4071,2025-04-09,Wednesday,East,R009,Bus,6,30,Early Morning,584,6.1,13,5.8,0.66,70.1,75.4
1569,2025-04-09,Wednesday,West,R013,Metro,9,0,Morning Peak,1749,6.8,10,14.5,0.78,279.8,76.7
545,2025-04-09,Wednesday,East,R066,Cycling,9,15,Morning Peak,607,2.8,11,23.7,0.5,54.6,78.8
272,2025-04-09,Wednesday,West,R055,Rail,9,45,Morning Peak,1450,11.4,8,4.9,0.77,261.0,71.2
4033,2025-04-09,Wednesday,North,R063,Bus,9,45,Morning Peak,1769,6.7,13,10.2,0.78,212.3,86.0
580,2025-04-09,Wednesday,Central,R005,Bus,10,15,Morning Peak,1231,3.1,20,2.2,0.66,147.7,74.0
1725,2025-04-09,Wednesday,North,R037,Bus,10,45,Morning Peak,1150,6.1,17,9.7,0.68,138.0,68.7
5391,2025-04-09,Wednesday,Central,R004,Metro,10,45,Morning Peak,1476,2.7,18,6.2,0.86,236.2,69.5
2927,2025-04-09,Wednesday,North,R030,Bus,11,15,Midday,1500,10.1,8,27.0,0.69,180.0,63.7
5883,2025-04-09,Wednesday,South,R008,Cycling,11,15,Midday,405,0.3,22,5.1,0.55,36.4,90.9
3355,2025-04-09,Wednesday,South,R003,Bus,12,0,Midday,1072,8.3,13,1.9,0.74,128.6,71.6
257,2025-04-09,Wednesday,South,R028,Bus,14,15,Midday,780,7.3,2,26.8,0.67,93.6,82.7
740,2025-04-09,Wednesday,South,R049,Bus,14,30,Midday,665,5.1,13,5.3,0.65,79.8,78.9
5562,2025-04-09,Wednesday,East,R039,Cycling,14,45,Midday,354,3.9,12,12.5,0.5,31.9,86.3
289,2025-04-09,Wednesday,Central,R023,Bus,15,0,Midday,648,7.7,14,7.5,0.55,77.8,56.5
336,2025-04-09,Wednesday,North,R044,Bus,15,0,Midday,744,7.2,17,14.2,0.62,89.3,65.9
344,2025-04-09,Wednesday,North,R010,Rail,15,15,Midday,1481,7.3,14,9.1,0.69,266.6,68.1
2441,2025-04-09,Wednesday,Central,R004,Bus,20,15,Late Evening,382,7.9,10,26.8,0.58,45.8,67.2
3465,2025-04-09,Wednesday,South,R003,Cycling,22,0,Late Evening,511,0.0,16,27.4,0.54,46.0,80.1
120,2025-04-09,Wednesday,Central,R043,Bus,22,15,Late Evening,515,1.7,19,16.0,0.53,61.8,79.0
5112,2025-04-09,Wednesday,East,R078,Cycling,22,45,Late Evening,209,0.0,18,18.8,0.51,18.8,88.8
1943,2025-04-10,Thursday,East,R032,Metro,5,30,Early Morning,757,3.5,19,11.1,0.7,121.1,86.6
2221,2025-04-10,Thursday,North,R008,Tram,5,45,Early Morning,751,2.1,17,22.6,0.62,105.1,77.8
3703,2025-04-10,Thursday,West,R078,Shared Mobility,8,30,Morning Peak,259,3.3,21,20.1,0.38,13.0,76.6
3759,2025-04-10,Thursday,South,R002,Rail,8,45,Morning Peak,1972,6.1,13,24.4,0.79,355.0,79.2
5439,2025-04-10,Thursday,Central,R009,Metro,10,15,Morning Peak,1741,3.4,14,5.6,0.94,278.6,69.3
478,2025-04-10,Thursday,Central,R057,Bus,12,0,Midday,1312,4.5,12,16.7,0.78,157.4,78.1
2822,2025-04-10,Thursday,West,R054,Metro,13,15,Midday,825,4.1,17,27.3,0.79,132.0,74.7
13,2025-04-10,Thursday,East,R034,Bus,18,15,Evening Peak,1051,12.4,4,16.0,0.65,126.1,68.0
4353,2025-04-10,Thursday,West,R005,Metro,18,30,Evening Peak,1717,5.7,10,7.9,0.81,274.7,71.2
4218,2025-04-10,Thursday,Central,R069,Rail,19,30,Evening Peak,562,7.7,11,26.4,0.72,101.2,71.7
3376,2025-04-10,Thursday,South,R023,Cycling,21,30,Late Evening,270,0.5,12,10.2,0.52,24.3,83.8
488,2025-04-10,Thursday,Central,R077,Tram,21,45,Late Evening,709,0.2,15,5.0,0.64,99.3,73.9
3105,2025-04-10,Thursday,West,R068,Rail,21,45,Late Evening,777,8.8,2,8.9,0.75,139.9,66.6
3752,2025-04-10,Thursday,East,R044,Rail,22,30,Late Evening,538,5.1,9,27.4,0.65,96.8,76.7
569,2025-04-10,Thursday,Central,R068,Metro,22,45,Late Evening,1102,2.2,12,27.2,0.75,176.3,83.8
126,2025-04-11,Friday,East,R052,Bus,6,45,Early Morning,748,8.2,13,17.0,0.66,89.8,76.9
1426,2025-04-11,Friday,Central,R008,Shared Mobility,7,0,Early Morning,500,5.6,14,5.6,0.59,25.0,75.5
2455,2025-04-11,Friday,West,R002,Bus,7,0,Early Morning,1189,7.7,6,16.2,0.7,142.7,79.7
2707,2025-04-11,Friday,South,R053,Cycling,8,0,Morning Peak,691,3.7,20,15.7,0.56,62.2,70.5
5011,2025-04-11,Friday,North,R015,Tram,9,0,Morning Peak,1016,9.5,10,15.5,0.7,142.2,65.4
5381,2025-04-11,Friday,Central,R011,Bus,9,0,Morning Peak,1067,8.0,12,25.4,0.62,128.0,68.3
2367,2025-04-11,Friday,South,R039,Bus,9,15,Morning Peak,1947,11.6,2,24.5,0.92,233.6,69.0
3480,2025-04-11,Friday,East,R039,Bus,9,45,Morning Peak,1073,8.9,13,13.2,0.78,128.8,62.5
1160,2025-04-11,Friday,North,R006,Tram,10,30,Morning Peak,531,2.2,16,11.8,0.57,74.3,96.5
202,2025-04-11,Friday,Central,R031,Metro,11,0,Midday,1077,4.9,14,6.2,0.74,172.3,67.3
411,2025-04-11,Friday,North,R053,Bus,11,0,Midday,1627,2.2,16,26.3,0.86,195.2,85.9
510,2025-04-11,Friday,West,R023,Rail,11,45,Midday,1265,6.4,11,6.2,0.73,227.7,73.8
2991,2025-04-11,Friday,North,R064,Metro,11,45,Midday,1376,3.3,11,6.1,0.82,220.2,74.9
3723,2025-04-11,Friday,West,R025,Metro,12,0,Midday,1337,1.6,13,13.2,0.86,213.9,94.6
4010,2025-04-11,Friday,Central,R063,Bus,13,0,Midday,503,7.5,5,1.6,0.62,60.4,63.4
3998,2025-04-11,Friday,North,R058,Bus,13,45,Midday,837,7.4,8,10.9,0.78,100.4,70.4
5617,2025-04-11,Friday,East,R015,Metro,16,15,Midday,1794,8.3,12,5.2,0.84,287.0,64.8
3737,2025-04-11,Friday,South,R070,Bus,17,15,Evening Peak,1380,9.1,8,9.6,0.8,165.6,61.6
2994,2025-04-11,Friday,West,R045,Tram,19,45,Evening Peak,508,1.4,14,2.6,0.59,71.1,80.0
934,2025-04-11,Friday,South,R033,Shared Mobility,20,0,Late Evening,210,1.0,17,27.8,0.33,10.5,79.4
5788,2025-04-11,Friday,North,R005,Bus,21,0,Late Evening,738,4.0,10,4.5,0.69,88.6,71.9
2543,2025-04-11,Friday,East,R026,Bus,21,45,Late Evening,806,6.6,10,19.0,0.58,96.7,73.0
1014,2025-04-11,Friday,Central,R016,Shared Mobility,23,15,Late Evening,295,1.6,16,9.1,0.54,14.8,74.2
1422,2025-04-12,Saturday,Central,R003,Bus,9,0,Morning Peak,1909,8.7,9,25.6,0.87,229.1,83.8
1806,2025-04-12,Saturday,East,R063,Metro,9,15,Morning Peak,1987,8.6,10,16.5,0.91,317.9,65.2
3804,2025-04-12,Saturday,South,R007,Cycling,9,30,Morning Peak,616,3.3,16,18.6,0.49,55.4,81.9
3117,2025-04-12,Saturday,Central,R042,Bus,10,0,Morning Peak,783,6.9,11,18.0,0.76,94.0,68.3
3898,2025-04-12,Saturday,East,R013,Bus,10,30,Morning Peak,493,2.5,12,27.6,0.66,59.2,79.5
2119,2025-04-12,Saturday,South,R036,Bus,10,45,Morning Peak,590,2.5,21,1.8,0.53,70.8,78.1
3513,2025-04-12,Saturday,North,R036,Bus,10,45,Morning Peak,934,6.4,9,12.4,0.7,112.1,81.2
3011,2025-04-12,Saturday,South,R017,Bus,12,15,Midday,656,8.1,9,17.8,0.63,78.7,91.7
2263,2025-04-12,Saturday,West,R048,Shared Mobility,14,15,Midday,274,6.8,8,11.1,0.33,13.7,73.3
4178,2025-04-12,Saturday,North,R029,Rail,16,15,Midday,1097,9.2,15,7.2,0.79,197.5,71.0
4493,2025-04-12,Saturday,West,R011,Rail,16,45,Midday,1075,9.3,5,23.5,0.79,193.5,73.1
2300,2025-04-12,Saturday,East,R006,Cycling,19,15,Evening Peak,297,0.9,16,2.5,0.49,26.7,82.2
3796,2025-04-12,Saturday,South,R043,Bus,21,30,Late Evening,490,8.0,6,2.4,0.5,58.8,87.9
2095,2025-04-12,Saturday,South,R061,Metro,22,0,Late Evening,357,9.6,5,14.3,0.75,57.1,53.6
2097,2025-04-12,Saturday,South,R011,Shared Mobility,22,30,Late Evening,147,0.0,17,13.5,0.38,7.4,93.5
5215,2025-04-12,Saturday,Central,R016,Metro,22,30,Late Evening,825,4.8,14,5.4,0.71,132.0,70.1
5912,2025-04-12,Saturday,North,R080,Bus,22,30,Late Evening,403,3.7,16,19.5,0.73,48.4,77.9
3287,2025-04-13,Sunday,Central,R037,Bus,6,0,Early Morning,297,7.0,16,25.7,0.6,35.6,74.0
2452,2025-04-13,Sunday,South,R071,Metro,7,0,Early Morning,870,7.3,9,24.4,0.75,139.2,69.7
787,2025-04-13,Sunday,South,R022,Metro,7,15,Early Morning,902,5.2,15,4.5,0.8,144.3,63.2
1831,2025-04-13,Sunday,South,R044,Metro,9,30,Morning Peak,1501,6.0,17,3.3,0.75,240.2,75.8
5206,2025-04-13,Sunday,West,R036,Tram,10,0,Morning Peak,333,8.6,12,23.9,0.44,46.6,68.2
1471,2025-04-13,Sunday,South,R064,Bus,10,15,Morning Peak,504,6.2,15,6.9,0.71,60.5,68.1
4128,2025-04-13,Sunday,North,R026,Bus,11,45,Midday,650,11.0,6,15.1,0.52,78.0,71.8
8,2025-04-13,Sunday,Central,R064,Metro,12,30,Midday,1397,4.2,11,6.6,0.79,223.5,72.6
4093,2025-04-13,Sunday,Central,R071,Metro,13,30,Midday,950,5.8,10,22.2,0.82,152.0,76.1
5481,2025-04-13,Sunday,Central,R078,Metro,15,15,Midday,983,2.3,14,6.1,0.66,157.3,79.8
1,2025-04-13,Sunday,North,R023,Metro,18,45,Evening Peak,1057,8.2,2,3.2,0.85,169.1,68.1
4620,2025-04-13,Sunday,South,R045,Rail,19,0,Evening Peak,536,3.4,17,20.7,0.59,96.5,74.4
5369,2025-04-13,Sunday,South,R022,Shared Mobility,19,30,Evening Peak,181,1.4,19,27.7,0.51,9.0,74.7
417,2025-04-13,Sunday,East,R028,Bus,21,45,Late Evening,537,3.3,12,22.9,0.46,64.4,77.1
3468,2025-04-14,Monday,East,R027,Tram,5,0,Early Morning,462,3.5,16,23.8,0.52,64.7,80.4
4559,2025-04-14,Monday,Central,R036,Metro,6,15,Early Morning,1008,2.2,16,13.1,0.82,161.3,84.4
3869,2025-04-14,Monday,South,R068,Bus,7,45,Early Morning,1178,7.0,11,18.6,0.75,141.4,65.7
4188,2025-04-14,Monday,West,R012,Bus,8,30,Morning Peak,1187,10.1,9,5.8,0.68,142.4,68.7
5823,2025-04-14,Monday,West,R065,Tram,9,0,Morning Peak,1088,8.3,10,25.2,0.63,152.3,75.3
1137,2025-04-14,Monday,East,R019,Bus,9,45,Morning Peak,1510,9.8,7,6.3,0.7,181.2,59.6
1413,2025-04-14,Monday,West,R017,Bus,9,45,Morning Peak,1912,7.8,6,12.9,0.86,229.4,69.5
3821,2025-04-14,Monday,South,R001,Bus,9,45,Morning Peak,1012,8.9,12,20.2,0.64,121.4,61.9
2329,2025-04-14,Monday,East,R046,Bus,10,30,Morning Peak,633,5.6,12,6.6,0.6,76.0,73.0
1057,2025-04-14,Monday,East,R063,Cycling,10,45,Morning Peak,423,5.1,15,8.9,0.48,38.1,79.2
4809,2025-04-14,Monday,North,R026,Bus,10,45,Morning Peak,763,10.5,4,8.2,0.66,91.6,60.1
3595,2025-04-14,Monday,Central,R075,Bus,15,15,Midday,738,9.3,9,5.5,0.65,88.6,64.8
1071,2025-04-14,Monday,North,R075,Bus,15,45,Midday,696,6.7,8,4.6,0.71,83.5,77.3
2679,2025-04-14,Monday,South,R040,Rail,15,45,Midday,866,5.9,9,21.2,0.72,155.9,71.5
5845,2025-04-14,Monday,East,R070,Metro,17,0,Evening Peak,1330,5.7,11,23.2,0.86,212.8,79.7
3858,2025-04-14,Monday,South,R059,Rail,17,45,Evening Peak,1837,8.7,14,27.9,0.88,330.7,75.9
284,2025-04-14,Monday,North,R026,Bus,19,0,Evening Peak,522,7.8,11,20.2,0.67,62.6,75.3
2975,2025-04-14,Monday,North,R025,Bus,19,15,Evening Peak,550,4.1,15,12.0,0.5,66.0,73.9
1140,2025-04-14,Monday,West,R026,Tram,20,0,Late Evening,693,4.3,12,4.9,0.61,97.0,96.6
369,2025-04-14,Monday,South,R056,Bus,20,45,Late Evening,803,10.2,6,16.3,0.59,96.4,71.0
5227,2025-04-14,Monday,North,R066,Bus,20,45,Late Evening,565,5.4,11,26.4,0.58,67.8,58.1
1070,2025-04-14,Monday,East,R007,Bus,21,30,Late Evening,598,7.4,14,13.3,0.71,71.8,69.3
4745,2025-04-14,Monday,East,R069,Metro,22,15,Late Evening,782,2.6,10,15.8,0.67,125.1,91.2
4903,2025-04-14,Monday,North,R048,Bus,22,30,Late Evening,1123,7.1,14,10.1,0.64,134.8,64.1
2515,2025-04-15,Tuesday,Central,R038,Rail,10,0,Morning Peak,985,7.0,13,16.8,0.61,177.3,84.6
5292,2025-04-15,Tuesday,East,R080,Bus,15,15,Midday,798,11.3,8,25.7,0.67,95.8,85.2
2582,2025-04-15,Tuesday,West,R049,Tram,15,30,Midday,851,2.9,14,2.1,0.72,119.1,93.1
5251,2025-04-15,Tuesday,Central,R069,Shared Mobility,16,0,Midday,496,0.0,19,4.0,0.48,24.8,82.6
739,2025-04-15,Tuesday,West,R048,Metro,17,15,Evening Peak,1754,7.9,8,3.2,0.89,280.6,68.7
1589,2025-04-15,Tuesday,West,R033,Tram,17,30,Evening Peak,771,9.4,5,13.2,0.56,107.9,48.5
4059,2025-04-15,Tuesday,Central,R049,Bus,18,45,Evening Peak,2066,7.7,11,10.7,0.83,247.9,77.4
3316,2025-04-15,Tuesday,South,R019,Bus,19,15,Evening Peak,707,7.3,8,27.7,0.61,84.8,66.9
1920,2025-04-15,Tuesday,South,R067,Rail,19,30,Evening Peak,721,5.1,13,22.1,0.69,129.8,77.7
532,2025-04-15,Tuesday,North,R075,Bus,20,0,Late Evening,422,2.9,16,14.5,0.57,50.6,81.7
2315,2025-04-16,Wednesday,Central,R018,Shared Mobility,7,0,Early Morning,708,5.7,17,14.7,0.49,35.4,66.1
429,2025-04-16,Wednesday,North,R067,Bus,9,45,Morning Peak,1037,6.3,12,23.6,0.72,124.4,68.9
4382,2025-04-16,Wednesday,North,R025,Metro,9,45,Morning Peak,2079,8.0,9,9.4,0.94,332.6,70.3
5628,2025-04-16,Wednesday,Central,R005,Bus,9,45,Morning Peak,878,9.4,5,20.7,0.7,105.4,54.1
5048,2025-04-16,Wednesday,North,R060,Cycling,10,0,Morning Peak,1078,5.5,12,21.4,0.47,97.0,71.9
5039,2025-04-16,Wednesday,North,R072,Bus,11,0,Midday,619,5.6,17,12.0,0.65,74.3,66.8
804,2025-04-16,Wednesday,Central,R022,Rail,12,45,Midday,1055,3.7,12,5.5,0.75,189.9,83.2
5501,2025-04-16,Wednesday,North,R022,Bus,12,45,Midday,805,8.7,12,10.1,0.75,96.6,54.8
1149,2025-04-16,Wednesday,West,R008,Bus,13,15,Midday,1133,5.1,17,6.0,0.72,136.0,82.3
5678,2025-04-16,Wednesday,South,R021,Bus,13,45,Midday,1106,5.3,9,8.6,0.73,132.7,75.6
2171,2025-04-16,Wednesday,Central,R075,Rail,15,0,Midday,698,6.6,13,3.5,0.73,125.6,78.2
66,2025-04-16,Wednesday,Central,R033,Metro,15,15,Midday,1127,5.1,13,23.1,0.81,180.3,79.1
2837,2025-04-16,Wednesday,Central,R070,Rail,15,45,Midday,1001,5.9,7,11.4,0.73,180.2,72.8
1839,2025-04-16,Wednesday,Central,R023,Tram,18,0,Evening Peak,998,9.2,10,23.1,0.64,139.7,75.0
5717,2025-04-16,Wednesday,North,R009,Metro,18,0,Evening Peak,2131,6.7,12,23.2,0.99,341.0,84.6
5511,2025-04-16,Wednesday,East,R038,Rail,18,15,Evening Peak,1301,11.0,6,23.7,0.72,234.2,76.6
5719,2025-04-16,Wednesday,South,R049,Metro,20,45,Late Evening,721,0.0,21,3.4,0.75,115.4,86.4
2846,2025-04-16,Wednesday,West,R046,Metro,21,45,Late Evening,779,0.3,17,21.7,0.75,124.6,80.3
3252,2025-04-16,Wednesday,Central,R040,Metro,22,30,Late Evening,782,1.0,15,3.2,0.77,125.1,97.6
4445,2025-04-17,Thursday,East,R001,Rail,5,15,Early Morning,650,4.6,15,6.5,0.6,117.0,85.0
3699,2025-04-17,Thursday,North,R049,Bus,8,30,Morning Peak,1116,8.3,5,27.5,0.64,133.9,67.2
4466,2025-04-17,Thursday,East,R014,Tram,9,30,Morning Peak,797,4.5,16,2.6,0.62,111.6,72.4
1555,2025-04-17,Thursday,East,R044,Bus,10,0,Morning Peak,982,5.2,13,27.7,0.68,117.8,74.9
3973,2025-04-17,Thursday,North,R077,Bus,11,30,Midday,1169,4.0,17,25.2,0.74,140.3,91.7
2855,2025-04-17,Thursday,East,R016,Rail,12,15,Midday,1478,6.9,9,11.1,0.8,266.0,63.5
2793,2025-04-17,Thursday,North,R045,Metro,14,45,Midday,1981,0.9,18,17.5,1.0,317.0,90.9
1993,2025-04-17,Thursday,North,R052,Bus,16,15,Midday,2298,11.8,10,6.8,0.8,275.8,60.0
4699,2025-04-17,Thursday,East,R065,Bus,16,30,Midday,1205,7.8,12,15.8,0.82,144.6,64.2
5201,2025-04-17,Thursday,East,R040,Tram,18,45,Evening Peak,771,2.2,15,24.6,0.72,107.9,83.5
3353,2025-04-17,Thursday,West,R043,Rail,20,30,Late Evening,714,7.2,10,8.0,0.69,128.5,73.1
5703,2025-04-17,Thursday,Central,R071,Rail,20,45,Late Evening,844,3.7,12,16.2,0.71,151.9,74.3
4,2025-04-17,Thursday,West,R017,Metro,21,0,Late Evening,457,0.8,20,24.9,0.65,73.1,87.7
868,2025-04-17,Thursday,West,R066,Bus,21,0,Late Evening,990,7.2,10,14.2,0.63,118.8,67.5
2993,2025-04-17,Thursday,North,R045,Cycling,21,30,Late Evening,381,4.0,9,21.3,0.44,34.3,76.7
2147,2025-04-17,Thursday,South,R016,Bus,21,45,Late Evening,615,8.0,10,14.6,0.64,73.8,71.4
5363,2025-04-18,Friday,South,R012,Cycling,8,15,Morning Peak,522,3.9,14,23.7,0.37,47.0,73.9
415,2025-04-18,Friday,East,R027,Bus,8,45,Morning Peak,1478,6.4,15,25.3,0.68,177.4,72.4
3057,2025-04-18,Friday,Central,R052,Metro,9,15,Morning Peak,2552,7.8,10,3.1,1.01,408.3,71.8
2182,2025-04-18,Friday,South,R027,Bus,10,15,Morning Peak,792,4.2,11,21.7,0.58,95.0,76.4
1420,2025-04-18,Friday,Central,R061,Bus,10,45,Morning Peak,892,8.9,7,16.7,0.69,107.0,53.1
3505,2025-04-18,Friday,North,R001,Shared Mobility,11,30,Midday,213,1.0,15,4.1,0.29,10.6,75.4
5496,2025-04-18,Friday,West,R012,Bus,12,15,Midday,679,9.7,8,5.9,0.65,81.5,77.4
1476,2025-04-18,Friday,North,R033,Bus,12,30,Midday,930,8.8,16,18.8,0.73,111.6,65.6
5722,2025-04-18,Friday,Central,R028,Tram,14,0,Midday,674,5.1,14,10.9,0.69,94.4,78.5
4562,2025-04-18,Friday,East,R050,Bus,14,15,Midday,515,5.6,14,24.5,0.59,61.8,93.7
2232,2025-04-18,Friday,East,R012,Tram,14,30,Midday,910,2.8,18,26.4,0.69,127.4,80.9
166,2025-04-18,Friday,North,R021,Metro,16,0,Midday,1671,6.3,13,3.6,0.8,267.4,55.2
1492,2025-04-18,Friday,North,R051,Bus,17,15,Evening Peak,1392,6.7,16,19.7,0.72,167.0,73.2
2665,2025-04-18,Friday,South,R002,Metro,20,0,Late Evening,1059,0.0,19,4.2,0.8,169.4,91.2
3936,2025-04-18,Friday,South,R035,Rail,20,0,Late Evening,563,5.3,9,25.2,0.65,101.3,74.6
2003,2025-04-18,Friday,North,R035,Bus,20,15,Late Evening,734,5.4,16,8.6,0.75,88.1,81.2
3278,2025-04-18,Friday,North,R063,Rail,20,15,Late Evening,1202,8.9,9,27.2,0.82,216.4,59.7
4338,2025-04-18,Friday,North,R047,Bus,22,0,Late Evening,440,6.5,14,4.4,0.64,52.8,84.5
3967,2025-04-18,Friday,East,R003,Shared Mobility,23,30,Late Evening,210,3.7,16,21.2,0.36,10.5,83.1
4501,2025-04-19,Saturday,East,R028,Bus,7,30,Early Morning,855,9.8,10,25.3,0.6,102.6,63.9
3282,2025-04-19,Saturday,Central,R045,Rail,8,30,Morning Peak,960,8.2,8,24.8,0.7,172.8,69.8
4212,2025-04-19,Saturday,Central,R033,Bus,9,15,Morning Peak,1376,7.5,11,2.8,0.78,165.1,70.4
923,2025-04-19,Saturday,South,R074,Shared Mobility,10,0,Morning Peak,198,3.7,18,18.7,0.34,9.9,80.7
4539,2025-04-19,Saturday,West,R036,Bus,10,0,Morning Peak,412,8.6,7,26.5,0.44,49.4,64.8
3005,2025-04-19,Saturday,Central,R022,Rail,11,15,Midday,607,5.4,19,7.8,0.63,109.3,66.0
1332,2025-04-19,Saturday,North,R023,Cycling,13,0,Midday,201,0.0,22,24.2,0.41,18.1,90.7
587,2025-04-19,Saturday,East,R009,Tram,13,15,Midday,448,3.7,15,7.4,0.62,62.7,83.1
5905,2025-04-19,Saturday,East,R064,Bus,14,0,Midday,693,2.1,13,11.0,0.55,83.2,81.5
2267,2025-04-19,Saturday,West,R004,Rail,15,0,Midday,963,6.5,12,16.4,0.76,173.3,82.3
2750,2025-04-19,Saturday,East,R059,Bus,15,45,Midday,682,6.2,8,9.9,0.69,81.8,67.4
4074,2025-04-19,Saturday,West,R051,Metro,16,30,Midday,1582,9.1,2,5.4,0.81,253.1,70.5
3760,2025-04-19,Saturday,East,R015,Bus,17,0,Evening Peak,931,7.2,9,21.4,0.61,111.7,75.9
3435,2025-04-19,Saturday,South,R040,Bus,18,0,Evening Peak,1251,14.4,3,25.5,0.7,150.1,54.9
5842,2025-04-19,Saturday,Central,R073,Metro,19,0,Evening Peak,624,4.6,10,4.5,0.74,99.8,78.3
5142,2025-04-19,Saturday,South,R003,Rail,19,30,Evening Peak,898,7.1,11,28.0,0.77,161.6,84.8
2549,2025-04-19,Saturday,South,R011,Metro,22,15,Late Evening,759,2.3,21,2.5,0.78,121.4,95.1
3229,2025-04-19,Saturday,South,R050,Cycling,22,30,Late Evening,194,5.2,8,4.9,0.4,17.5,69.7
3449,2025-04-19,Saturday,South,R080,Bus,23,45,Late Evening,513,5.6,13,10.2,0.66,61.6,72.6
4088,2025-04-19,Saturday,North,R026,Cycling,23,45,Late Evening,190,2.5,15,17.9,0.51,17.1,92.0
4528,2025-04-20,Sunday,South,R075,Bus,6,0,Early Morning,547,6.0,15,12.9,0.67,65.6,88.6
2402,2025-04-20,Sunday,West,R013,Rail,7,15,Early Morning,1206,9.8,12,9.6,0.78,217.1,55.2
3121,2025-04-20,Sunday,South,R033,Metro,9,15,Morning Peak,1357,6.2,8,4.6,0.77,217.1,75.1
3156,2025-04-20,Sunday,East,R071,Cycling,10,0,Morning Peak,336,0.3,12,5.2,0.44,30.2,86.6
5856,2025-04-20,Sunday,North,R028,Tram,10,45,Morning Peak,530,3.4,20,1.8,0.55,74.2,70.8
4998,2025-04-20,Sunday,West,R009,Shared Mobility,11,0,Midday,215,4.2,15,21.6,0.33,10.8,82.6
4867,2025-04-20,Sunday,West,R011,Metro,11,45,Midday,1358,7.1,12,2.3,0.8,217.3,78.2
1162,2025-04-20,Sunday,North,R052,Rail,14,30,Midday,978,6.8,10,10.4,0.72,176.0,72.9
5794,2025-04-20,Sunday,Central,R046,Metro,17,45,Evening Peak,1397,7.7,12,12.7,0.84,223.5,57.9
4776,2025-04-20,Sunday,Central,R025,Metro,20,0,Late Evening,587,3.2,18,14.8,0.7,93.9,86.1
2122,2025-04-20,Sunday,Central,R025,Tram,23,45,Late Evening,297,4.5,16,2.9,0.6,41.6,75.0
3803,2025-04-21,Monday,South,R034,Metro,6,30,Early Morning,1030,6.0,15,16.7,0.81,164.8,74.6
4174,2025-04-21,Monday,South,R059,Metro,9,15,Morning Peak,2784,5.3,11,7.0,1.03,445.4,90.3
1079,2025-04-21,Monday,East,R030,Rail,9,45,Morning Peak,1105,5.8,13,15.1,0.8,198.9,77.7
1139,2025-04-21,Monday,South,R051,Metro,9,45,Morning Peak,1517,4.8,12,25.9,0.9,242.7,74.8
1858,2025-04-21,Monday,North,R060,Bus,10,30,Morning Peak,751,7.3,16,12.2,0.69,90.1,72.6
2669,2025-04-21,Monday,North,R017,Rail,10,30,Morning Peak,926,8.4,7,10.4,0.75,166.7,65.3
5148,2025-04-21,Monday,Central,R016,Bus,10,30,Morning Peak,612,5.4,12,25.8,0.68,73.4,66.1
1390,2025-04-21,Monday,North,R061,Tram,10,45,Morning Peak,635,2.3,12,9.9,0.52,88.9,88.6
1955,2025-04-21,Monday,South,R012,Bus,10,45,Morning Peak,972,6.7,14,4.7,0.66,116.6,74.5
4410,2025-04-21,Monday,Central,R025,Bus,11,15,Midday,1359,4.6,14,14.6,0.85,163.1,93.0
2710,2025-04-21,Monday,West,R034,Bus,11,30,Midday,1564,9.2,6,13.8,0.73,187.7,63.7
5919,2025-04-21,Monday,Central,R007,Metro,11,45,Midday,977,3.5,11,27.0,0.83,156.3,85.3
927,2025-04-21,Monday,South,R010,Rail,12,30,Midday,772,8.7,5,8.3,0.63,139.0,75.1
929,2025-04-21,Monday,East,R075,Metro,14,45,Midday,1966,0.0,23,12.2,0.91,314.6,81.8
3461,2025-04-21,Monday,Central,R059,Metro,15,0,Midday,1154,4.5,18,14.7,0.76,184.6,74.4
925,2025-04-21,Monday,North,R034,Metro,15,45,Midday,933,5.7,8,12.8,0.78,149.3,66.2
5888,2025-04-21,Monday,Central,R002,Rail,19,15,Evening Peak,728,7.3,10,22.4,0.71,131.0,76.7
2570,2025-04-21,Monday,Central,R017,Bus,20,0,Late Evening,585,8.7,9,27.6,0.55,70.2,65.7
897,2025-04-21,Monday,East,R007,Bus,20,15,Late Evening,808,4.7,14,6.3,0.67,97.0,79.8
5382,2025-04-21,Monday,East,R009,Tram,22,0,Late Evening,557,4.1,18,20.9,0.62,78.0,74.8
823,2025-04-21,Monday,South,R008,Rail,22,30,Late Evening,625,3.4,12,3.7,0.68,112.5,79.8
3624,2025-04-21,Monday,East,R022,Metro,23,45,Late Evening,1224,2.5,14,22.4,0.81,195.8,72.8
3847,2025-04-21,Monday,North,R055,Metro,23,45,Late Evening,1284,0.5,14,11.4,0.83,205.4,98.0
4092,2025-04-22,Tuesday,East,R062,Rail,8,45,Morning Peak,948,5.0,13,5.5,0.79,170.6,69.9
288,2025-04-22,Tuesday,South,R012,Cycling,10,15,Morning Peak,732,2.6,15,13.3,0.41,65.9,78.8
5324,2025-04-22,Tuesday,West,R075,Bus,10,15,Morning Peak,990,7.7,8,21.3,0.66,118.8,67.1
5896,2025-04-22,Tuesday,North,R038,Bus,10,30,Morning Peak,827,4.1,13,15.7,0.57,99.2,75.1
5509,2025-04-22,Tuesday,South,R004,Bus,12,45,Midday,937,7.8,8,13.2,0.67,112.4,60.5
4556,2025-04-22,Tuesday,West,R050,Bus,14,45,Midday,812,2.6,20,16.1,0.71,97.4,58.4
2913,2025-04-22,Tuesday,East,R075,Rail,15,15,Midday,1124,7.2,15,17.4,0.81,202.3,77.6
4909,2025-04-22,Tuesday,North,R077,Bus,15,45,Midday,865,7.8,10,14.1,0.64,103.8,67.5
3710,2025-04-22,Tuesday,Central,R065,Bus,17,30,Evening Peak,1132,10.5,10,2.3,0.71,135.8,71.2
2689,2025-04-22,Tuesday,Central,R075,Shared Mobility,18,30,Evening Peak,509,1.9,17,17.8,0.41,25.5,70.5
4147,2025-04-22,Tuesday,Central,R034,Metro,19,15,Evening Peak,1168,0.0,10,27.8,0.85,186.9,88.7
5031,2025-04-22,Tuesday,South,R024,Shared Mobility,19,45,Evening Peak,315,0.0,21,12.8,0.28,15.8,83.0
948,2025-04-22,Tuesday,Central,R054,Tram,20,0,Late Evening,543,10.0,4,26.3,0.54,76.0,57.0
1285,2025-04-22,Tuesday,North,R052,Tram,22,15,Late Evening,594,4.4,13,12.5,0.6,83.2,81.1
5170,2025-04-22,Tuesday,South,R024,Bus,22,15,Late Evening,500,11.5,5,3.6,0.61,60.0,61.3
779,2025-04-22,Tuesday,Central,R026,Bus,22,30,Late Evening,349,8.8,5,3.5,0.5,41.9,68.0
2504,2025-04-22,Tuesday,North,R035,Shared Mobility,22,45,Late Evening,195,0.0,19,18.7,0.34,9.8,80.2
262,2025-04-22,Tuesday,West,R076,Metro,23,45,Late Evening,914,7.0,12,15.1,0.78,146.2,74.4
2514,2025-04-23,Wednesday,North,R066,Metro,6,15,Early Morning,1097,2.5,17,9.5,0.8,175.5,86.0
1382,2025-04-23,Wednesday,South,R004,Shared Mobility,7,0,Early Morning,392,8.2,5,25.6,0.4,19.6,67.5
206,2025-04-23,Wednesday,West,R031,Shared Mobility,7,15,Early Morning,480,4.4,12,20.7,0.46,24.0,67.0
1674,2025-04-23,Wednesday,South,R055,Bus,8,0,Morning Peak,1111,8.6,4,24.5,0.7,133.3,76.5
283,2025-04-23,Wednesday,Central,R010,Metro,8,45,Morning Peak,1419,3.2,16,5.1,0.85,227.0,77.2
877,2025-04-23,Wednesday,North,R032,Tram,8,45,Morning Peak,896,8.4,8,2.9,0.73,125.4,77.9
5532,2025-04-23,Wednesday,North,R072,Metro,9,15,Morning Peak,1804,5.1,8,27.7,0.81,288.6,84.4
5322,2025-04-23,Wednesday,North,R050,Bus,10,0,Morning Peak,1207,8.1,12,22.7,0.77,144.8,73.6
201,2025-04-23,Wednesday,South,R015,Metro,10,30,Morning Peak,1321,5.1,16,25.3,0.82,211.4,73.8
203,2025-04-23,Wednesday,Central,R006,Bus,10,45,Morning Peak,1045,5.9,8,17.5,0.58,125.4,88.8
1233,2025-04-23,Wednesday,East,R003,Metro,11,15,Midday,2204,3.8,21,3.4,0.88,352.6,87.8
3400,2025-04-23,Wednesday,West,R071,Rail,11,45,Midday,808,9.9,6,6.8,0.61,145.4,65.8
4263,2025-04-23,Wednesday,North,R066,Tram,12,45,Midday,669,3.4,16,24.4,0.65,93.7,70.2
5289,2025-04-23,Wednesday,Central,R009,Rail,14,15,Midday,789,11.2,7,6.2,0.76,142.0,62.3
3572,2025-04-23,Wednesday,South,R033,Rail,14,30,Midday,1387,1.3,21,21.5,0.79,249.7,71.5
196,2025-04-23,Wednesday,North,R039,Shared Mobility,15,30,Midday,365,8.1,13,22.4,0.48,18.2,58.4
2762,2025-04-23,Wednesday,East,R046,Bus,17,0,Evening Peak,1421,10.9,3,6.7,0.79,170.5,65.7
4034,2025-04-23,Wednesday,Central,R007,Metro,17,0,Evening Peak,1735,9.5,7,24.6,0.86,277.6,61.3
4878,2025-04-23,Wednesday,North,R033,Rail,17,30,Evening Peak,1462,7.8,12,13.6,0.82,263.2,69.4
2767,2025-04-23,Wednesday,North,R018,Rail,19,0,Evening Peak,888,5.4,11,9.9,0.7,159.8,80.7
3308,2025-04-23,Wednesday,North,R080,Bus,19,0,Evening Peak,574,6.0,17,21.0,0.64,68.9,73.7
989,2025-04-23,Wednesday,North,R040,Cycling,20,30,Late Evening,459,0.0,20,10.8,0.4,41.3,87.5
2794,2025-04-23,Wednesday,Central,R053,Bus,20,45,Late Evening,689,6.2,11,23.0,0.71,82.7,70.4
2616,2025-04-23,Wednesday,South,R014,Metro,22,45,Late Evening,1247,5.8,15,24.6,0.82,199.5,60.9
4256,2025-04-24,Thursday,Central,R037,Metro,8,15,Morning Peak,1241,3.2,16,14.3,0.87,198.6,64.6
4839,2025-04-24,Thursday,West,R072,Metro,10,0,Morning Peak,1367,0.6,19,15.4,0.82,218.7,92.5
2610,2025-04-24,Thursday,North,R017,Bus,10,30,Morning Peak,983,0.9,19,21.0,0.76,118.0,83.5
3547,2025-04-24,Thursday,North,R073,Bus,11,30,Midday,1187,7.0,8,3.8,0.58,142.4,76.0
1234,2025-04-24,Thursday,Central,R041,Bus,12,30,Midday,1008,8.4,10,3.9,0.57,121.0,61.9
535,2025-04-24,Thursday,Central,R079,Bus,15,15,Midday,785,7.0,10,6.2,0.8,94.2,59.1
1614,2025-04-24,Thursday,Central,R011,Metro,18,45,Evening Peak,2395,5.3,8,19.6,0.95,383.2,73.1
5134,2025-04-24,Thursday,South,R052,Tram,19,0,Evening Peak,619,5.1,11,25.0,0.62,86.7,79.1
2349,2025-04-24,Thursday,East,R062,Rail,19,15,Evening Peak,532,5.3,15,3.2,0.69,95.8,62.0
2060,2025-04-24,Thursday,West,R020,Tram,19,30,Evening Peak,534,5.3,12,11.2,0.59,74.8,85.1
4048,2025-04-24,Thursday,South,R061,Rail,20,15,Late Evening,975,8.0,12,26.9,0.73,175.5,58.9
4464,2025-04-24,Thursday,South,R011,Shared Mobility,20,45,Late Evening,236,2.3,16,11.7,0.33,11.8,85.8
2985,2025-04-24,Thursday,North,R034,Rail,21,0,Late Evening,633,6.8,10,14.3,0.68,113.9,72.2
362,2025-04-24,Thursday,Central,R057,Bus,22,0,Late Evening,581,7.2,7,12.9,0.53,69.7,65.5
5225,2025-04-25,Friday,Central,R069,Bus,10,0,Morning Peak,945,3.3,13,25.4,0.76,113.4,82.3
1620,2025-04-25,Friday,Central,R051,Tram,10,45,Morning Peak,541,4.1,15,4.5,0.64,75.7,80.6
5928,2025-04-25,Friday,North,R072,Bus,11,0,Midday,858,7.7,10,6.5,0.72,103.0,55.6
1115,2025-04-25,Friday,North,R030,Bus,11,30,Midday,1141,5.3,11,19.7,0.65,136.9,82.8
1317,2025-04-25,Friday,West,R067,Bus,12,0,Midday,922,5.0,13,6.9,0.61,110.6,65.8
531,2025-04-25,Friday,North,R061,Rail,16,45,Midday,1932,7.0,7,7.2,0.89,347.8,71.6
3095,2025-04-25,Friday,Central,R061,Bus,18,30,Evening Peak,2035,4.5,9,6.0,0.77,244.2,72.8
4573,2025-04-25,Friday,North,R064,Bus,20,15,Late Evening,348,8.7,6,2.3,0.58,41.8,71.6
2328,2025-04-25,Friday,South,R066,Bus,20,45,Late Evening,767,6.4,19,22.4,0.64,92.0,61.5
5658,2025-04-26,Saturday,Central,R060,Bus,8,15,Morning Peak,1278,10.6,12,17.6,0.74,153.4,63.2
4672,2025-04-26,Saturday,West,R015,Rail,9,30,Morning Peak,1206,9.0,8,19.6,0.8,217.1,70.9
281,2025-04-26,Saturday,East,R052,Rail,9,45,Morning Peak,1152,7.5,13,11.2,0.79,207.4,70.4
4942,2025-04-26,Saturday,Central,R044,Bus,10,0,Morning Peak,1044,5.2,12,3.6,0.71,125.3,70.4
1829,2025-04-26,Saturday,North,R075,Tram,10,15,Morning Peak,652,0.9,20,12.6,0.69,91.3,92.6
2464,2025-04-26,Saturday,Central,R043,Bus,11,0,Midday,631,3.6,15,23.1,0.6,75.7,85.6
4042,2025-04-26,Saturday,Central,R007,Metro,11,0,Midday,1047,2.3,18,15.2,0.74,167.5,82.8
5312,2025-04-26,Saturday,West,R029,Bus,11,0,Midday,780,9.4,5,2.4,0.62,93.6,68.1
5558,2025-04-26,Saturday,West,R073,Metro,12,30,Midday,1061,1.2,15,10.3,0.72,169.8,95.9
2305,2025-04-26,Saturday,East,R056,Bus,13,30,Midday,610,5.1,13,15.4,0.68,73.2,79.5
178,2025-04-26,Saturday,North,R031,Rail,13,45,Midday,852,3.0,16,23.8,0.66,153.4,73.7
4053,2025-04-26,Saturday,South,R061,Cycling,14,15,Midday,187,2.3,14,12.9,0.32,16.8,88.6
2766,2025-04-26,Saturday,North,R032,Bus,15,45,Midday,534,5.6,14,20.0,0.63,64.1,77.1
3396,2025-04-26,Saturday,South,R035,Bus,16,45,Midday,968,9.3,10,23.2,0.75,116.2,63.7
5173,2025-04-26,Saturday,Central,R040,Tram,18,15,Evening Peak,823,7.4,9,6.3,0.66,115.2,67.9
3532,2025-04-26,Saturday,West,R039,Shared Mobility,18,45,Evening Peak,251,7.3,13,13.4,0.45,12.6,73.2
5971,2025-04-26,Saturday,West,R040,Metro,19,15,Evening Peak,690,5.9,12,26.5,0.74,110.4,82.5
346,2025-04-26,Saturday,North,R044,Rail,19,30,Evening Peak,757,7.9,5,17.0,0.77,136.3,61.8
4087,2025-04-26,Saturday,East,R039,Rail,19,45,Evening Peak,390,9.8,8,11.5,0.66,70.2,74.7
2943,2025-04-26,Saturday,North,R040,Bus,21,45,Late Evening,412,5.1,15,12.6,0.63,49.4,81.6
4110,2025-04-26,Saturday,West,R069,Bus,22,15,Late Evening,734,2.5,11,2.4,0.6,88.1,78.0
2888,2025-04-27,Sunday,North,R071,Metro,6,30,Early Morning,648,1.0,19,21.0,0.65,103.7,86.3
3086,2025-04-27,Sunday,South,R029,Bus,9,0,Morning Peak,685,6.2,12,21.0,0.67,82.2,73.8
3330,2025-04-27,Sunday,West,R010,Metro,9,30,Morning Peak,3271,8.6,11,9.8,0.97,523.4,66.8
1922,2025-04-27,Sunday,South,R075,Metro,9,45,Morning Peak,1858,5.4,9,12.9,0.95,297.3,81.8
2499,2025-04-27,Sunday,South,R005,Metro,10,0,Morning Peak,1587,3.3,18,8.1,0.81,253.9,93.6
5962,2025-04-27,Sunday,South,R048,Bus,10,15,Morning Peak,1048,2.2,14,23.9,0.73,125.8,82.0
2754,2025-04-27,Sunday,Central,R014,Tram,11,0,Midday,580,3.9,10,14.5,0.65,81.2,77.6
3485,2025-04-27,Sunday,South,R063,Bus,11,0,Midday,1506,5.6,10,16.3,0.78,180.7,81.9
1462,2025-04-27,Sunday,East,R032,Metro,12,0,Midday,873,0.5,14,8.0,0.7,139.7,98.0
2130,2025-04-27,Sunday,South,R009,Metro,12,15,Midday,1104,4.4,9,26.0,0.86,176.6,90.3
1788,2025-04-27,Sunday,East,R053,Bus,13,15,Midday,610,4.9,16,22.1,0.68,73.2,76.1
440,2025-04-27,Sunday,Central,R038,Metro,15,15,Midday,797,2.7,20,14.0,0.8,127.5,81.2
654,2025-04-27,Sunday,North,R031,Rail,15,30,Midday,560,5.7,10,7.2,0.69,100.8,72.7
1350,2025-04-27,Sunday,West,R044,Metro,16,0,Midday,1521,7.0,8,23.7,0.75,243.4,70.8
4632,2025-04-27,Sunday,Central,R035,Bus,17,15,Evening Peak,663,8.3,2,2.9,0.68,79.6,75.5
2408,2025-04-27,Sunday,Central,R028,Metro,19,45,Evening Peak,1515,2.1,8,20.8,0.82,242.4,85.6
4030,2025-04-27,Sunday,West,R018,Metro,21,45,Late Evening,857,3.2,12,18.1,0.81,137.1,69.1
1173,2025-04-27,Sunday,Central,R004,Bus,22,0,Late Evening,450,7.8,6,6.2,0.52,54.0,51.1
2150,2025-04-27,Sunday,Central,R074,Rail,23,30,Late Evening,613,6.6,12,22.3,0.75,110.3,72.9
4586,2025-04-28,Monday,West,R004,Bus,5,15,Early Morning,615,7.6,11,13.2,0.61,73.8,78.2
983,2025-04-28,Monday,North,R032,Rail,6,45,Early Morning,640,3.6,12,2.8,0.69,115.2,76.0
3785,2025-04-28,Monday,Central,R078,Rail,9,0,Morning Peak,1255,5.2,12,14.9,0.71,225.9,82.1
1975,2025-04-28,Monday,Central,R056,Shared Mobility,9,45,Morning Peak,444,5.9,13,25.8,0.38,22.2,62.8
5278,2025-04-28,Monday,West,R034,Metro,9,45,Morning Peak,1323,6.7,10,12.1,0.74,211.7,81.7
1208,2025-04-28,Monday,South,R013,Rail,10,0,Morning Peak,753,4.7,13,12.2,0.7,135.5,71.5
3323,2025-04-28,Monday,East,R038,Tram,10,0,Morning Peak,652,5.8,13,12.7,0.56,91.3,78.2
2330,2025-04-28,Monday,Central,R008,Bus,10,15,Morning Peak,896,8.3,8,13.3,0.72,107.5,61.0
4915,2025-04-28,Monday,West,R077,Metro,10,30,Morning Peak,2097,5.3,11,16.9,0.87,335.5,61.0
452,2025-04-28,Monday,East,R045,Bus,10,45,Morning Peak,884,5.0,11,24.5,0.73,106.1,80.7
1096,2025-04-28,Monday,Central,R030,Bus,11,15,Midday,1041,8.3,18,20.9,0.77,124.9,71.5
3375,2025-04-28,Monday,South,R032,Cycling,11,15,Midday,250,1.5,19,10.6,0.37,22.5,79.1
770,2025-04-28,Monday,South,R063,Rail,11,45,Midday,717,8.7,4,11.8,0.74,129.1,73.0
3631,2025-04-28,Monday,North,R005,Rail,12,30,Midday,778,9.3,7,3.2,0.63,140.0,83.9
2660,2025-04-28,Monday,East,R020,Rail,12,45,Midday,482,9.6,11,23.3,0.68,86.8,58.5
2772,2025-04-28,Monday,South,R054,Bus,12,45,Midday,580,6.6,8,17.7,0.67,69.6,66.9
4646,2025-04-28,Monday,North,R045,Cycling,18,15,Evening Peak,524,3.9,15,8.0,0.48,47.2,83.7
2199,2025-04-28,Monday,West,R004,Tram,18,30,Evening Peak,1271,7.1,2,19.8,0.73,177.9,58.6
5969,2025-04-28,Monday,West,R080,Metro,18,45,Evening Peak,1832,7.3,9,7.1,0.86,293.1,70.1
4275,2025-04-28,Monday,South,R027,Bus,19,0,Evening Peak,542,10.0,9,20.3,0.65,65.0,58.0
5972,2025-04-28,Monday,South,R068,Metro,19,30,Evening Peak,952,1.7,14,7.8,0.68,152.3,95.3
5613,2025-04-28,Monday,Central,R015,Metro,20,30,Late Evening,1055,4.7,17,21.7,0.76,168.8,72.1
2797,2025-04-28,Monday,North,R062,Metro,21,15,Late Evening,684,0.0,19,6.3,0.78,109.4,87.8
4543,2025-04-28,Monday,East,R025,Bus,21,30,Late Evening,469,8.6,8,17.1,0.8,56.3,70.6
972,2025-04-28,Monday,East,R022,Bus,22,0,Late Evening,535,7.4,12,15.7,0.65,64.2,70.1
722,2025-04-29,Tuesday,South,R009,Bus,5,30,Early Morning,415,6.5,13,25.3,0.54,49.8,64.5
5237,2025-04-29,Tuesday,North,R022,Bus,8,0,Morning Peak,691,10.8,5,26.1,0.67,82.9,54.7
2235,2025-04-29,Tuesday,West,R048,Metro,8,15,Morning Peak,2048,3.5,17,10.2,0.88,327.7,86.9
3817,2025-04-29,Tuesday,North,R062,Rail,9,0,Morning Peak,1868,8.0,8,9.5,0.82,336.2,69.7
3870,2025-04-29,Tuesday,East,R018,Metro,9,15,Morning Peak,2829,8.3,10,11.7,0.99,452.6,76.3
2620,2025-04-29,Tuesday,North,R057,Bus,9,30,Morning Peak,1021,7.4,11,22.1,0.76,122.5,78.3
2585,2025-04-29,Tuesday,South,R056,Bus,9,45,Morning Peak,2390,8.9,7,9.1,0.9,286.8,68.0
3669,2025-04-29,Tuesday,East,R080,Bus,10,30,Morning Peak,674,7.1,10,23.2,0.68,80.9,77.6
1884,2025-04-29,Tuesday,Central,R027,Bus,12,0,Midday,772,3.5,15,10.8,0.71,92.6,70.2
2727,2025-04-29,Tuesday,West,R020,Bus,15,15,Midday,762,7.7,9,4.1,0.59,91.4,75.4
2012,2025-04-29,Tuesday,West,R035,Tram,18,0,Evening Peak,981,9.3,13,26.8,0.45,137.3,62.3
4970,2025-04-29,Tuesday,North,R068,Bus,18,0,Evening Peak,1041,5.6,10,18.0,0.63,124.9,78.6
906,2025-04-29,Tuesday,South,R080,Rail,20,15,Late Evening,763,4.3,13,11.0,0.6,137.3,65.9
1296,2025-04-29,Tuesday,Central,R044,Metro,21,0,Late Evening,648,0.0,14,15.3,0.71,103.7,82.2
4961,2025-04-29,Tuesday,South,R074,Metro,22,15,Late Evening,761,3.8,17,15.2,0.71,121.8,80.2
2058,2025-04-29,Tuesday,South,R021,Bus,22,45,Late Evening,636,7.4,7,11.5,0.57,76.3,61.8
4639,2025-04-30,Wednesday,West,R067,Metro,5,30,Early Morning,1104,3.2,18,13.6,0.8,176.6,79.0
1998,2025-04-30,Wednesday,West,R019,Tram,8,0,Morning Peak,636,7.1,13,27.3,0.57,89.0,70.2
4800,2025-04-30,Wednesday,Central,R057,Metro,8,15,Morning Peak,1318,7.4,14,4.8,0.71,210.9,80.5
3134,2025-04-30,Wednesday,West,R018,Metro,9,45,Morning Peak,1809,7.7,17,26.7,0.79,289.4,79.0
2843,2025-04-30,Wednesday,East,R057,Shared Mobility,10,30,Morning Peak,320,6.4,12,25.2,0.28,16.0,72.0
2518,2025-04-30,Wednesday,South,R077,Bus,11,30,Midday,884,11.5,12,3.2,0.79,106.1,55.3
1704,2025-04-30,Wednesday,West,R011,Bus,12,0,Midday,849,6.4,12,17.5,0.75,101.9,77.7
3158,2025-04-30,Wednesday,East,R068,Bus,13,30,Midday,920,8.8,9,22.9,0.7,110.4,68.8
3628,2025-04-30,Wednesday,Central,R017,Shared Mobility,13,30,Midday,393,1.2,12,14.4,0.39,19.7,83.3
1582,2025-04-30,Wednesday,North,R004,Tram,15,45,Midday,649,3.9,12,26.6,0.58,90.9,82.0
3717,2025-04-30,Wednesday,South,R013,Metro,15,45,Midday,1710,3.1,16,28.0,0.91,273.6,95.8
279,2025-04-30,Wednesday,South,R038,Bus,16,0,Midday,1191,5.2,11,16.2,0.75,142.9,79.6
5094,2025-04-30,Wednesday,East,R064,Bus,18,45,Evening Peak,1287,7.3,13,4.5,0.8,154.4,68.2
433,2025-04-30,Wednesday,Central,R017,Bus,21,0,Late Evening,636,4.6,14,2.6,0.6,76.3,73.7
1272,2025-04-30,Wednesday,Central,R054,Metro,22,0,Late Evening,1325,2.1,11,17.5,0.8,212.0,80.3
1311,2025-04-30,Wednesday,South,R060,Bus,22,0,Late Evening,760,7.0,9,11.9,0.67,91.2,65.5
177,2025-05-01,Thursday,North,R047,Tram,7,45,Early Morning,919,4.2,12,6.6,0.56,128.7,79.9
3697,2025-05-01,Thursday,East,R044,Cycling,10,0,Morning Peak,338,2.8,12,7.6,0.34,30.4,92.4
2336,2025-05-01,Thursday,North,R029,Cycling,12,0,Midday,460,3.8,17,21.5,0.57,41.4,79.1
5571,2025-05-01,Thursday,West,R025,Bus,12,0,Midday,833,5.2,10,9.3,0.75,100.0,76.0
2207,2025-05-01,Thursday,North,R062,Bus,12,45,Midday,785,3.8,12,2.4,0.65,94.2,86.8
4492,2025-05-01,Thursday,South,R041,Bus,12,45,Midday,559,3.1,16,21.2,0.63,67.1,82.8
3132,2025-05-01,Thursday,North,R018,Bus,13,0,Midday,899,2.7,13,21.8,0.7,107.9,77.4
863,2025-05-01,Thursday,South,R004,Bus,17,0,Evening Peak,1309,12.3,10,1.9,0.64,157.1,52.5
1992,2025-05-01,Thursday,Central,R022,Bus,19,45,Evening Peak,745,9.7,8,19.3,0.62,89.4,66.6
2317,2025-05-01,Thursday,Central,R079,Bus,20,15,Late Evening,416,6.3,16,7.9,0.5,49.9,62.1
2699,2025-05-01,Thursday,South,R072,Bus,22,0,Late Evening,1128,5.8,8,23.1,0.71,135.4,87.0
592,2025-05-02,Friday,West,R005,Metro,9,0,Morning Peak,1499,4.7,12,2.8,0.96,239.8,82.5
1877,2025-05-02,Friday,Central,R010,Tram,10,15,Morning Peak,773,9.9,6,4.7,0.65,108.2,71.9
3419,2025-05-02,Friday,West,R033,Bus,11,45,Midday,607,9.0,13,6.2,0.67,72.8,54.9
4571,2025-05-02,Friday,South,R073,Bus,12,0,Midday,892,9.0,13,1.5,0.67,107.0,75.6
840,2025-05-02,Friday,West,R068,Metro,13,15,Midday,1075,0.8,18,18.8,0.79,172.0,88.4
4698,2025-05-02,Friday,East,R034,Bus,13,15,Midday,1074,9.4,11,6.1,0.69,128.9,76.0
5977,2025-05-02,Friday,East,R041,Bus,14,0,Midday,1090,8.9,5,5.8,0.66,130.8,58.6
9,2025-05-02,Friday,North,R053,Metro,14,15,Midday,1306,6.7,9,7.5,0.82,209.0,79.1
689,2025-05-02,Friday,West,R058,Bus,14,45,Midday,506,8.5,6,22.4,0.66,60.7,69.1
3357,2025-05-02,Friday,West,R035,Bus,14,45,Midday,646,3.2,14,23.6,0.64,77.5,70.6
1837,2025-05-02,Friday,North,R015,Metro,15,0,Midday,1788,1.5,15,20.8,0.91,286.1,89.7
3919,2025-05-02,Friday,Central,R005,Bus,15,45,Midday,1079,2.9,16,18.0,0.7,129.5,78.6
1365,2025-05-02,Friday,South,R005,Metro,16,45,Midday,1650,3.8,14,27.2,0.87,264.0,74.5
5441,2025-05-02,Friday,East,R077,Bus,17,30,Evening Peak,1548,7.2,8,26.9,0.85,185.8,69.0
612,2025-05-02,Friday,West,R043,Metro,18,15,Evening Peak,1054,1.3,15,5.7,0.8,168.6,85.9
5495,2025-05-02,Friday,Central,R004,Shared Mobility,19,30,Evening Peak,280,1.5,21,10.6,0.51,14.0,89.7
446,2025-05-02,Friday,West,R045,Metro,21,30,Late Evening,592,0.3,16,26.1,0.66,94.7,88.7
2617,2025-05-02,Friday,West,R075,Bus,23,15,Late Evening,636,5.2,6,13.2,0.68,76.3,73.6
1093,2025-05-03,Saturday,North,R027,Shared Mobility,9,0,Morning Peak,277,7.0,14,19.7,0.35,13.8,77.8
225,2025-05-03,Saturday,South,R037,Bus,15,15,Midday,743,9.4,4,11.1,0.59,89.2,60.9
4460,2025-05-03,Saturday,North,R067,Rail,17,15,Evening Peak,969,11.6,4,14.0,0.68,174.4,64.8
1591,2025-05-03,Saturday,North,R057,Shared Mobility,17,45,Evening Peak,325,1.6,16,13.2,0.44,16.2,84.0
3611,2025-05-03,Saturday,South,R048,Rail,18,0,Evening Peak,1516,5.7,17,21.4,0.68,272.9,81.4
4683,2025-05-03,Saturday,West,R051,Bus,18,30,Evening Peak,1408,5.7,7,15.8,0.71,169.0,68.2
5820,2025-05-03,Saturday,North,R012,Cycling,20,30,Late Evening,164,4.3,12,11.2,0.54,14.8,84.1
4176,2025-05-03,Saturday,Central,R056,Bus,21,0,Late Evening,384,7.3,13,23.6,0.71,46.1,67.2
1843,2025-05-03,Saturday,Central,R036,Bus,23,45,Late Evening,335,6.2,15,17.5,0.61,40.2,86.1
3423,2025-05-04,Sunday,South,R051,Metro,6,15,Early Morning,590,3.5,19,22.1,0.71,94.4,75.5
2783,2025-05-04,Sunday,North,R029,Bus,6,45,Early Morning,569,7.9,10,4.7,0.71,68.3,66.3
3071,2025-05-04,Sunday,East,R069,Metro,9,0,Morning Peak,1341,6.4,6,22.4,0.7,214.6,73.8
2460,2025-05-04,Sunday,West,R051,Metro,9,45,Morning Peak,1878,5.5,20,15.4,0.84,300.5,68.8
4325,2025-05-04,Sunday,West,R073,Rail,10,0,Morning Peak,660,2.9,20,14.4,0.68,118.8,85.4
5622,2025-05-04,Sunday,North,R043,Metro,10,45,Morning Peak,636,0.0,14,8.3,0.8,101.8,89.7
1603,2025-05-04,Sunday,South,R005,Rail,11,30,Midday,1212,5.6,11,11.7,0.76,218.2,73.8
3131,2025-05-04,Sunday,North,R008,Bus,11,45,Midday,807,3.3,17,24.5,0.7,96.8,77.1
2609,2025-05-04,Sunday,East,R031,Bus,12,15,Midday,367,2.3,17,21.3,0.55,44.0,81.5
5779,2025-05-04,Sunday,North,R029,Cycling,13,45,Midday,201,0.0,16,27.4,0.43,18.1,86.6
428,2025-05-04,Sunday,West,R022,Cycling,14,45,Midday,361,0.0,15,26.8,0.5,32.5,98.0
4262,2025-05-04,Sunday,North,R070,Rail,18,15,Evening Peak,947,2.7,17,5.2,0.74,170.5,96.9
4708,2025-05-04,Sunday,East,R041,Bus,19,15,Evening Peak,657,1.4,19,3.6,0.61,78.8,84.0
2151,2025-05-04,Sunday,South,R069,Bus,20,0,Late Evening,530,2.0,15,5.1,0.67,63.6,92.0
236,2025-05-04,Sunday,South,R052,Bus,21,15,Late Evening,309,2.7,17,15.5,0.57,37.1,84.6
3865,2025-05-04,Sunday,West,R038,Bus,22,0,Late Evening,407,3.8,16,9.0,0.6,48.8,84.3
400,2025-05-05,Monday,West,R039,Metro,6,0,Early Morning,1256,4.0,12,17.7,0.83,201.0,78.1
1061,2025-05-05,Monday,West,R056,Shared Mobility,7,45,Early Morning,423,5.1,15,3.5,0.35,21.2,63.9
2254,2025-05-05,Monday,North,R006,Bus,9,15,Morning Peak,1260,12.1,8,10.8,0.74,151.2,68.7
3155,2025-05-05,Monday,Central,R069,Tram,11,45,Midday,498,0.8,13,6.8,0.5,69.7,82.8
5482,2025-05-05,Monday,South,R068,Metro,12,15,Midday,1109,3.6,9,11.5,0.76,177.4,89.1
4850,2025-05-05,Monday,South,R068,Bus,12,30,Midday,843,9.3,9,26.6,0.65,101.2,60.8
3970,2025-05-05,Monday,North,R033,Bus,12,45,Midday,1054,4.6,8,5.0,0.67,126.5,86.9
5791,2025-05-05,Monday,East,R066,Cycling,13,0,Midday,468,0.0,16,15.7,0.45,42.1,75.0
1932,2025-05-05,Monday,North,R058,Bus,15,30,Midday,784,5.9,7,17.1,0.72,94.1,81.9
5008,2025-05-05,Monday,East,R062,Shared Mobility,16,15,Midday,529,7.0,7,25.0,0.35,26.4,69.9
5539,2025-05-05,Monday,Central,R045,Bus,19,0,Evening Peak,922,4.0,18,12.0,0.75,110.6,85.1
3420,2025-05-05,Monday,South,R078,Cycling,19,15,Evening Peak,361,0.0,18,6.1,0.47,32.5,92.3
2919,2025-05-05,Monday,West,R048,Metro,20,0,Late Evening,1634,1.5,18,13.9,0.81,261.4,76.4
2208,2025-05-05,Monday,North,R068,Bus,21,30,Late Evening,607,2.3,13,13.5,0.67,72.8,82.9
3460,2025-05-05,Monday,Central,R063,Bus,22,0,Late Evening,614,9.5,11,26.2,0.69,73.7,65.3
3416,2025-05-05,Monday,Central,R011,Cycling,23,30,Late Evening,443,1.3,18,24.0,0.46,39.9,91.4
819,2025-05-06,Tuesday,Central,R035,Metro,9,15,Morning Peak,1871,7.7,8,6.9,0.93,299.4,64.6
2816,2025-05-06,Tuesday,West,R042,Bus,9,15,Morning Peak,1129,6.3,13,16.0,0.81,135.5,67.6
4991,2025-05-06,Tuesday,North,R051,Metro,9,30,Morning Peak,1672,4.9,17,3.0,0.84,267.5,77.6
4569,2025-05-06,Tuesday,North,R061,Rail,10,0,Morning Peak,798,3.6,15,6.1,0.65,143.6,72.0
2627,2025-05-06,Tuesday,Central,R003,Bus,11,15,Midday,940,4.1,16,16.0,0.67,112.8,89.4
913,2025-05-06,Tuesday,North,R055,Bus,11,30,Midday,736,10.5,7,13.8,0.65,88.3,57.7
3434,2025-05-06,Tuesday,South,R006,Metro,11,45,Midday,1036,8.2,14,25.9,0.72,165.8,63.1
644,2025-05-06,Tuesday,South,R056,Bus,12,0,Midday,1212,6.9,8,5.7,0.72,145.4,89.9
3840,2025-05-06,Tuesday,North,R078,Bus,12,15,Midday,804,4.6,11,25.2,0.74,96.5,65.9
3390,2025-05-06,Tuesday,West,R011,Rail,13,45,Midday,1402,5.9,15,17.5,0.84,252.4,76.1
4265,2025-05-06,Tuesday,North,R052,Metro,14,30,Midday,1696,7.5,6,17.2,0.76,271.4,77.2
639,2025-05-06,Tuesday,West,R041,Bus,15,30,Midday,680,3.1,17,10.9,0.7,81.6,79.3
2040,2025-05-06,Tuesday,Central,R047,Bus,18,15,Evening Peak,1781,10.6,12,16.1,0.71,213.7,63.2
451,2025-05-06,Tuesday,North,R031,Bus,19,15,Evening Peak,592,6.0,15,20.2,0.6,71.0,94.9
2028,2025-05-06,Tuesday,North,R030,Metro,19,30,Evening Peak,1029,2.4,16,5.1,0.89,164.6,84.3
5668,2025-05-06,Tuesday,Central,R048,Tram,20,0,Late Evening,420,4.4,13,23.8,0.65,58.8,76.7
214,2025-05-06,Tuesday,Central,R009,Bus,21,0,Late Evening,857,3.2,12,13.9,0.74,102.8,72.0
3556,2025-05-06,Tuesday,East,R009,Metro,21,30,Late Evening,1442,4.6,17,24.2,0.75,230.7,80.2
4194,2025-05-06,Tuesday,West,R001,Cycling,23,30,Late Evening,509,1.9,20,16.3,0.39,45.8,77.2
3303,2025-05-07,Wednesday,North,R067,Bus,8,45,Morning Peak,1508,11.7,5,14.3,0.84,181.0,71.0
3347,2025-05-07,Wednesday,South,R021,Rail,8,45,Morning Peak,2208,6.0,12,7.3,0.9,397.4,59.8
3674,2025-05-07,Wednesday,North,R029,Bus,9,0,Morning Peak,851,11.0,13,9.1,0.64,102.1,56.0
1866,2025-05-07,Wednesday,Central,R017,Metro,9,15,Morning Peak,1643,3.7,14,6.4,0.83,262.9,82.8
443,2025-05-07,Wednesday,North,R036,Cycling,10,30,Morning Peak,600,0.0,22,18.5,0.5,54.0,86.3
4431,2025-05-07,Wednesday,Central,R009,Bus,10,45,Morning Peak,722,7.9,14,11.6,0.67,86.6,77.3
3589,2025-05-07,Wednesday,East,R075,Cycling,12,0,Midday,247,0.0,14,3.9,0.47,22.2,80.1
4584,2025-05-07,Wednesday,North,R002,Bus,12,0,Midday,704,1.7,18,22.0,0.67,84.5,79.5
5808,2025-05-07,Wednesday,North,R002,Rail,14,15,Midday,1091,6.1,11,25.4,0.71,196.4,73.7
5133,2025-05-07,Wednesday,Central,R027,Bus,15,15,Midday,874,5.5,12,4.0,0.64,104.9,73.0
5125,2025-05-07,Wednesday,West,R029,Bus,15,45,Midday,625,8.3,5,27.9,0.53,75.0,57.2
4394,2025-05-07,Wednesday,West,R015,Bus,16,0,Midday,1076,9.8,6,22.0,0.73,129.1,78.6
3159,2025-05-07,Wednesday,South,R043,Bus,17,45,Evening Peak,924,11.1,5,7.8,0.73,110.9,68.0
1148,2025-05-07,Wednesday,West,R075,Cycling,18,0,Evening Peak,466,4.7,15,23.3,0.55,41.9,78.3
2865,2025-05-07,Wednesday,North,R047,Bus,18,45,Evening Peak,1346,10.2,7,4.9,0.71,161.5,56.7
5554,2025-05-07,Wednesday,West,R074,Bus,18,45,Evening Peak,922,8.6,11,12.5,0.65,110.6,68.4
366,2025-05-07,Wednesday,North,R079,Bus,20,15,Late Evening,637,6.7,9,21.9,0.67,76.4,73.1
3273,2025-05-07,Wednesday,West,R065,Bus,21,45,Late Evening,585,2.5,15,13.1,0.74,70.2,97.0
883,2025-05-07,Wednesday,Central,R051,Rail,22,30,Late Evening,1062,9.0,14,23.4,0.73,191.2,72.2
249,2025-05-08,Thursday,Central,R024,Bus,7,0,Early Morning,1268,13.7,4,16.7,0.72,152.2,59.3
171,2025-05-08,Thursday,West,R058,Metro,8,0,Morning Peak,2278,7.8,10,3.8,0.89,364.5,75.8
5800,2025-05-08,Thursday,East,R005,Metro,9,0,Morning Peak,2649,2.4,15,8.2,0.86,423.8,86.0
1339,2025-05-08,Thursday,North,R001,Tram,9,15,Morning Peak,913,7.9,8,10.3,0.6,127.8,72.4
4608,2025-05-08,Thursday,North,R052,Metro,9,15,Morning Peak,1174,3.7,12,14.1,0.73,187.8,91.4
4940,2025-05-08,Thursday,Central,R034,Metro,10,30,Morning Peak,1249,3.3,15,18.3,0.86,199.8,87.1
1185,2025-05-08,Thursday,South,R031,Bus,10,45,Morning Peak,882,4.5,10,14.4,0.62,105.8,73.0
352,2025-05-08,Thursday,North,R042,Cycling,11,0,Midday,476,0.0,15,21.2,0.51,42.8,92.9
2415,2025-05-08,Thursday,East,R050,Metro,11,30,Midday,1525,3.2,20,14.5,0.93,244.0,87.6
1314,2025-05-08,Thursday,Central,R018,Cycling,13,30,Midday,467,3.9,13,7.8,0.47,42.0,77.8
3015,2025-05-08,Thursday,West,R026,Bus,15,0,Midday,1161,6.6,18,2.4,0.67,139.3,65.0
4293,2025-05-08,Thursday,East,R071,Bus,18,15,Evening Peak,1295,9.7,7,6.6,0.71,155.4,62.7
4221,2025-05-08,Thursday,South,R030,Metro,19,0,Evening Peak,905,3.1,14,3.3,0.82,144.8,95.4
2667,2025-05-08,Thursday,Central,R060,Metro,19,15,Evening Peak,995,4.0,15,2.2,0.78,159.2,83.8
3075,2025-05-08,Thursday,West,R042,Shared Mobility,20,0,Late Evening,264,0.0,17,17.0,0.38,13.2,91.3
305,2025-05-08,Thursday,West,R075,Bus,22,15,Late Evening,709,6.9,10,23.4,0.55,85.1,84.5
5028,2025-05-08,Thursday,South,R020,Metro,22,15,Late Evening,785,2.0,19,6.7,0.8,125.6,86.4
3587,2025-05-08,Thursday,Central,R015,Cycling,22,30,Late Evening,294,0.7,21,25.6,0.43,26.5,83.5
5455,2025-05-08,Thursday,South,R052,Metro,23,30,Late Evening,753,2.1,17,22.6,0.77,120.5,82.3
4488,2025-05-09,Friday,West,R050,Metro,5,0,Early Morning,998,5.9,13,9.3,0.64,159.7,83.3
5305,2025-05-09,Friday,South,R055,Tram,6,0,Early Morning,376,8.3,8,17.7,0.5,52.6,70.5
2104,2025-05-09,Friday,Central,R002,Tram,7,0,Early Morning,1039,8.0,9,20.4,0.59,145.5,74.8
2675,2025-05-09,Friday,North,R032,Metro,7,15,Early Morning,1910,8.0,9,14.3,0.9,305.6,72.2
2519,2025-05-09,Friday,Central,R035,Metro,9,0,Morning Peak,1998,6.6,11,24.1,0.87,319.7,76.8
4507,2025-05-09,Friday,South,R051,Bus,10,45,Morning Peak,900,6.9,7,21.1,0.69,108.0,79.1
253,2025-05-09,Friday,East,R051,Bus,11,15,Midday,1174,6.1,12,27.2,0.82,140.9,75.2
2819,2025-05-09,Friday,North,R035,Metro,11,15,Midday,1286,5.9,14,20.9,0.88,205.8,77.9
4023,2025-05-09,Friday,Central,R032,Rail,12,30,Midday,940,5.4,8,2.5,0.82,169.2,72.7
2989,2025-05-09,Friday,North,R013,Bus,12,45,Midday,1089,7.8,12,4.1,0.76,130.7,70.3
100,2025-05-09,Friday,East,R052,Rail,14,0,Midday,620,4.1,13,13.9,0.67,111.6,68.9
4773,2025-05-09,Friday,East,R029,Metro,14,30,Midday,1964,6.6,11,6.8,0.89,314.2,78.7
444,2025-05-09,Friday,Central,R070,Metro,15,15,Midday,1340,4.4,18,14.6,0.91,214.4,77.7
3003,2025-05-09,Friday,Central,R051,Metro,15,45,Midday,923,5.5,19,3.7,0.73,147.7,63.0
5705,2025-05-09,Friday,South,R033,Bus,16,15,Midday,1441,8.8,9,20.7,0.75,172.9,77.2
2047,2025-05-09,Friday,North,R013,Bus,17,45,Evening Peak,1384,13.5,4,20.9,0.68,166.1,58.6
5889,2025-05-09,Friday,South,R016,Rail,19,0,Evening Peak,437,9.3,7,16.7,0.59,78.7,74.2
5873,2025-05-09,Friday,West,R032,Metro,21,15,Late Evening,1059,0.7,16,12.3,0.73,169.4,78.9
1410,2025-05-09,Friday,Central,R060,Metro,23,30,Late Evening,1195,6.0,14,19.4,0.81,191.2,70.9
5694,2025-05-10,Saturday,Central,R047,Rail,6,0,Early Morning,466,4.6,14,8.3,0.6,83.9,79.7
1732,2025-05-10,Saturday,West,R048,Cycling,7,15,Early Morning,370,8.4,11,8.9,0.39,33.3,67.8
208,2025-05-10,Saturday,Central,R046,Rail,8,15,Morning Peak,1863,8.3,9,20.1,0.79,335.3,76.5
5020,2025-05-10,Saturday,North,R051,Cycling,9,30,Morning Peak,856,6.7,8,27.5,0.53,77.0,79.4
2006,2025-05-10,Saturday,Central,R007,Bus,10,0,Morning Peak,1104,5.0,12,27.7,0.79,132.5,69.5
1113,2025-05-10,Saturday,North,R010,Bus,10,15,Morning Peak,716,6.4,13,7.4,0.72,85.9,87.3
2520,2025-05-10,Saturday,Central,R079,Bus,10,45,Morning Peak,507,6.0,10,4.5,0.67,60.8,61.9
2281,2025-05-10,Saturday,East,R079,Shared Mobility,11,15,Midday,162,0.2,23,6.7,0.34,8.1,89.2
215,2025-05-10,Saturday,South,R005,Rail,13,45,Midday,537,6.5,13,7.2,0.66,96.7,79.5
1010,2025-05-10,Saturday,South,R035,Metro,16,0,Midday,1715,5.1,8,18.7,0.84,274.4,75.1
2428,2025-05-10,Saturday,East,R027,Tram,17,30,Evening Peak,1012,9.4,7,5.7,0.65,141.7,67.7
2388,2025-05-10,Saturday,Central,R015,Bus,18,45,Evening Peak,921,6.7,9,3.9,0.67,110.5,69.5
5591,2025-05-10,Saturday,South,R009,Cycling,19,0,Evening Peak,153,1.0,16,5.1,0.47,13.8,86.0
2296,2025-05-10,Saturday,South,R062,Bus,19,45,Evening Peak,517,6.3,15,2.5,0.48,62.0,89.0
1959,2025-05-10,Saturday,South,R013,Bus,22,15,Late Evening,467,4.9,15,25.6,0.62,56.0,82.0
2435,2025-05-10,Saturday,Central,R064,Metro,22,15,Late Evening,566,2.4,19,19.9,0.61,90.6,84.9
1368,2025-05-10,Saturday,South,R021,Metro,22,30,Late Evening,754,2.2,14,13.9,0.77,120.6,92.3
5098,2025-05-11,Sunday,South,R046,Bus,9,0,Morning Peak,985,10.1,5,20.7,0.74,118.2,63.1
276,2025-05-11,Sunday,North,R059,Metro,10,15,Morning Peak,1252,4.3,20,6.9,0.73,200.3,72.2
1418,2025-05-11,Sunday,South,R042,Rail,10,15,Morning Peak,847,8.3,6,26.4,0.69,152.5,68.6
1898,2025-05-11,Sunday,East,R013,Shared Mobility,10,15,Morning Peak,215,5.3,17,7.4,0.35,10.8,69.5
1242,2025-05-11,Sunday,North,R010,Bus,11,0,Midday,595,8.2,13,8.1,0.62,71.4,74.6
2880,2025-05-11,Sunday,South,R059,Rail,11,45,Midday,561,8.2,6,24.4,0.69,101.0,74.6
3036,2025-05-11,Sunday,West,R074,Cycling,12,30,Midday,425,0.0,21,14.1,0.47,38.2,76.8
5898,2025-05-11,Sunday,North,R006,Metro,16,45,Midday,901,7.4,15,18.8,0.71,144.2,77.6
127,2025-05-11,Sunday,Central,R033,Bus,17,30,Evening Peak,925,5.9,13,6.3,0.67,111.0,68.5
1934,2025-05-11,Sunday,West,R074,Bus,19,30,Evening Peak,591,3.1,9,16.2,0.61,70.9,78.2
4919,2025-05-11,Sunday,South,R047,Bus,20,0,Late Evening,438,0.0,17,12.0,0.6,52.6,81.3
1480,2025-05-11,Sunday,South,R061,Metro,20,15,Late Evening,404,3.0,14,6.1,0.68,64.6,97.8
42,2025-05-11,Sunday,North,R043,Bus,21,45,Late Evening,617,8.8,7,4.5,0.68,74.0,68.7
3019,2025-05-11,Sunday,West,R071,Shared Mobility,22,30,Late Evening,192,4.2,7,15.5,0.49,9.6,74.3
16,2025-05-11,Sunday,South,R013,Bus,23,0,Late Evening,556,7.0,11,5.1,0.61,66.7,68.6
3857,2025-05-12,Monday,Central,R060,Bus,5,15,Early Morning,525,7.5,12,26.8,0.51,63.0,56.3
2711,2025-05-12,Monday,Central,R038,Bus,7,45,Early Morning,1588,9.0,14,7.9,0.72,190.6,65.0
1049,2025-05-12,Monday,South,R014,Cycling,8,45,Morning Peak,879,3.7,17,21.0,0.5,79.1,72.7
2709,2025-05-12,Monday,West,R013,Metro,9,15,Morning Peak,2122,3.6,17,13.4,0.81,339.5,84.9
2096,2025-05-12,Monday,North,R069,Metro,10,15,Morning Peak,1057,4.0,13,7.0,0.8,169.1,90.3
1238,2025-05-12,Monday,Central,R065,Bus,11,45,Midday,756,2.5,13,26.2,0.74,90.7,76.5
3202,2025-05-12,Monday,Central,R029,Metro,11,45,Midday,1287,0.1,13,21.6,0.81,205.9,94.0
4396,2025-05-12,Monday,Central,R078,Metro,12,15,Midday,1190,3.0,11,11.1,0.77,190.4,84.7
2176,2025-05-12,Monday,North,R007,Tram,14,0,Midday,511,3.8,12,27.1,0.52,71.5,74.1
626,2025-05-12,Monday,East,R017,Metro,15,15,Midday,1199,0.3,18,26.8,0.89,191.8,85.3
5301,2025-05-12,Monday,North,R063,Rail,16,45,Midday,1190,5.7,10,12.3,0.67,214.2,61.6
5086,2025-05-12,Monday,Central,R018,Metro,20,15,Late Evening,1470,4.0,18,24.6,0.7,235.2,75.2
4082,2025-05-12,Monday,West,R008,Bus,20,45,Late Evening,796,6.7,15,24.8,0.77,95.5,65.6
4695,2025-05-12,Monday,West,R011,Cycling,21,30,Late Evening,253,1.7,15,9.0,0.38,22.8,75.0
3871,2025-05-13,Tuesday,South,R065,Metro,9,30,Morning Peak,1315,7.3,10,26.6,0.93,210.4,56.1
2474,2025-05-13,Tuesday,West,R063,Bus,10,0,Morning Peak,1007,3.2,15,10.8,0.52,120.8,74.5
2552,2025-05-13,Tuesday,Central,R008,Bus,10,45,Morning Peak,1092,11.4,8,22.3,0.73,131.0,67.8
4081,2025-05-13,Tuesday,Central,R011,Bus,11,0,Midday,562,7.6,8,2.4,0.56,67.4,72.4
5862,2025-05-13,Tuesday,Central,R062,Tram,11,15,Midday,704,6.6,10,4.1,0.59,98.6,66.7
850,2025-05-13,Tuesday,South,R050,Cycling,11,45,Midday,658,0.8,16,8.2,0.47,59.2,90.0
1984,2025-05-13,Tuesday,Central,R071,Metro,12,45,Midday,1014,2.8,15,2.1,0.93,162.2,85.3
1145,2025-05-13,Tuesday,West,R015,Tram,14,30,Midday,601,1.0,10,26.8,0.6,84.1,78.9
981,2025-05-13,Tuesday,South,R041,Bus,16,15,Midday,1516,11.0,7,18.4,0.75,181.9,74.2
4891,2025-05-13,Tuesday,South,R078,Bus,16,15,Midday,952,7.9,8,6.6,0.61,114.2,65.5
4496,2025-05-13,Tuesday,Central,R056,Bus,17,45,Evening Peak,1513,8.4,11,7.9,0.83,181.6,86.0
745,2025-05-13,Tuesday,South,R010,Rail,18,15,Evening Peak,952,7.8,7,25.2,0.75,171.4,74.9
2135,2025-05-13,Tuesday,North,R024,Metro,19,15,Evening Peak,1581,3.4,16,3.0,0.88,253.0,64.6
3024,2025-05-13,Tuesday,East,R054,Metro,19,45,Evening Peak,1030,0.2,16,17.0,0.78,164.8,95.7
807,2025-05-13,Tuesday,Central,R021,Bus,22,15,Late Evening,702,5.6,13,8.1,0.6,84.2,80.2
1652,2025-05-13,Tuesday,East,R015,Cycling,22,30,Late Evening,241,0.0,17,11.0,0.51,21.7,77.8
593,2025-05-13,Tuesday,Central,R052,Metro,23,45,Late Evening,871,0.0,20,27.6,0.65,139.4,87.3
1074,2025-05-14,Wednesday,North,R020,Metro,5,15,Early Morning,1240,2.1,14,25.9,0.73,198.4,74.6
1128,2025-05-14,Wednesday,North,R071,Bus,5,45,Early Morning,934,6.2,13,16.7,0.75,112.1,85.0
3028,2025-05-14,Wednesday,South,R034,Shared Mobility,8,30,Morning Peak,506,6.4,11,4.2,0.49,25.3,65.6
4344,2025-05-14,Wednesday,North,R008,Cycling,8,30,Morning Peak,427,4.9,17,10.3,0.38,38.4,80.6
2379,2025-05-14,Wednesday,East,R016,Metro,10,0,Morning Peak,1464,4.0,6,15.2,0.81,234.2,71.1
4561,2025-05-14,Wednesday,East,R074,Tram,10,0,Morning Peak,713,4.2,12,27.1,0.72,99.8,85.5
1356,2025-05-14,Wednesday,West,R058,Cycling,11,0,Midday,365,3.1,21,26.0,0.42,32.8,79.0
655,2025-05-14,Wednesday,South,R009,Bus,11,45,Midday,1066,6.8,11,27.9,0.77,127.9,83.1
3097,2025-05-14,Wednesday,Central,R053,Bus,11,45,Midday,1077,6.8,13,9.9,0.58,129.2,73.3
1718,2025-05-14,Wednesday,East,R002,Bus,12,45,Midday,924,8.5,6,8.0,0.68,110.9,74.9
971,2025-05-14,Wednesday,North,R071,Rail,16,15,Midday,1373,5.3,13,15.2,0.81,247.1,72.8
3832,2025-05-14,Wednesday,South,R074,Bus,18,45,Evening Peak,1512,9.7,10,24.1,0.66,181.4,67.6
3427,2025-05-14,Wednesday,Central,R068,Bus,19,45,Evening Peak,618,6.2,16,2.3,0.62,74.2,64.4
163,2025-05-14,Wednesday,East,R006,Metro,22,30,Late Evening,921,0.2,19,22.1,0.77,147.4,81.2
44,2025-05-15,Thursday,Central,R051,Metro,6,0,Early Morning,586,8.0,15,1.6,0.67,93.8,62.8
3575,2025-05-15,Thursday,North,R011,Tram,9,45,Morning Peak,1328,9.0,5,20.3,0.75,185.9,69.3
3845,2025-05-15,Thursday,East,R034,Cycling,14,45,Midday,560,1.4,17,2.5,0.46,50.4,74.6
4481,2025-05-15,Thursday,North,R029,Bus,15,45,Midday,903,6.3,14,3.0,0.59,108.4,68.3
5680,2025-05-15,Thursday,East,R073,Tram,17,0,Evening Peak,1118,3.1,19,16.3,0.58,156.5,72.2
2631,2025-05-15,Thursday,South,R007,Metro,20,0,Late Evening,1325,4.0,15,20.5,0.72,212.0,79.0
111,2025-05-15,Thursday,West,R042,Bus,21,30,Late Evening,680,5.2,13,17.7,0.74,81.6,60.2
303,2025-05-15,Thursday,West,R016,Tram,23,45,Late Evening,426,8.8,9,23.7,0.7,59.6,69.0
101,2025-05-16,Friday,South,R074,Rail,7,15,Early Morning,870,6.8,10,16.7,0.81,156.6,74.0
693,2025-05-16,Friday,Central,R049,Bus,8,0,Morning Peak,1071,10.1,9,12.3,0.77,128.5,52.0
2274,2025-05-16,Friday,North,R041,Bus,8,15,Morning Peak,868,8.3,12,16.4,0.73,104.2,67.3
2670,2025-05-16,Friday,South,R001,Cycling,8,15,Morning Peak,558,3.6,17,20.7,0.46,50.2,78.9
3226,2025-05-16,Friday,Central,R048,Cycling,8,30,Morning Peak,542,4.5,8,17.5,0.48,48.8,79.1
5471,2025-05-16,Friday,Central,R025,Bus,10,15,Morning Peak,1003,4.9,18,10.1,0.53,120.4,59.0
4662,2025-05-16,Friday,South,R020,Rail,10,45,Morning Peak,737,3.8,15,15.8,0.57,132.7,78.6
2574,2025-05-16,Friday,North,R039,Cycling,11,15,Midday,413,2.6,12,3.2,0.49,37.2,82.6
2063,2025-05-16,Friday,Central,R009,Bus,11,30,Midday,1337,5.9,9,25.3,0.76,160.4,87.6
2169,2025-05-16,Friday,West,R014,Metro,14,15,Midday,938,4.3,13,22.9,0.78,150.1,80.3
4712,2025-05-16,Friday,East,R024,Metro,17,45,Evening Peak,1510,8.0,15,20.8,0.84,241.6,78.1
1106,2025-05-16,Friday,Central,R054,Tram,19,30,Evening Peak,423,8.6,6,12.9,0.63,59.2,68.4
618,2025-05-16,Friday,North,R034,Metro,21,45,Late Evening,862,4.7,14,8.9,0.76,137.9,77.5
3243,2025-05-16,Friday,Central,R018,Bus,22,45,Late Evening,573,6.6,11,7.4,0.63,68.8,57.9
2321,2025-05-16,Friday,Central,R072,Tram,23,30,Late Evening,564,4.2,10,24.1,0.62,79.0,63.2
3585,2025-05-16,Friday,East,R060,Rail,23,30,Late Evening,413,6.8,13,23.6,0.63,74.3,77.6
183,2025-05-17,Saturday,North,R017,Metro,5,15,Early Morning,888,4.4,13,5.7,0.8,142.1,89.6
1026,2025-05-17,Saturday,Central,R046,Bus,6,30,Early Morning,431,4.2,16,22.0,0.58,51.7,88.0
4375,2025-05-17,Saturday,South,R039,Rail,9,15,Morning Peak,1712,6.5,14,24.4,0.75,308.2,79.4
4452,2025-05-17,Saturday,East,R052,Tram,11,30,Midday,498,4.4,16,22.5,0.52,69.7,88.2
2786,2025-05-17,Saturday,Central,R009,Tram,11,45,Midday,415,0.0,21,20.8,0.54,58.1,87.6
5183,2025-05-17,Saturday,East,R006,Bus,12,0,Midday,654,4.8,9,3.0,0.53,78.5,79.2
4537,2025-05-17,Saturday,West,R014,Metro,13,0,Midday,903,1.5,19,26.3,0.74,144.5,76.9
5268,2025-05-17,Saturday,North,R073,Bus,15,30,Midday,596,5.5,7,20.8,0.59,71.5,86.7
2999,2025-05-17,Saturday,Central,R029,Cycling,16,0,Midday,433,0.0,15,15.2,0.43,39.0,93.4
3701,2025-05-17,Saturday,North,R007,Metro,16,0,Midday,1081,4.6,15,19.0,0.76,173.0,76.9
957,2025-05-17,Saturday,Central,R012,Bus,18,0,Evening Peak,1012,6.2,18,16.4,0.71,121.4,70.0
3755,2025-05-17,Saturday,Central,R022,Metro,18,15,Evening Peak,1356,3.4,16,20.9,0.81,217.0,79.4
1464,2025-05-17,Saturday,Central,R024,Metro,18,30,Evening Peak,1382,7.9,8,14.2,0.87,221.1,62.6
4590,2025-05-17,Saturday,Central,R005,Bus,19,15,Evening Peak,649,0.0,19,19.9,0.61,77.9,86.0
5932,2025-05-17,Saturday,North,R065,Metro,20,30,Late Evening,827,7.3,13,23.8,0.76,132.3,81.7
5677,2025-05-17,Saturday,North,R030,Metro,20,45,Late Evening,862,3.6,12,15.3,0.78,137.9,83.2
1170,2025-05-17,Saturday,South,R037,Rail,21,15,Late Evening,614,5.8,13,10.1,0.69,110.5,78.0
1593,2025-05-17,Saturday,West,R041,Tram,22,30,Late Evening,379,5.5,7,19.4,0.63,53.1,74.1
3995,2025-05-17,Saturday,North,R008,Shared Mobility,23,30,Late Evening,102,4.0,14,4.7,0.39,5.1,80.8
4851,2025-05-18,Sunday,Central,R069,Tram,9,0,Morning Peak,553,7.3,14,12.8,0.62,77.4,72.4
809,2025-05-18,Sunday,Central,R061,Bus,9,30,Morning Peak,778,6.7,12,12.3,0.71,93.4,76.1
1006,2025-05-18,Sunday,Central,R057,Metro,9,45,Morning Peak,1507,7.1,8,11.7,0.87,241.1,71.3
4126,2025-05-18,Sunday,West,R046,Tram,10,30,Morning Peak,443,4.1,18,8.6,0.6,62.0,65.9
5337,2025-05-18,Sunday,North,R007,Bus,10,30,Morning Peak,647,4.6,10,13.0,0.65,77.6,79.4
5004,2025-05-18,Sunday,West,R023,Bus,11,0,Midday,556,9.7,8,9.8,0.63,66.7,73.3
2790,2025-05-18,Sunday,Central,R078,Metro,11,45,Midday,1336,2.1,17,24.1,0.78,213.8,92.9
2242,2025-05-18,Sunday,North,R073,Shared Mobility,13,45,Midday,207,0.2,23,12.5,0.27,10.4,83.8
2482,2025-05-18,Sunday,South,R071,Rail,15,0,Midday,433,5.3,14,10.1,0.63,77.9,74.3
2568,2025-05-18,Sunday,East,R017,Bus,15,45,Midday,898,4.7,12,4.3,0.62,107.8,79.7
4428,2025-05-18,Sunday,East,R004,Bus,17,15,Evening Peak,970,13.3,9,12.6,0.76,116.4,65.9
2926,2025-05-18,Sunday,Central,R008,Metro,18,0,Evening Peak,1487,4.6,16,6.5,0.86,237.9,74.9
3801,2025-05-18,Sunday,Central,R007,Bus,18,15,Evening Peak,891,6.9,14,16.3,0.74,106.9,67.8
4572,2025-05-18,Sunday,East,R051,Tram,20,45,Late Evening,314,6.6,11,13.1,0.49,44.0,70.6
5693,2025-05-18,Sunday,North,R004,Bus,21,15,Late Evening,646,7.7,10,18.9,0.66,77.5,68.0
3787,2025-05-18,Sunday,Central,R053,Bus,21,30,Late Evening,431,6.6,5,12.8,0.68,51.7,76.1
4378,2025-05-18,Sunday,North,R032,Metro,21,30,Late Evening,622,0.0,16,10.3,0.72,99.5,87.5
4753,2025-05-18,Sunday,North,R047,Tram,21,45,Late Evening,332,4.5,12,18.7,0.51,46.5,84.3
2558,2025-05-19,Monday,North,R029,Cycling,5,0,Early Morning,260,0.0,14,10.8,0.44,23.4,89.4
4653,2025-05-19,Monday,West,R079,Rail,6,45,Early Morning,477,7.6,13,11.9,0.59,85.9,77.0
3958,2025-05-19,Monday,South,R047,Shared Mobility,8,15,Morning Peak,390,4.8,13,14.9,0.4,19.5,72.4
5512,2025-05-19,Monday,Central,R045,Bus,8,30,Morning Peak,890,9.3,10,8.2,0.74,106.8,71.3
4168,2025-05-19,Monday,South,R001,Bus,8,45,Morning Peak,1298,11.5,9,2.0,0.69,155.8,72.8
3463,2025-05-19,Monday,North,R065,Bus,9,0,Morning Peak,851,7.2,10,11.7,0.6,102.1,66.4
3058,2025-05-19,Monday,North,R049,Bus,10,0,Morning Peak,450,2.1,18,26.2,0.55,54.0,97.6
103,2025-05-19,Monday,East,R002,Bus,10,45,Morning Peak,810,4.3,17,25.0,0.72,97.2,83.4
4474,2025-05-19,Monday,Central,R003,Shared Mobility,11,45,Midday,265,4.1,16,18.1,0.41,13.2,75.2
5221,2025-05-19,Monday,Central,R073,Tram,12,0,Midday,712,4.9,11,14.0,0.66,99.7,75.0
3696,2025-05-19,Monday,West,R080,Cycling,12,15,Midday,397,2.5,17,27.0,0.41,35.7,80.8
4866,2025-05-19,Monday,South,R046,Tram,17,30,Evening Peak,1119,8.5,12,9.3,0.63,156.7,53.4
5205,2025-05-19,Monday,East,R018,Bus,18,0,Evening Peak,1412,10.3,11,12.8,0.69,169.4,61.7
3455,2025-05-19,Monday,Central,R078,Bus,19,45,Evening Peak,756,4.5,6,20.9,0.6,90.7,72.3
998,2025-05-19,Monday,East,R011,Bus,21,30,Late Evening,892,5.8,15,10.1,0.63,107.0,70.8
4068,2025-05-19,Monday,North,R016,Metro,23,30,Late Evening,1357,1.8,21,12.2,0.79,217.1,85.6
5194,2025-05-20,Tuesday,Central,R058,Bus,5,30,Early Morning,458,5.2,14,11.9,0.58,55.0,72.6
3491,2025-05-20,Tuesday,South,R074,Metro,6,0,Early Morning,1083,7.6,12,7.1,0.84,173.3,74.4
4509,2025-05-20,Tuesday,South,R008,Metro,8,0,Morning Peak,1643,1.4,12,8.0,0.8,262.9,98.0
990,2025-05-20,Tuesday,South,R061,Bus,9,30,Morning Peak,846,9.3,6,7.9,0.59,101.5,66.6
1530,2025-05-20,Tuesday,North,R033,Bus,10,0,Morning Peak,1117,6.9,10,6.1,0.65,134.0,83.1
4821,2025-05-20,Tuesday,South,R035,Rail,10,45,Morning Peak,924,10.5,4,18.2,0.87,166.3,71.8
2591,2025-05-20,Tuesday,East,R027,Metro,11,15,Midday,2060,3.6,15,2.5,0.88,329.6,77.9
5960,2025-05-20,Tuesday,East,R025,Bus,11,30,Midday,1406,3.0,13,10.1,0.8,168.7,73.7
3734,2025-05-20,Tuesday,Central,R046,Metro,11,45,Midday,1885,7.5,12,17.3,0.96,301.6,87.3
5300,2025-05-20,Tuesday,Central,R047,Cycling,14,15,Midday,329,0.0,23,26.6,0.43,29.6,84.3
4269,2025-05-20,Tuesday,East,R039,Tram,20,0,Late Evening,402,4.4,14,21.9,0.46,56.3,71.5
267,2025-05-20,Tuesday,South,R007,Bus,21,45,Late Evening,855,5.3,7,25.5,0.62,102.6,78.3
1217,2025-05-21,Wednesday,West,R030,Bus,5,15,Early Morning,460,6.7,11,10.2,0.68,55.2,84.4
3238,2025-05-21,Wednesday,East,R077,Cycling,6,30,Early Morning,303,1.4,18,3.3,0.56,27.3,75.2
5453,2025-05-21,Wednesday,East,R046,Metro,7,0,Early Morning,1855,3.4,12,16.7,0.87,296.8,89.5
3583,2025-05-21,Wednesday,North,R043,Bus,9,15,Morning Peak,1632,12.7,7,16.4,0.8,195.8,58.1
4286,2025-05-21,Wednesday,South,R063,Rail,9,45,Morning Peak,1397,5.7,12,24.9,0.76,251.5,80.5
3979,2025-05-21,Wednesday,West,R051,Bus,10,30,Morning Peak,918,5.3,5,11.8,0.74,110.2,75.4
2418,2025-05-21,Wednesday,West,R072,Cycling,11,30,Midday,553,0.0,15,27.6,0.4,49.8,89.3
4598,2025-05-21,Wednesday,North,R042,Metro,13,0,Midday,1094,7.8,9,23.3,0.81,175.0,62.5
5399,2025-05-21,Wednesday,North,R051,Cycling,13,30,Midday,371,4.2,15,12.6,0.56,33.4,70.1
2198,2025-05-21,Wednesday,East,R022,Bus,14,15,Midday,1124,9.4,5,17.5,0.74,134.9,57.1
5648,2025-05-21,Wednesday,Central,R043,Tram,14,45,Midday,578,5.1,14,7.2,0.62,80.9,77.3
3706,2025-05-21,Wednesday,Central,R053,Bus,15,15,Midday,968,7.9,16,22.6,0.68,116.2,58.0
5600,2025-05-21,Wednesday,West,R031,Metro,16,0,Midday,1853,8.7,8,26.1,0.94,296.5,81.8
4014,2025-05-21,Wednesday,East,R001,Cycling,16,15,Midday,641,5.0,13,27.3,0.45,57.7,56.8
5915,2025-05-21,Wednesday,South,R021,Cycling,16,45,Midday,1079,2.8,10,5.6,0.54,97.1,68.3
641,2025-05-21,Wednesday,East,R028,Metro,17,15,Evening Peak,2071,5.5,11,18.3,0.84,331.4,73.7
4200,2025-05-21,Wednesday,West,R003,Rail,17,45,Evening Peak,2071,8.0,11,23.4,0.95,372.8,68.9
4553,2025-05-21,Wednesday,Central,R065,Bus,17,45,Evening Peak,2574,9.9,4,10.6,0.9,308.9,72.1
1136,2025-05-21,Wednesday,Central,R061,Metro,19,0,Evening Peak,603,4.9,8,8.1,0.74,96.5,82.6
2407,2025-05-21,Wednesday,West,R036,Cycling,19,0,Evening Peak,309,0.1,22,15.8,0.42,27.8,87.9
608,2025-05-21,Wednesday,South,R009,Rail,19,45,Evening Peak,1105,6.3,16,1.6,0.94,198.9,79.9
2159,2025-05-21,Wednesday,East,R051,Rail,21,15,Late Evening,717,7.4,10,18.3,0.61,129.1,73.1
1500,2025-05-21,Wednesday,South,R070,Metro,23,30,Late Evening,816,4.5,13,7.4,0.81,130.6,90.3
1520,2025-05-22,Thursday,Central,R015,Cycling,10,0,Morning Peak,326,0.4,18,4.6,0.46,29.3,87.1
3232,2025-05-22,Thursday,East,R017,Tram,10,0,Morning Peak,559,2.7,9,8.3,0.71,78.3,71.8
994,2025-05-22,Thursday,Central,R048,Cycling,10,45,Morning Peak,524,0.0,18,16.8,0.47,47.2,85.3
2074,2025-05-22,Thursday,Central,R050,Metro,11,0,Midday,1039,2.4,16,3.8,0.69,166.2,83.6
2346,2025-05-22,Thursday,South,R013,Bus,11,45,Midday,737,5.9,12,24.0,0.59,88.4,63.8
2873,2025-05-22,Thursday,Central,R037,Metro,13,15,Midday,2114,3.6,15,17.3,0.99,338.2,79.9
3143,2025-05-22,Thursday,East,R047,Metro,13,15,Midday,1041,0.0,17,10.8,0.82,166.6,76.7
5830,2025-05-22,Thursday,West,R047,Tram,13,45,Midday,628,5.4,11,2.3,0.63,87.9,66.6
5272,2025-05-22,Thursday,East,R070,Bus,16,15,Midday,783,4.6,11,19.5,0.64,94.0,67.5
3104,2025-05-22,Thursday,Central,R048,Bus,16,30,Midday,1579,7.4,8,15.3,0.71,189.5,72.6
4908,2025-05-22,Thursday,West,R020,Bus,18,30,Evening Peak,1084,11.8,2,16.0,0.69,130.1,73.5
3088,2025-05-22,Thursday,Central,R041,Tram,20,30,Late Evening,419,7.0,12,5.1,0.5,58.7,65.3
387,2025-05-22,Thursday,South,R038,Tram,22,30,Late Evening,641,4.4,12,16.0,0.54,89.7,82.2
677,2025-05-23,Friday,South,R046,Metro,6,15,Early Morning,886,1.4,12,1.6,0.82,141.8,90.1
2239,2025-05-23,Friday,South,R015,Metro,8,0,Morning Peak,2151,4.4,14,7.9,0.89,344.2,84.2
1065,2025-05-23,Friday,East,R052,Rail,8,45,Morning Peak,1401,9.5,8,5.4,0.94,252.2,77.4
2938,2025-05-23,Friday,Central,R067,Metro,9,0,Morning Peak,2306,4.1,16,9.0,1.02,369.0,81.4
1838,2025-05-23,Friday,West,R014,Rail,10,45,Morning Peak,671,5.0,12,15.8,0.74,120.8,81.0
148,2025-05-23,Friday,Central,R056,Cycling,11,0,Midday,339,0.6,13,27.4,0.31,30.5,82.4
4830,2025-05-23,Friday,South,R052,Bus,11,15,Midday,780,7.9,11,25.0,0.68,93.6,62.2
3081,2025-05-23,Friday,North,R036,Metro,12,45,Midday,1677,5.3,18,2.8,0.91,268.3,81.0
4902,2025-05-23,Friday,East,R043,Cycling,12,45,Midday,369,2.1,17,25.5,0.52,33.2,82.9
2870,2025-05-23,Friday,West,R077,Rail,13,0,Midday,767,9.1,6,19.9,0.61,138.1,68.7
3875,2025-05-23,Friday,Central,R042,Bus,14,0,Midday,1339,4.8,7,13.4,0.74,160.7,84.9
2109,2025-05-23,Friday,East,R057,Bus,15,0,Midday,500,8.4,11,12.5,0.57,60.0,76.7
5409,2025-05-23,Friday,South,R058,Metro,15,15,Midday,703,3.4,19,27.1,0.82,112.5,85.2
5174,2025-05-23,Friday,West,R046,Shared Mobility,17,15,Evening Peak,735,1.8,14,14.1,0.43,36.8,89.3
1448,2025-05-23,Friday,Central,R002,Shared Mobility,17,30,Evening Peak,416,7.5,10,23.2,0.46,20.8,77.3
2113,2025-05-23,Friday,South,R067,Metro,18,15,Evening Peak,1511,5.4,13,6.1,0.83,241.8,77.4
388,2025-05-23,Friday,South,R046,Tram,20,15,Late Evening,466,1.9,17,26.5,0.58,65.2,76.8
5316,2025-05-23,Friday,Central,R034,Tram,21,30,Late Evening,503,4.1,14,27.5,0.57,70.4,94.3
2364,2025-05-23,Friday,North,R069,Rail,22,15,Late Evening,450,4.1,10,14.6,0.59,81.0,79.8
3312,2025-05-23,Friday,South,R071,Tram,23,30,Late Evening,432,1.9,15,17.7,0.52,60.5,80.2
426,2025-05-24,Saturday,North,R063,Metro,6,15,Early Morning,1052,3.9,16,14.7,0.7,168.3,79.1
578,2025-05-24,Saturday,North,R026,Bus,10,0,Morning Peak,718,6.5,16,26.1,0.71,86.2,91.9
681,2025-05-24,Saturday,Central,R060,Rail,10,0,Morning Peak,617,4.0,12,27.2,0.7,111.1,60.2
465,2025-05-24,Saturday,West,R010,Bus,10,15,Morning Peak,756,5.9,15,16.8,0.6,90.7,75.0
260,2025-05-24,Saturday,West,R072,Metro,10,30,Morning Peak,789,5.0,14,21.8,0.69,126.2,83.8
2918,2025-05-24,Saturday,South,R066,Metro,10,45,Morning Peak,852,6.3,7,26.8,0.67,136.3,74.9
4634,2025-05-24,Saturday,West,R071,Bus,12,0,Midday,780,4.7,14,21.0,0.67,93.6,77.3
5581,2025-05-24,Saturday,Central,R065,Rail,12,30,Midday,605,6.8,11,20.7,0.66,108.9,56.1
5699,2025-05-24,Saturday,West,R050,Rail,13,0,Midday,848,4.9,10,10.2,0.72,152.6,75.5
5734,2025-05-24,Saturday,West,R041,Cycling,13,15,Midday,486,0.0,16,10.4,0.46,43.7,87.4
4943,2025-05-24,Saturday,North,R064,Cycling,13,30,Midday,435,0.0,17,21.9,0.52,39.2,94.7
233,2025-05-24,Saturday,South,R060,Metro,16,0,Midday,1026,3.3,12,8.1,0.76,164.2,65.5
1226,2025-05-24,Saturday,East,R014,Bus,16,15,Midday,784,13.7,11,20.9,0.66,94.1,75.2
584,2025-05-24,Saturday,South,R025,Tram,16,30,Midday,361,6.5,12,17.3,0.56,50.5,61.2
2323,2025-05-24,Saturday,West,R041,Cycling,18,30,Evening Peak,515,5.1,10,17.4,0.57,46.4,79.0
2170,2025-05-24,Saturday,East,R062,Bus,19,15,Evening Peak,309,7.0,12,7.9,0.6,37.1,63.0
2673,2025-05-24,Saturday,South,R005,Bus,19,30,Evening Peak,609,5.4,10,2.0,0.62,73.1,78.2
3618,2025-05-24,Saturday,North,R007,Bus,20,45,Late Evening,571,9.2,11,21.8,0.64,68.5,73.4
622,2025-05-25,Sunday,South,R032,Metro,5,45,Early Morning,457,1.8,14,27.2,0.82,73.1,79.2
1576,2025-05-25,Sunday,West,R047,Cycling,7,0,Early Morning,232,0.0,16,12.5,0.51,20.9,76.6
753,2025-05-25,Sunday,North,R049,Bus,8,15,Morning Peak,694,11.8,4,6.5,0.63,83.3,66.1
3615,2025-05-25,Sunday,Central,R060,Cycling,9,0,Morning Peak,399,6.0,15,22.2,0.5,35.9,80.9
5400,2025-05-25,Sunday,South,R078,Bus,9,0,Morning Peak,845,5.5,13,6.0,0.54,101.4,65.8
1067,2025-05-25,Sunday,Central,R052,Metro,10,15,Morning Peak,776,5.1,13,14.8,0.68,124.2,78.8
703,2025-05-25,Sunday,West,R012,Metro,10,45,Morning Peak,517,4.5,13,24.0,0.72,82.7,75.9
1762,2025-05-25,Sunday,East,R052,Bus,10,45,Morning Peak,614,7.5,14,3.5,0.61,73.7,72.6
5034,2025-05-25,Sunday,West,R015,Metro,11,15,Midday,1057,5.2,14,9.2,0.86,169.1,72.6
2061,2025-05-25,Sunday,West,R076,Tram,13,0,Midday,535,2.3,13,12.4,0.64,74.9,94.9
5445,2025-05-25,Sunday,West,R022,Metro,15,0,Midday,847,2.0,13,4.8,0.82,135.5,82.6
1962,2025-05-25,Sunday,South,R011,Metro,16,15,Midday,1708,3.8,9,14.2,0.81,273.3,73.6
3479,2025-05-25,Sunday,Central,R036,Metro,16,15,Midday,1525,3.8,14,3.0,0.89,244.0,79.0
4387,2025-05-25,Sunday,South,R047,Cycling,16,30,Midday,415,0.0,18,11.6,0.41,37.4,88.3
916,2025-05-25,Sunday,North,R006,Bus,17,0,Evening Peak,1139,7.5,11,11.3,0.69,136.7,86.6
2320,2025-05-25,Sunday,Central,R063,Metro,18,30,Evening Peak,1010,1.1,18,25.8,0.89,161.6,83.7
432,2025-05-25,Sunday,Central,R025,Metro,20,15,Late Evening,599,0.1,12,25.8,0.84,95.8,83.5
5502,2025-05-26,Monday,West,R065,Rail,9,45,Morning Peak,1131,15.5,5,17.0,0.75,203.6,57.5
4658,2025-05-26,Monday,North,R004,Metro,10,30,Morning Peak,1640,1.6,14,17.8,0.93,262.4,66.9
2422,2025-05-26,Monday,South,R071,Rail,11,15,Midday,1008,6.9,7,16.7,0.7,181.4,77.6
599,2025-05-26,Monday,South,R050,Rail,11,30,Midday,744,4.4,16,3.7,0.7,133.9,71.4
5486,2025-05-26,Monday,Central,R026,Bus,11,30,Midday,796,8.5,9,7.4,0.67,95.5,73.5
1523,2025-05-26,Monday,East,R033,Bus,11,45,Midday,1318,6.2,10,9.5,0.67,158.2,76.4
2251,2025-05-26,Monday,North,R045,Bus,12,30,Midday,1014,5.6,12,27.3,0.69,121.7,83.3
3744,2025-05-26,Monday,Central,R006,Bus,12,45,Midday,802,8.3,12,13.9,0.8,96.2,65.8
3300,2025-05-26,Monday,North,R011,Rail,13,45,Midday,748,6.3,11,23.7,0.62,134.6,79.4
2226,2025-05-26,Monday,South,R068,Bus,14,15,Midday,1176,5.0,12,8.2,0.71,141.1,73.9
1338,2025-05-26,Monday,East,R063,Rail,15,15,Midday,1264,7.1,5,5.4,0.75,227.5,71.5
2173,2025-05-26,Monday,North,R067,Metro,15,30,Midday,1211,6.6,11,26.6,0.86,193.8,78.6
4763,2025-05-26,Monday,West,R011,Metro,17,15,Evening Peak,1052,3.8,16,22.4,0.74,168.3,72.7
5642,2025-05-26,Monday,North,R024,Metro,17,45,Evening Peak,2133,4.7,15,19.9,0.92,341.3,79.2
5429,2025-05-26,Monday,South,R037,Bus,18,15,Evening Peak,1198,11.5,11,9.2,0.59,143.8,74.2
3354,2025-05-26,Monday,West,R033,Metro,18,45,Evening Peak,1626,8.9,6,21.7,0.85,260.2,63.1
725,2025-05-26,Monday,East,R048,Rail,19,30,Evening Peak,1115,7.2,8,10.3,0.71,200.7,65.7
924,2025-05-26,Monday,North,R053,Bus,19,30,Evening Peak,379,6.2,8,2.1,0.56,45.5,67.1
2764,2025-05-26,Monday,South,R053,Tram,20,15,Late Evening,263,4.3,16,28.0,0.69,36.8,78.6
5797,2025-05-26,Monday,Central,R049,Bus,21,30,Late Evening,592,8.5,13,11.3,0.57,71.0,85.7
1284,2025-05-27,Tuesday,South,R016,Rail,5,0,Early Morning,587,4.6,14,5.5,0.69,105.7,86.1
4651,2025-05-27,Tuesday,West,R058,Bus,5,0,Early Morning,492,6.0,9,12.2,0.57,59.0,71.7
2072,2025-05-27,Tuesday,Central,R019,Metro,7,0,Early Morning,1997,1.6,17,26.2,0.88,319.5,80.0
3502,2025-05-27,Tuesday,West,R046,Metro,7,15,Early Morning,2593,5.4,12,1.6,0.91,414.9,75.9
325,2025-05-27,Tuesday,South,R065,Bus,8,15,Morning Peak,1130,9.5,7,7.1,0.77,135.6,86.2
3700,2025-05-27,Tuesday,South,R058,Rail,9,30,Morning Peak,1166,11.4,5,25.5,0.69,209.9,72.6
4242,2025-05-27,Tuesday,Central,R029,Metro,10,15,Morning Peak,1089,1.2,16,8.2,0.78,174.2,79.7
3191,2025-05-27,Tuesday,Central,R040,Cycling,10,30,Morning Peak,523,0.0,20,23.3,0.42,47.1,93.3
273,2025-05-27,Tuesday,North,R067,Metro,10,45,Morning Peak,1236,4.6,19,21.1,0.81,197.8,98.0
5233,2025-05-27,Tuesday,East,R037,Bus,11,0,Midday,970,9.1,9,23.0,0.65,116.4,65.1
244,2025-05-27,Tuesday,Central,R069,Metro,11,15,Midday,1468,2.8,20,10.0,0.8,234.9,89.0
1878,2025-05-27,Tuesday,East,R016,Bus,11,15,Midday,867,7.5,14,3.6,0.71,104.0,65.3
3305,2025-05-27,Tuesday,East,R029,Metro,11,15,Midday,1025,1.9,21,17.9,0.82,164.0,80.0
4091,2025-05-27,Tuesday,East,R003,Shared Mobility,13,30,Midday,265,2.0,24,13.0,0.52,13.2,80.4
3538,2025-05-27,Tuesday,East,R031,Tram,15,15,Midday,610,7.9,11,5.8,0.65,85.4,69.4
431,2025-05-27,Tuesday,Central,R059,Bus,16,0,Midday,1173,11.4,2,26.2,0.89,140.8,74.3
493,2025-05-27,Tuesday,East,R071,Rail,16,45,Midday,1050,8.0,10,21.0,0.82,189.0,64.4
3271,2025-05-27,Tuesday,North,R079,Metro,18,15,Evening Peak,1857,0.0,18,11.1,0.91,297.1,89.6
1632,2025-05-27,Tuesday,South,R073,Tram,18,30,Evening Peak,652,4.2,13,3.8,0.54,91.3,80.4
4585,2025-05-27,Tuesday,East,R040,Bus,18,30,Evening Peak,1438,11.4,7,20.3,0.79,172.6,55.8
5682,2025-05-27,Tuesday,North,R076,Bus,20,30,Late Evening,594,6.8,11,6.1,0.68,71.3,81.5
1746,2025-05-27,Tuesday,Central,R035,Tram,20,45,Late Evening,308,3.7,10,2.2,0.57,43.1,67.1
3482,2025-05-27,Tuesday,South,R066,Bus,22,0,Late Evening,662,11.6,8,3.7,0.68,79.4,49.2
3109,2025-05-27,Tuesday,South,R027,Bus,22,30,Late Evening,703,4.4,16,10.8,0.64,84.4,79.2
671,2025-05-27,Tuesday,Central,R055,Tram,23,15,Late Evening,477,4.3,10,4.2,0.64,66.8,88.6
2777,2025-05-28,Wednesday,North,R014,Shared Mobility,5,45,Early Morning,191,6.1,7,18.7,0.5,9.6,64.0
5635,2025-05-28,Wednesday,East,R031,Rail,7,0,Early Morning,1616,5.5,12,4.4,0.82,290.9,79.3
4247,2025-05-28,Wednesday,West,R006,Bus,9,15,Morning Peak,950,8.0,11,1.7,0.73,114.0,75.3
241,2025-05-28,Wednesday,Central,R055,Tram,10,15,Morning Peak,767,3.9,18,12.1,0.66,107.4,87.6
1819,2025-05-28,Wednesday,East,R028,Bus,10,45,Morning Peak,1273,8.0,9,9.3,0.62,152.8,65.4
245,2025-05-28,Wednesday,East,R015,Cycling,11,0,Midday,485,3.8,11,23.6,0.43,43.6,71.3
2869,2025-05-28,Wednesday,West,R003,Bus,12,45,Midday,614,9.4,8,15.4,0.64,73.7,71.4
1122,2025-05-28,Wednesday,North,R071,Bus,15,30,Midday,916,3.2,11,13.6,0.66,109.9,82.2
1549,2025-05-28,Wednesday,East,R007,Metro,15,45,Midday,1308,1.7,20,20.8,0.84,209.3,78.5
5056,2025-05-28,Wednesday,East,R075,Metro,16,0,Midday,1845,1.2,20,20.7,0.88,295.2,81.2
1207,2025-05-28,Wednesday,North,R016,Bus,16,15,Midday,1458,10.4,8,15.9,0.83,175.0,60.4
3655,2025-05-28,Wednesday,South,R039,Metro,18,0,Evening Peak,2465,8.0,12,23.6,0.94,394.4,83.9
1399,2025-05-28,Wednesday,East,R035,Bus,18,30,Evening Peak,891,13.2,13,1.8,0.72,106.9,61.6
5661,2025-05-28,Wednesday,Central,R015,Metro,18,30,Evening Peak,1799,5.6,17,23.1,0.87,287.8,64.9
3070,2025-05-28,Wednesday,South,R030,Metro,19,0,Evening Peak,1063,4.3,17,7.9,0.79,170.1,78.4
4935,2025-05-28,Wednesday,East,R015,Bus,19,15,Evening Peak,428,7.5,12,16.2,0.7,51.4,64.6
2553,2025-05-28,Wednesday,North,R062,Tram,20,0,Late Evening,507,6.3,9,12.2,0.55,71.0,73.1
4337,2025-05-28,Wednesday,Central,R013,Bus,21,0,Late Evening,623,3.6,11,1.7,0.73,74.8,76.8
5814,2025-05-28,Wednesday,West,R065,Bus,21,0,Late Evening,305,5.9,13,11.8,0.51,36.6,66.3
646,2025-05-28,Wednesday,Central,R003,Metro,21,15,Late Evening,1047,0.2,15,27.8,0.76,167.5,85.7
3386,2025-05-28,Wednesday,North,R044,Tram,22,0,Late Evening,316,3.0,15,8.9,0.51,44.2,70.3
2626,2025-05-29,Thursday,North,R041,Cycling,5,45,Early Morning,255,0.0,18,4.8,0.44,23.0,90.0
5310,2025-05-29,Thursday,East,R050,Bus,7,0,Early Morning,1195,8.3,10,27.6,0.74,143.4,77.5
2481,2025-05-29,Thursday,Central,R069,Rail,8,45,Morning Peak,1545,4.3,15,21.1,0.87,278.1,81.0
2442,2025-05-29,Thursday,East,R003,Bus,9,15,Morning Peak,898,10.2,6,26.1,0.68,107.8,74.4
4070,2025-05-29,Thursday,South,R062,Bus,9,30,Morning Peak,1904,8.1,11,13.8,0.86,228.5,87.0
4157,2025-05-29,Thursday,Central,R048,Bus,9,45,Morning Peak,2483,8.2,9,20.0,0.93,298.0,76.2
2625,2025-05-29,Thursday,Central,R044,Bus,10,30,Morning Peak,876,7.4,9,22.8,0.74,105.1,90.0
1168,2025-05-29,Thursday,East,R039,Metro,10,45,Morning Peak,1291,1.1,15,17.6,0.79,206.6,72.6
3171,2025-05-29,Thursday,Central,R009,Bus,11,45,Midday,700,4.9,17,8.9,0.71,84.0,84.0
5329,2025-05-29,Thursday,Central,R080,Rail,12,30,Midday,1743,5.2,11,27.4,0.74,313.7,85.4
2589,2025-05-29,Thursday,South,R022,Metro,13,30,Midday,1078,5.9,10,25.0,0.79,172.5,68.9
5822,2025-05-29,Thursday,Central,R001,Bus,14,15,Midday,658,7.5,9,9.7,0.52,79.0,63.4
2338,2025-05-29,Thursday,East,R056,Rail,15,0,Midday,746,7.1,15,20.1,0.7,134.3,66.6
4874,2025-05-29,Thursday,North,R048,Bus,15,45,Midday,485,8.5,12,16.4,0.64,58.2,80.0
5169,2025-05-29,Thursday,West,R068,Bus,18,15,Evening Peak,1777,9.9,7,1.8,0.84,213.2,72.9
5224,2025-05-29,Thursday,Central,R051,Rail,18,15,Evening Peak,1779,6.2,8,18.3,0.85,320.2,77.0
2236,2025-05-29,Thursday,North,R001,Cycling,20,0,Late Evening,327,4.5,11,16.4,0.36,29.4,76.5
1377,2025-05-29,Thursday,East,R042,Metro,20,30,Late Evening,696,2.4,14,27.4,0.67,111.4,90.9
3493,2025-05-29,Thursday,East,R012,Cycling,20,45,Late Evening,229,3.4,19,25.7,0.44,20.6,81.9
3773,2025-05-29,Thursday,Central,R037,Rail,20,45,Late Evening,726,2.5,13,16.5,0.75,130.7,79.4
663,2025-05-29,Thursday,Central,R024,Metro,21,30,Late Evening,1308,6.6,16,8.3,0.89,209.3,66.1
1440,2025-05-29,Thursday,South,R074,Shared Mobility,23,0,Late Evening,186,0.0,13,21.5,0.32,9.3,84.6
2285,2025-05-29,Thursday,North,R005,Shared Mobility,23,45,Late Evening,214,5.9,14,3.7,0.47,10.7,82.1
2307,2025-05-30,Friday,North,R041,Bus,5,0,Early Morning,795,8.3,13,13.4,0.65,95.4,61.6
4934,2025-05-30,Friday,East,R025,Metro,7,30,Early Morning,2237,2.1,20,14.5,0.96,357.9,84.6
2638,2025-05-30,Friday,North,R045,Rail,9,0,Morning Peak,2328,6.2,15,20.1,0.81,419.0,90.0
4542,2025-05-30,Friday,South,R014,Bus,10,0,Morning Peak,767,6.1,13,17.5,0.67,92.0,66.0
1892,2025-05-30,Friday,West,R017,Bus,11,30,Midday,1925,4.9,20,12.3,0.86,231.0,93.6
4565,2025-05-30,Friday,Central,R032,Bus,12,0,Midday,1085,8.3,10,23.7,0.67,130.2,71.5
401,2025-05-30,Friday,East,R010,Bus,12,30,Midday,857,4.2,13,20.5,0.66,102.8,75.3
3054,2025-05-30,Friday,Central,R062,Bus,15,30,Midday,971,4.1,14,24.3,0.69,116.5,81.7
17,2025-05-30,Friday,Central,R063,Cycling,15,45,Midday,329,0.6,20,11.4,0.46,29.6,88.3
4473,2025-05-30,Friday,South,R055,Metro,16,30,Midday,1385,5.9,15,17.5,0.83,221.6,68.4
5521,2025-05-30,Friday,Central,R062,Cycling,16,45,Midday,404,7.3,9,12.0,0.42,36.4,75.3
5803,2025-05-30,Friday,West,R069,Metro,17,30,Evening Peak,1970,8.6,10,12.0,0.88,315.2,69.9
1199,2025-05-30,Friday,South,R063,Cycling,18,0,Evening Peak,511,0.9,18,1.8,0.55,46.0,80.0
2237,2025-05-30,Friday,South,R065,Metro,20,30,Late Evening,871,1.9,9,14.5,0.75,139.4,83.9
4363,2025-05-30,Friday,Central,R053,Shared Mobility,21,0,Late Evening,254,0.9,21,9.6,0.39,12.7,83.3
3119,2025-05-30,Friday,West,R027,Tram,22,30,Late Evening,407,3.1,11,1.5,0.58,57.0,74.6
944,2025-05-30,Friday,West,R004,Bus,23,45,Late Evening,526,6.7,11,17.7,0.72,63.1,89.4
1282,2025-05-31,Saturday,Central,R018,Metro,6,15,Early Morning,730,0.9,19,21.6,0.77,116.8,78.3
825,2025-05-31,Saturday,North,R003,Bus,8,30,Morning Peak,716,6.1,15,22.2,0.7,85.9,82.7
2632,2025-05-31,Saturday,North,R012,Metro,8,45,Morning Peak,1275,0.0,19,16.8,0.82,204.0,95.5
549,2025-05-31,Saturday,South,R025,Rail,9,15,Morning Peak,787,6.4,7,6.0,0.65,141.7,77.8
5333,2025-05-31,Saturday,Central,R051,Rail,9,15,Morning Peak,1211,7.3,10,10.1,0.61,218.0,67.7
583,2025-05-31,Saturday,South,R062,Rail,10,45,Morning Peak,751,5.1,12,5.5,0.75,135.2,76.1
5618,2025-05-31,Saturday,North,R062,Rail,11,30,Midday,844,7.3,18,3.6,0.73,151.9,70.9
5493,2025-05-31,Saturday,East,R025,Rail,12,45,Midday,673,5.0,13,26.3,0.62,121.1,78.1
365,2025-05-31,Saturday,North,R005,Rail,13,30,Midday,586,4.2,13,6.6,0.78,105.5,71.6
4249,2025-05-31,Saturday,West,R017,Shared Mobility,18,0,Evening Peak,585,7.1,15,27.6,0.43,29.2,72.8
2039,2025-05-31,Saturday,West,R052,Bus,18,15,Evening Peak,600,9.1,6,19.5,0.67,72.0,73.5
4409,2025-05-31,Saturday,West,R012,Bus,19,30,Evening Peak,544,8.2,15,26.0,0.62,65.3,70.5
5818,2025-05-31,Saturday,North,R033,Metro,19,30,Evening Peak,801,2.2,19,2.7,0.79,128.2,85.7
255,2025-05-31,Saturday,North,R003,Bus,19,45,Evening Peak,626,4.7,15,2.2,0.6,75.1,78.7
2348,2025-05-31,Saturday,West,R023,Cycling,20,45,Late Evening,175,0.0,19,20.5,0.34,15.8,96.2
2430,2025-05-31,Saturday,East,R050,Rail,23,15,Late Evening,353,8.1,14,11.9,0.64,63.5,72.2
15,2025-06-01,Sunday,Central,R025,Metro,5,45,Early Morning,1377,3.4,20,8.8,0.86,220.3,96.5
2833,2025-06-01,Sunday,West,R060,Metro,7,0,Early Morning,2033,2.0,12,27.9,0.88,325.3,83.3
5285,2025-06-01,Sunday,North,R026,Bus,8,15,Morning Peak,1559,10.0,14,23.7,0.74,187.1,67.0
2550,2025-06-01,Sunday,East,R053,Bus,9,0,Morning Peak,739,4.7,14,4.5,0.62,88.7,80.7
2749,2025-06-01,Sunday,West,R045,Tram,9,15,Morning Peak,646,4.5,14,14.6,0.59,90.4,79.9
4587,2025-06-01,Sunday,North,R080,Metro,9,30,Morning Peak,1619,4.9,11,25.1,0.9,259.0,79.0
955,2025-06-01,Sunday,North,R040,Metro,11,0,Midday,751,2.8,13,5.3,0.79,120.2,75.6
1391,2025-06-01,Sunday,North,R022,Tram,11,0,Midday,576,4.3,14,2.0,0.6,80.6,83.4
1475,2025-06-01,Sunday,East,R039,Bus,11,30,Midday,401,2.4,18,3.9,0.6,48.1,82.3
505,2025-06-01,Sunday,North,R034,Cycling,11,45,Midday,366,4.7,15,1.9,0.52,32.9,77.0
548,2025-06-01,Sunday,North,R014,Metro,11,45,Midday,695,2.1,10,22.7,0.77,111.2,85.9
2219,2025-06-01,Sunday,South,R038,Rail,14,30,Midday,938,0.0,14,4.4,0.66,168.8,98.0
1916,2025-06-01,Sunday,North,R036,Bus,15,30,Midday,883,8.8,7,14.9,0.59,106.0,73.6
2211,2025-06-01,Sunday,Central,R061,Bus,17,0,Evening Peak,673,7.0,9,17.0,0.7,80.8,62.2
3561,2025-06-01,Sunday,North,R025,Shared Mobility,17,45,Evening Peak,247,7.2,9,10.0,0.38,12.4,71.7
1190,2025-06-01,Sunday,East,R028,Bus,19,0,Evening Peak,498,7.0,7,22.7,0.65,59.8,70.7
190,2025-06-01,Sunday,Central,R050,Bus,21,30,Late Evening,188,5.4,12,6.8,0.55,22.6,79.8
2894,2025-06-01,Sunday,Central,R061,Rail,21,30,Late Evening,384,5.0,17,16.7,0.69,69.1,77.2
3471,2025-06-01,Sunday,West,R015,Bus,21,30,Late Evening,381,9.7,9,4.2,0.65,45.7,68.8
277,2025-06-01,Sunday,Central,R006,Bus,22,30,Late Evening,524,3.2,15,10.3,0.7,62.9,69.1
290,2025-06-02,Monday,North,R072,Bus,5,30,Early Morning,629,5.7,15,16.1,0.57,75.5,78.6
1347,2025-06-02,Monday,West,R012,Tram,8,0,Morning Peak,810,8.9,9,18.3,0.63,113.4,73.3
1525,2025-06-02,Monday,Central,R003,Metro,8,15,Morning Peak,2092,4.5,12,19.5,0.82,334.7,75.1
3290,2025-06-02,Monday,North,R077,Bus,9,45,Morning Peak,1208,6.5,13,11.0,0.64,145.0,83.9
4861,2025-06-02,Monday,North,R033,Metro,10,0,Morning Peak,1827,3.1,20,13.4,0.88,292.3,74.8
4175,2025-06-02,Monday,Central,R067,Metro,10,15,Morning Peak,1384,0.7,14,2.4,0.64,221.4,98.0
4514,2025-06-02,Monday,East,R048,Metro,10,15,Morning Peak,1308,0.0,19,20.0,0.74,209.3,85.9
1066,2025-06-02,Monday,South,R001,Metro,11,30,Midday,2049,3.6,19,22.9,0.92,327.8,88.3
1777,2025-06-02,Monday,East,R052,Rail,12,0,Midday,1235,6.7,13,14.7,0.81,222.3,93.7
2133,2025-06-02,Monday,East,R050,Tram,16,45,Midday,1056,10.4,13,9.2,0.65,147.8,67.2
3834,2025-06-02,Monday,Central,R005,Bus,17,0,Evening Peak,1180,8.7,11,22.0,0.69,141.6,61.1
1543,2025-06-02,Monday,East,R030,Rail,18,15,Evening Peak,1237,8.7,14,5.0,0.8,222.7,78.9
3219,2025-06-02,Monday,Central,R034,Bus,18,15,Evening Peak,1028,10.4,6,4.6,0.69,123.4,71.9
396,2025-06-02,Monday,Central,R057,Rail,18,45,Evening Peak,1170,10.6,6,6.5,0.69,210.6,70.5
2606,2025-06-02,Monday,North,R001,Tram,18,45,Evening Peak,973,4.7,15,20.8,0.84,136.2,77.1
4520,2025-06-02,Monday,West,R011,Bus,19,15,Evening Peak,682,4.0,12,25.0,0.65,81.8,75.1
4358,2025-06-03,Tuesday,Central,R062,Metro,6,0,Early Morning,497,4.6,14,13.3,0.63,79.5,79.5
3023,2025-06-03,Tuesday,South,R031,Cycling,7,15,Early Morning,578,6.2,9,16.2,0.54,52.0,76.9
3116,2025-06-03,Tuesday,East,R075,Bus,8,0,Morning Peak,872,8.5,6,21.8,0.67,104.6,76.7
3503,2025-06-03,Tuesday,Central,R068,Cycling,8,15,Morning Peak,670,2.8,14,14.4,0.54,60.3,77.4
5940,2025-06-03,Tuesday,South,R054,Tram,8,30,Morning Peak,1201,6.7,15,4.1,0.68,168.1,66.0
2132,2025-06-03,Tuesday,Central,R035,Rail,9,0,Morning Peak,1873,10.6,8,2.8,0.87,337.1,64.6
4079,2025-06-03,Tuesday,South,R062,Metro,9,0,Morning Peak,2305,6.7,14,6.8,1.07,368.8,77.5
4330,2025-06-03,Tuesday,West,R017,Bus,10,15,Morning Peak,828,7.1,11,20.8,0.64,99.4,73.8
2360,2025-06-03,Tuesday,East,R029,Bus,11,30,Midday,1042,6.6,8,10.5,0.71,125.0,73.4
2715,2025-06-03,Tuesday,East,R040,Bus,11,45,Midday,855,8.8,10,17.4,0.68,102.6,68.8
4051,2025-06-03,Tuesday,East,R044,Shared Mobility,11,45,Midday,350,7.7,9,25.4,0.42,17.5,66.2
3408,2025-06-03,Tuesday,Central,R014,Rail,13,15,Midday,1145,6.8,12,15.8,0.65,206.1,68.4
891,2025-06-03,Tuesday,Central,R080,Rail,15,30,Midday,994,10.5,6,26.7,0.65,178.9,67.3
1200,2025-06-03,Tuesday,Central,R079,Metro,16,15,Midday,2841,9.7,5,14.1,1.08,454.6,66.3
3965,2025-06-03,Tuesday,West,R006,Bus,18,15,Evening Peak,1581,6.4,14,16.9,0.74,189.7,80.9
2214,2025-06-03,Tuesday,East,R030,Metro,18,30,Evening Peak,1645,5.6,16,16.2,0.77,263.2,75.5
1405,2025-06-03,Tuesday,Central,R009,Rail,19,15,Evening Peak,574,6.8,9,4.8,0.74,103.3,78.3
2935,2025-06-03,Tuesday,Central,R064,Cycling,19,15,Evening Peak,201,0.0,15,9.0,0.37,18.1,97.9
1830,2025-06-03,Tuesday,East,R045,Bus,20,0,Late Evening,531,6.6,5,19.8,0.59,63.7,75.3
5958,2025-06-03,Tuesday,South,R068,Bus,20,0,Late Evening,936,10.4,9,16.8,0.78,112.3,61.7
2872,2025-06-03,Tuesday,South,R018,Metro,20,30,Late Evening,651,5.9,15,8.9,0.76,104.2,92.8
1174,2025-06-03,Tuesday,West,R058,Metro,21,15,Late Evening,824,4.0,13,21.0,0.73,131.8,74.6
3682,2025-06-03,Tuesday,West,R044,Tram,21,15,Late Evening,583,0.7,21,24.5,0.5,81.6,78.4
464,2025-06-03,Tuesday,North,R030,Cycling,22,0,Late Evening,376,0.0,16,4.0,0.43,33.8,76.8
1330,2025-06-03,Tuesday,South,R075,Bus,22,0,Late Evening,574,3.4,16,5.2,0.69,68.9,75.8
767,2025-06-03,Tuesday,South,R015,Metro,22,30,Late Evening,1008,5.9,12,18.2,0.81,161.3,79.1
4885,2025-06-04,Wednesday,East,R045,Tram,6,0,Early Morning,560,4.3,10,26.8,0.72,78.4,86.1
4011,2025-06-04,Wednesday,North,R025,Rail,8,45,Morning Peak,1564,8.8,12,19.1,0.74,281.5,63.8
1649,2025-06-04,Wednesday,Central,R079,Bus,9,15,Morning Peak,754,10.4,10,27.0,0.64,90.5,72.0
3329,2025-06-04,Wednesday,Central,R066,Metro,9,15,Morning Peak,2653,5.0,13,8.5,0.9,424.5,74.6
367,2025-06-04,Wednesday,East,R051,Bus,10,0,Morning Peak,929,3.3,14,5.1,0.77,111.5,82.6
5197,2025-06-04,Wednesday,Central,R066,Rail,10,15,Morning Peak,1490,6.4,15,21.5,0.77,268.2,72.6
4021,2025-06-04,Wednesday,West,R007,Bus,11,15,Midday,672,1.9,19,8.4,0.61,80.6,84.2
2469,2025-06-04,Wednesday,North,R068,Rail,11,45,Midday,1035,8.8,13,7.9,0.86,186.3,70.4
836,2025-06-04,Wednesday,West,R027,Shared Mobility,13,45,Midday,358,2.2,14,25.3,0.29,17.9,89.3
3409,2025-06-04,Wednesday,East,R005,Metro,15,0,Midday,1393,4.1,16,14.1,0.85,222.9,72.2
1673,2025-06-04,Wednesday,East,R058,Metro,20,45,Late Evening,598,6.6,13,21.4,0.81,95.7,84.4
4949,2025-06-04,Wednesday,South,R008,Bus,21,30,Late Evening,368,6.1,10,20.7,0.6,44.2,73.1
3379,2025-06-05,Thursday,Central,R047,Metro,5,0,Early Morning,676,2.5,16,13.6,0.73,108.2,81.3
3067,2025-06-05,Thursday,Central,R020,Tram,6,15,Early Morning,247,7.0,11,16.9,0.56,34.6,81.7
1201,2025-06-05,Thursday,South,R066,Metro,9,45,Morning Peak,2100,3.0,21,24.3,0.96,336.0,79.0
3945,2025-06-05,Thursday,North,R010,Rail,10,30,Morning Peak,742,5.7,8,27.7,0.72,133.6,62.5
5152,2025-06-05,Thursday,Central,R016,Bus,10,30,Morning Peak,1139,11.2,9,4.1,0.75,136.7,60.3
687,2025-06-05,Thursday,North,R059,Bus,10,45,Morning Peak,1480,10.8,5,11.8,0.68,177.6,64.5
2001,2025-06-05,Thursday,South,R029,Metro,11,30,Midday,1508,6.1,11,11.0,0.8,241.3,65.2
4637,2025-06-05,Thursday,North,R005,Bus,11,45,Midday,1337,6.5,16,18.8,0.77,160.4,76.2
2444,2025-06-05,Thursday,Central,R004,Metro,12,45,Midday,1861,3.2,20,12.7,0.88,297.8,76.5
3695,2025-06-05,Thursday,Central,R046,Rail,12,45,Midday,860,6.6,13,5.9,0.79,154.8,70.4
3364,2025-06-05,Thursday,West,R012,Bus,18,30,Evening Peak,1298,8.1,5,7.0,0.6,155.8,65.9
3040,2025-06-05,Thursday,South,R062,Rail,18,45,Evening Peak,1480,8.2,10,2.3,0.83,266.4,80.3
5230,2025-06-05,Thursday,South,R072,Tram,18,45,Evening Peak,984,6.9,13,2.9,0.59,137.8,82.0
3999,2025-06-05,Thursday,West,R075,Bus,19,45,Evening Peak,743,5.1,15,5.7,0.63,89.2,82.7
4920,2025-06-05,Thursday,South,R069,Bus,20,0,Late Evening,622,5.6,12,10.7,0.55,74.6,78.6
3818,2025-06-05,Thursday,North,R071,Metro,20,45,Late Evening,940,3.2,13,24.0,0.9,150.4,98.0
5789,2025-06-05,Thursday,East,R078,Tram,21,15,Late Evening,332,5.0,19,26.3,0.55,46.5,78.4
2167,2025-06-05,Thursday,South,R074,Metro,21,30,Late Evening,1082,0.9,18,27.2,0.71,173.1,94.1
4775,2025-06-05,Thursday,West,R059,Metro,23,15,Late Evening,1191,2.9,11,7.6,0.81,190.6,81.3
2049,2025-06-06,Friday,East,R025,Metro,7,15,Early Morning,1864,5.1,16,9.0,0.85,298.2,86.7
1729,2025-06-06,Friday,Central,R002,Metro,8,30,Morning Peak,1091,5.9,15,6.4,0.73,174.6,63.8
4305,2025-06-06,Friday,Central,R043,Bus,9,0,Morning Peak,1953,5.5,16,21.6,0.75,234.4,72.7
1108,2025-06-06,Friday,North,R079,Rail,12,15,Midday,1161,4.0,12,19.5,0.83,209.0,86.5
1105,2025-06-06,Friday,West,R072,Bus,13,0,Midday,1132,6.9,10,3.7,0.67,135.8,70.6
2165,2025-06-06,Friday,South,R069,Bus,13,30,Midday,817,7.6,12,5.7,0.71,98.0,73.7
3200,2025-06-06,Friday,South,R013,Shared Mobility,15,45,Midday,367,2.0,15,5.8,0.44,18.4,83.8
3860,2025-06-06,Friday,Central,R049,Rail,19,0,Evening Peak,892,8.7,5,2.9,0.76,160.6,70.7
4333,2025-06-06,Friday,West,R053,Metro,19,0,Evening Peak,1104,4.5,15,15.0,0.73,176.6,65.3
92,2025-06-06,Friday,North,R065,Bus,19,30,Evening Peak,536,8.6,6,1.7,0.63,64.3,59.3
3694,2025-06-06,Friday,East,R047,Rail,20,0,Late Evening,597,7.0,8,21.3,0.63,107.5,63.2
3388,2025-06-06,Friday,South,R052,Metro,21,15,Late Evening,744,3.8,17,21.7,0.71,119.0,76.3
1083,2025-06-06,Friday,East,R021,Metro,21,45,Late Evening,934,4.0,12,12.8,0.68,149.4,73.2
1080,2025-06-06,Friday,West,R030,Tram,22,30,Late Evening,517,4.1,8,4.7,0.51,72.4,80.0
3638,2025-06-07,Saturday,North,R037,Metro,6,45,Early Morning,1166,2.3,15,24.0,0.81,186.6,78.2
2316,2025-06-07,Saturday,North,R033,Rail,9,15,Morning Peak,1030,14.4,2,27.7,0.66,185.4,66.5
2376,2025-06-07,Saturday,Central,R006,Metro,10,15,Morning Peak,966,3.7,11,7.9,0.69,154.6,78.2
3007,2025-06-07,Saturday,Central,R033,Bus,10,45,Morning Peak,703,7.1,12,11.5,0.68,84.4,83.4
1222,2025-06-07,Saturday,North,R037,Rail,11,15,Midday,828,6.3,12,24.8,0.7,149.0,81.0
1661,2025-06-07,Saturday,East,R017,Metro,11,45,Midday,1439,3.9,13,14.2,0.89,230.2,75.5
2741,2025-06-07,Saturday,South,R004,Tram,11,45,Midday,638,4.7,12,3.5,0.68,89.3,75.7
333,2025-06-07,Saturday,South,R059,Bus,15,30,Midday,554,4.0,18,17.3,0.63,66.5,87.9
1521,2025-06-07,Saturday,North,R034,Shared Mobility,16,0,Midday,406,6.0,10,3.9,0.3,20.3,71.9
430,2025-06-07,Saturday,West,R080,Bus,16,30,Midday,1116,7.9,11,3.4,0.68,133.9,65.0
5309,2025-06-07,Saturday,East,R036,Metro,16,45,Midday,1093,12.8,8,21.9,0.77,174.9,56.2
1310,2025-06-07,Saturday,East,R066,Bus,17,30,Evening Peak,1140,6.3,10,22.9,0.75,136.8,63.9
310,2025-06-07,Saturday,North,R020,Bus,21,30,Late Evening,329,8.2,12,9.5,0.64,39.5,84.4
3294,2025-06-07,Saturday,West,R023,Metro,21,30,Late Evening,831,1.7,14,13.4,0.76,133.0,84.2
2172,2025-06-07,Saturday,Central,R046,Bus,22,15,Late Evening,557,6.0,15,2.6,0.63,66.8,75.9
3164,2025-06-07,Saturday,East,R001,Bus,22,15,Late Evening,672,7.9,12,22.9,0.74,80.6,76.2
2378,2025-06-07,Saturday,North,R073,Bus,23,30,Late Evening,509,5.7,11,14.0,0.65,61.1,92.5
3903,2025-06-08,Sunday,East,R017,Rail,9,30,Morning Peak,878,10.2,5,12.6,0.7,158.0,66.8
5683,2025-06-08,Sunday,Central,R047,Rail,10,0,Morning Peak,674,3.1,14,11.0,0.74,121.3,93.3
5781,2025-06-08,Sunday,Central,R071,Shared Mobility,10,15,Morning Peak,321,0.5,17,18.3,0.41,16.0,79.1
1098,2025-06-08,Sunday,West,R019,Bus,10,30,Morning Peak,802,5.8,13,15.3,0.64,96.2,82.4
2092,2025-06-08,Sunday,Central,R067,Bus,11,45,Midday,661,6.4,11,12.6,0.78,79.3,81.0
4707,2025-06-08,Sunday,West,R042,Metro,11,45,Midday,682,7.9,7,24.0,0.74,109.1,72.1
1909,2025-06-08,Sunday,North,R020,Tram,17,15,Evening Peak,1206,6.6,14,10.8,0.72,168.8,68.2
1474,2025-06-08,Sunday,West,R023,Bus,18,15,Evening Peak,940,7.7,10,17.5,0.63,112.8,70.6
2743,2025-06-08,Sunday,East,R007,Bus,18,45,Evening Peak,980,9.5,7,4.2,0.74,117.6,69.9
5475,2025-06-08,Sunday,South,R065,Metro,21,30,Late Evening,625,3.7,13,5.3,0.77,100.0,71.4
2185,2025-06-08,Sunday,Central,R055,Bus,22,0,Late Evening,454,2.3,19,25.0,0.72,54.5,83.6
1579,2025-06-09,Monday,North,R079,Bus,10,0,Morning Peak,682,7.8,9,14.0,0.78,81.8,63.5
1814,2025-06-09,Monday,South,R005,Metro,10,0,Morning Peak,1222,1.8,19,24.7,0.75,195.5,91.3
192,2025-06-09,Monday,North,R013,Bus,10,45,Morning Peak,629,8.0,8,17.5,0.59,75.5,79.1
153,2025-06-09,Monday,Central,R075,Bus,11,15,Midday,877,3.2,15,19.8,0.69,105.2,88.1
838,2025-06-09,Monday,Central,R071,Bus,11,15,Midday,1189,4.7,11,8.4,0.59,142.7,80.3
1659,2025-06-09,Monday,Central,R027,Tram,12,30,Midday,528,5.7,14,27.2,0.62,73.9,69.3
2866,2025-06-09,Monday,Central,R053,Rail,12,45,Midday,1316,8.4,11,19.6,0.88,236.9,68.8
3373,2025-06-09,Monday,West,R013,Cycling,12,45,Midday,479,0.0,21,2.8,0.46,43.1,81.1
2240,2025-06-09,Monday,East,R067,Shared Mobility,13,15,Midday,335,4.2,17,26.6,0.48,16.8,71.4
5762,2025-06-09,Monday,North,R012,Cycling,13,45,Midday,596,3.5,15,24.9,0.51,53.6,73.2
2492,2025-06-09,Monday,East,R034,Metro,14,0,Midday,1181,2.3,20,27.4,0.8,189.0,89.4
4024,2025-06-09,Monday,South,R059,Rail,15,30,Midday,1186,3.8,14,5.6,0.75,213.5,78.8
2424,2025-06-09,Monday,North,R028,Metro,15,45,Midday,1085,4.2,13,6.6,0.85,173.6,82.5
2284,2025-06-09,Monday,North,R020,Metro,17,30,Evening Peak,2638,4.2,19,23.6,1.02,422.1,68.9
503,2025-06-09,Monday,East,R043,Bus,18,30,Evening Peak,1351,10.1,9,19.3,0.74,162.1,78.8
219,2025-06-09,Monday,West,R077,Bus,19,0,Evening Peak,610,10.2,9,18.4,0.76,73.2,69.2
5091,2025-06-09,Monday,Central,R050,Metro,19,0,Evening Peak,837,5.6,11,17.5,0.8,133.9,81.8
2596,2025-06-09,Monday,South,R026,Metro,20,45,Late Evening,547,3.8,16,14.2,0.66,87.5,77.9
3849,2025-06-09,Monday,Central,R009,Tram,21,45,Late Evening,510,5.9,9,18.7,0.67,71.4,80.7
659,2025-06-09,Monday,South,R063,Bus,22,0,Late Evening,876,6.9,7,21.2,0.61,105.1,68.0
3656,2025-06-09,Monday,East,R035,Rail,22,45,Late Evening,421,5.3,6,12.8,0.66,75.8,79.4
269,2025-06-09,Monday,West,R006,Bus,23,30,Late Evening,1021,5.1,13,2.2,0.55,122.5,92.3
4554,2025-06-09,Monday,West,R003,Tram,23,45,Late Evening,552,4.5,12,16.0,0.52,77.3,83.4
2886,2025-06-10,Tuesday,South,R079,Tram,5,15,Early Morning,684,7.2,12,23.9,0.62,95.8,67.6
298,2025-06-10,Tuesday,Central,R067,Rail,6,0,Early Morning,783,5.8,10,3.8,0.71,140.9,76.9
2342,2025-06-10,Tuesday,South,R062,Shared Mobility,6,0,Early Morning,213,2.2,14,26.3,0.45,10.6,75.5
2774,2025-06-10,Tuesday,North,R055,Metro,7,45,Early Morning,2094,7.6,11,23.0,0.94,335.0,81.5
1490,2025-06-10,Tuesday,East,R074,Bus,8,45,Morning Peak,887,8.4,15,23.3,0.65,106.4,71.3
1281,2025-06-10,Tuesday,South,R050,Cycling,9,0,Morning Peak,885,6.0,14,7.5,0.46,79.6,73.5
2234,2025-06-10,Tuesday,South,R078,Metro,9,0,Morning Peak,1376,5.1,12,22.4,0.81,220.2,68.8
2018,2025-06-10,Tuesday,South,R037,Metro,9,15,Morning Peak,1605,4.6,13,20.1,0.84,256.8,83.2
1002,2025-06-10,Tuesday,South,R054,Bus,10,15,Morning Peak,1089,3.0,20,22.0,0.74,130.7,69.4
3914,2025-06-10,Tuesday,West,R059,Tram,10,15,Morning Peak,538,3.4,9,22.3,0.61,75.3,78.1
3937,2025-06-10,Tuesday,South,R041,Metro,10,15,Morning Peak,1508,3.4,9,9.7,0.72,241.3,86.7
5897,2025-06-10,Tuesday,Central,R064,Bus,10,15,Morning Peak,606,5.3,12,4.5,0.57,72.7,87.3
280,2025-06-10,Tuesday,East,R011,Rail,10,30,Morning Peak,1070,9.2,9,11.2,0.71,192.6,58.6
1820,2025-06-10,Tuesday,Central,R060,Bus,10,30,Morning Peak,691,9.1,6,27.4,0.55,82.9,55.3
4422,2025-06-10,Tuesday,East,R033,Shared Mobility,11,0,Midday,390,2.3,18,24.8,0.46,19.5,75.6
349,2025-06-10,Tuesday,North,R018,Tram,11,15,Midday,330,5.7,15,14.2,0.53,46.2,88.9
4788,2025-06-10,Tuesday,East,R047,Metro,11,45,Midday,773,7.0,10,26.8,0.83,123.7,72.6
2084,2025-06-10,Tuesday,West,R078,Rail,13,45,Midday,919,6.4,11,21.8,0.61,165.4,77.1
24,2025-06-10,Tuesday,East,R069,Bus,18,15,Evening Peak,1348,9.2,9,8.4,0.68,161.8,62.4
1195,2025-06-10,Tuesday,South,R008,Bus,21,30,Late Evening,701,9.0,7,26.6,0.66,84.1,74.1
3140,2025-06-10,Tuesday,North,R075,Bus,22,0,Late Evening,398,5.4,15,24.2,0.67,47.8,77.4
3302,2025-06-10,Tuesday,East,R050,Tram,22,30,Late Evening,522,5.9,9,3.4,0.55,73.1,70.5
1750,2025-06-11,Wednesday,Central,R025,Bus,7,15,Early Morning,1139,9.3,8,14.5,0.75,136.7,66.6
3831,2025-06-11,Wednesday,East,R002,Bus,8,30,Morning Peak,1207,11.4,5,2.7,0.72,144.8,69.3
5761,2025-06-11,Wednesday,Central,R071,Rail,8,30,Morning Peak,1250,8.5,9,11.5,0.65,225.0,75.7
4228,2025-06-11,Wednesday,Central,R078,Bus,9,30,Morning Peak,1205,9.8,3,21.2,0.75,144.6,71.1
4164,2025-06-11,Wednesday,South,R056,Metro,9,45,Morning Peak,1281,3.0,15,5.4,0.78,205.0,87.4
3009,2025-06-11,Wednesday,West,R007,Metro,10,0,Morning Peak,852,3.5,15,13.5,0.67,136.3,83.8
3616,2025-06-11,Wednesday,Central,R077,Bus,10,30,Morning Peak,1201,3.0,15,17.5,0.7,144.1,87.2
4574,2025-06-11,Wednesday,North,R077,Rail,10,30,Morning Peak,635,2.9,14,25.7,0.75,114.3,83.1
5373,2025-06-11,Wednesday,South,R035,Bus,11,0,Midday,769,7.7,8,10.0,0.55,92.3,72.5
5297,2025-06-11,Wednesday,North,R019,Bus,11,45,Midday,680,5.7,11,20.0,0.64,81.6,70.8
769,2025-06-11,Wednesday,East,R047,Bus,12,45,Midday,1286,6.3,11,3.1,0.73,154.3,76.7
3442,2025-06-11,Wednesday,West,R044,Bus,13,15,Midday,823,5.6,13,8.4,0.75,98.8,70.9
1245,2025-06-11,Wednesday,North,R023,Cycling,15,30,Midday,518,0.0,19,24.0,0.4,46.6,80.5
2740,2025-06-11,Wednesday,South,R080,Bus,17,30,Evening Peak,964,5.0,14,13.5,0.69,115.7,76.2
72,2025-06-11,Wednesday,North,R070,Bus,19,0,Evening Peak,308,8.5,10,19.8,0.64,37.0,66.6
3702,2025-06-11,Wednesday,East,R041,Bus,20,45,Late Evening,758,8.1,13,11.3,0.65,91.0,75.2
3764,2025-06-11,Wednesday,South,R027,Metro,20,45,Late Evening,898,2.0,17,17.7,0.82,143.7,93.2
5799,2025-06-11,Wednesday,North,R055,Cycling,21,0,Late Evening,320,3.1,19,8.1,0.52,28.8,76.9
3211,2025-06-11,Wednesday,South,R015,Bus,21,30,Late Evening,505,5.7,16,17.4,0.66,60.6,76.2
1966,2025-06-12,Thursday,South,R022,Bus,6,45,Early Morning,718,8.6,4,16.3,0.58,86.2,60.9
5291,2025-06-12,Thursday,North,R060,Tram,8,15,Morning Peak,716,5.2,13,24.5,0.56,100.2,70.3
4828,2025-06-12,Thursday,South,R047,Rail,8,45,Morning Peak,1383,8.7,12,4.4,0.75,248.9,61.1
2840,2025-06-12,Thursday,North,R026,Shared Mobility,10,0,Morning Peak,385,0.7,21,4.7,0.41,19.2,80.6
5415,2025-06-12,Thursday,North,R059,Metro,11,30,Midday,1104,2.2,17,19.8,0.83,176.6,78.2
105,2025-06-12,Thursday,North,R022,Metro,11,45,Midday,1318,0.0,18,11.1,0.79,210.9,98.0
5440,2025-06-12,Thursday,South,R077,Bus,11,45,Midday,815,2.5,17,24.6,0.66,97.8,87.2
3044,2025-06-12,Thursday,Central,R075,Tram,12,30,Midday,804,3.6,15,6.2,0.8,112.6,87.8
4796,2025-06-12,Thursday,Central,R047,Bus,12,30,Midday,817,6.4,19,1.9,0.65,98.0,69.7
507,2025-06-12,Thursday,Central,R002,Cycling,14,30,Midday,337,0.8,20,17.9,0.48,30.3,80.4
3528,2025-06-12,Thursday,West,R038,Metro,14,45,Midday,1098,0.0,16,17.4,0.8,175.7,86.9
1751,2025-06-12,Thursday,West,R053,Bus,15,45,Midday,986,6.8,12,16.8,0.56,118.3,81.5
3802,2025-06-12,Thursday,West,R029,Metro,16,0,Midday,1732,3.2,17,6.9,0.74,277.1,81.0
5405,2025-06-12,Thursday,West,R017,Bus,17,0,Evening Peak,1104,9.9,7,26.7,0.63,132.5,57.1
4032,2025-06-12,Thursday,Central,R056,Rail,17,30,Evening Peak,1797,6.8,13,10.4,0.94,323.5,75.4
3568,2025-06-12,Thursday,Central,R078,Metro,18,15,Evening Peak,1490,8.9,12,15.8,0.79,238.4,56.3
594,2025-06-12,Thursday,South,R013,Rail,20,15,Late Evening,705,5.5,13,8.0,0.66,126.9,65.8
5684,2025-06-12,Thursday,North,R006,Bus,20,15,Late Evening,617,3.4,13,6.4,0.7,74.0,65.1
1683,2025-06-12,Thursday,North,R063,Bus,22,0,Late Evening,630,5.7,15,26.2,0.57,75.6,51.9
5900,2025-06-12,Thursday,South,R049,Metro,22,0,Late Evening,593,7.9,5,3.4,0.78,94.9,73.1
295,2025-06-12,Thursday,Central,R042,Tram,22,15,Late Evening,542,7.5,10,8.1,0.55,75.9,78.1
2385,2025-06-12,Thursday,Central,R054,Metro,23,45,Late Evening,867,6.2,11,14.0,0.81,138.7,65.9
1969,2025-06-13,Friday,West,R076,Bus,8,45,Morning Peak,1109,6.9,14,15.3,0.62,133.1,61.3
2272,2025-06-13,Friday,North,R024,Bus,8,45,Morning Peak,1700,8.8,11,18.2,0.69,204.0,63.7
5989,2025-06-13,Friday,North,R012,Rail,9,0,Morning Peak,1353,9.6,10,3.3,0.69,243.5,74.5
2227,2025-06-13,Friday,South,R049,Metro,9,15,Morning Peak,1991,8.2,11,23.8,0.95,318.6,86.6
5452,2025-06-13,Friday,Central,R032,Tram,10,0,Morning Peak,521,4.6,13,20.0,0.48,72.9,80.2
691,2025-06-13,Friday,North,R012,Metro,10,45,Morning Peak,1631,5.7,9,21.5,0.76,261.0,74.4
5639,2025-06-13,Friday,North,R059,Cycling,11,0,Midday,577,0.0,19,19.8,0.37,51.9,79.5
2590,2025-06-13,Friday,South,R033,Rail,11,15,Midday,893,3.6,14,25.5,0.76,160.7,85.1
3481,2025-06-13,Friday,East,R080,Tram,11,15,Midday,531,4.4,9,22.6,0.6,74.3,69.7
2398,2025-06-13,Friday,South,R031,Bus,11,30,Midday,545,6.2,12,14.8,0.62,65.4,76.0
1712,2025-06-13,Friday,West,R037,Metro,11,45,Midday,1975,4.0,13,24.1,0.93,316.0,71.0
5780,2025-06-13,Friday,Central,R004,Metro,12,0,Midday,897,3.7,14,4.7,0.82,143.5,79.5
2493,2025-06-13,Friday,East,R042,Metro,12,15,Midday,1132,2.6,20,11.2,0.75,181.1,89.7
5813,2025-06-13,Friday,South,R011,Bus,12,45,Midday,1444,9.7,7,25.8,0.87,173.3,56.8
1381,2025-06-13,Friday,East,R059,Bus,15,45,Midday,739,3.2,12,11.0,0.81,88.7,79.9
540,2025-06-13,Friday,South,R048,Bus,16,0,Midday,1492,8.1,11,2.3,0.79,179.0,67.4
3591,2025-06-13,Friday,East,R031,Tram,16,0,Midday,1013,4.5,17,27.9,0.57,141.8,71.5
5245,2025-06-13,Friday,North,R011,Shared Mobility,16,45,Midday,347,4.0,13,22.2,0.52,17.4,73.7
4376,2025-06-13,Friday,Central,R007,Metro,17,0,Evening Peak,1792,4.6,16,6.7,0.86,286.7,75.1
669,2025-06-13,Friday,Central,R010,Bus,17,45,Evening Peak,1644,9.9,6,20.8,0.74,197.3,79.3
2969,2025-06-13,Friday,North,R051,Bus,18,0,Evening Peak,2653,8.7,13,13.6,0.9,318.4,65.8
4433,2025-06-13,Friday,West,R069,Bus,18,15,Evening Peak,1348,7.2,11,4.0,0.73,161.8,59.7
3136,2025-06-13,Friday,South,R076,Rail,20,0,Late Evening,546,6.9,9,16.3,0.69,98.3,70.4
4102,2025-06-13,Friday,South,R051,Bus,20,45,Late Evening,922,4.9,17,5.0,0.56,110.6,70.1
5670,2025-06-14,Saturday,Central,R051,Bus,5,45,Early Morning,470,1.5,14,22.0,0.64,56.4,90.2
3795,2025-06-14,Saturday,Central,R042,Rail,8,30,Morning Peak,676,9.8,9,27.8,0.58,121.7,58.2
3474,2025-06-14,Saturday,Central,R070,Bus,9,45,Morning Peak,873,14.0,2,8.6,0.72,104.8,39.0
1274,2025-06-14,Saturday,North,R059,Bus,10,0,Morning Peak,588,5.5,17,11.6,0.64,70.6,77.1
1996,2025-06-14,Saturday,North,R023,Bus,10,15,Morning Peak,698,10.0,10,27.7,0.75,83.8,60.9
750,2025-06-14,Saturday,Central,R034,Rail,10,30,Morning Peak,627,3.7,16,6.9,0.69,112.9,82.4
4791,2025-06-14,Saturday,South,R042,Bus,10,45,Morning Peak,515,2.5,18,11.0,0.65,61.8,93.5
4551,2025-06-14,Saturday,Central,R028,Metro,11,0,Midday,696,3.9,16,11.3,0.77,111.4,74.4
3440,2025-06-14,Saturday,East,R037,Tram,11,15,Midday,355,10.3,9,24.1,0.59,49.7,62.3
616,2025-06-14,Saturday,Central,R045,Cycling,12,0,Midday,425,3.4,11,27.5,0.35,38.2,75.1
1044,2025-06-14,Saturday,South,R052,Metro,12,30,Midday,1293,3.5,12,22.2,0.86,206.9,85.4
5631,2025-06-14,Saturday,South,R016,Bus,14,0,Midday,648,8.9,8,12.5,0.63,77.8,74.5
185,2025-06-14,Saturday,North,R025,Rail,16,30,Midday,704,6.1,8,15.4,0.58,126.7,72.6
1346,2025-06-14,Saturday,South,R050,Bus,20,30,Late Evening,560,8.9,16,20.3,0.72,67.2,60.4
2875,2025-06-14,Saturday,East,R034,Bus,21,30,Late Evening,428,9.4,10,9.9,0.65,51.4,79.1
5017,2025-06-15,Sunday,Central,R069,Tram,6,30,Early Morning,442,4.6,23,20.7,0.55,61.9,77.2
5390,2025-06-15,Sunday,North,R048,Metro,7,15,Early Morning,1986,5.1,13,27.7,0.84,317.8,73.5
4386,2025-06-15,Sunday,East,R002,Bus,8,0,Morning Peak,792,11.0,6,7.2,0.61,95.0,54.2
1800,2025-06-15,Sunday,South,R001,Metro,8,30,Morning Peak,2539,5.7,11,7.7,0.87,406.2,91.8
3333,2025-06-15,Sunday,Central,R079,Rail,8,45,Morning Peak,776,7.9,10,23.6,0.69,139.7,80.6
1785,2025-06-15,Sunday,South,R026,Metro,9,15,Morning Peak,2208,1.6,21,6.3,0.89,353.3,89.1
4918,2025-06-15,Sunday,East,R017,Cycling,10,0,Morning Peak,213,3.9,22,5.5,0.39,19.2,73.3
5739,2025-06-15,Sunday,East,R063,Bus,10,15,Morning Peak,730,7.1,13,7.8,0.58,87.6,73.8
2373,2025-06-15,Sunday,North,R052,Cycling,12,0,Midday,177,0.0,19,18.5,0.41,15.9,98.0
1236,2025-06-15,Sunday,West,R075,Metro,13,15,Midday,840,0.7,14,1.7,0.75,134.4,98.0
1833,2025-06-15,Sunday,North,R053,Rail,14,0,Midday,594,7.5,8,25.2,0.76,106.9,72.0
4328,2025-06-15,Sunday,West,R037,Rail,15,15,Midday,366,6.9,12,17.7,0.64,65.9,70.5
5401,2025-06-15,Sunday,North,R037,Metro,18,45,Evening Peak,1379,8.2,15,18.2,0.89,220.6,79.2
4880,2025-06-15,Sunday,East,R002,Cycling,21,15,Late Evening,270,3.5,9,12.0,0.42,24.3,67.2
800,2025-06-15,Sunday,Central,R045,Bus,22,15,Late Evening,475,8.2,8,25.0,0.69,57.0,82.2
3757,2025-06-15,Sunday,South,R048,Rail,22,15,Late Evening,520,6.9,15,25.1,0.74,93.6,85.3
4838,2025-06-15,Sunday,West,R055,Rail,22,30,Late Evening,678,7.7,12,13.5,0.71,122.0,84.5
4770,2025-06-15,Sunday,West,R003,Bus,23,45,Late Evening,625,5.9,11,24.1,0.5,75.0,77.8
4193,2025-06-16,Monday,Central,R072,Rail,5,45,Early Morning,1204,8.1,10,25.5,0.62,216.7,61.6
2920,2025-06-16,Monday,Central,R059,Bus,8,45,Morning Peak,1906,5.0,15,18.8,0.73,228.7,68.0
2255,2025-06-16,Monday,West,R067,Rail,10,30,Morning Peak,671,7.6,9,17.4,0.63,120.8,72.6
2958,2025-06-16,Monday,West,R064,Bus,10,45,Morning Peak,951,4.5,12,18.7,0.7,114.1,90.4
4284,2025-06-16,Monday,West,R027,Metro,11,0,Midday,1798,3.9,15,3.2,1.0,287.7,91.1
3377,2025-06-16,Monday,East,R049,Bus,12,15,Midday,1206,10.1,7,25.1,0.76,144.7,63.4
47,2025-06-16,Monday,Central,R023,Rail,13,0,Midday,785,6.2,10,16.1,0.61,141.3,72.4
2223,2025-06-16,Monday,Central,R010,Metro,13,0,Midday,721,4.3,12,8.6,0.7,115.4,76.3
5051,2025-06-16,Monday,South,R016,Bus,15,45,Midday,817,3.6,13,14.9,0.72,98.0,84.6
633,2025-06-16,Monday,West,R001,Bus,19,0,Evening Peak,334,7.1,5,21.0,0.6,40.1,70.9
5908,2025-06-16,Monday,North,R006,Metro,19,30,Evening Peak,1366,1.7,10,21.5,0.8,218.6,89.0
2266,2025-06-16,Monday,East,R013,Rail,20,45,Late Evening,749,5.2,10,25.5,0.74,134.8,73.7
4580,2025-06-16,Monday,West,R064,Bus,20,45,Late Evening,590,7.6,10,2.4,0.6,70.8,68.1
514,2025-06-17,Tuesday,West,R014,Bus,5,45,Early Morning,650,6.5,14,8.2,0.67,78.0,78.4
4406,2025-06-17,Tuesday,Central,R012,Bus,9,45,Morning Peak,1335,8.7,10,9.4,0.7,160.2,66.1
2946,2025-06-17,Tuesday,South,R046,Metro,10,0,Morning Peak,1176,5.4,17,20.6,0.74,188.2,75.0
609,2025-06-17,Tuesday,West,R059,Tram,10,45,Morning Peak,605,4.4,15,9.2,0.67,84.7,71.0
3277,2025-06-17,Tuesday,North,R079,Bus,11,15,Midday,966,4.5,12,11.2,0.7,115.9,75.9
4127,2025-06-17,Tuesday,West,R027,Tram,11,30,Midday,597,7.5,10,20.4,0.67,83.6,79.2
4234,2025-06-17,Tuesday,South,R054,Cycling,14,45,Midday,552,3.5,15,17.0,0.54,49.7,75.4
1358,2025-06-17,Tuesday,North,R052,Metro,18,30,Evening Peak,1785,5.2,11,15.2,0.89,285.6,83.8
1634,2025-06-17,Tuesday,East,R009,Bus,18,30,Evening Peak,921,16.2,2,12.0,0.76,110.5,40.7
4463,2025-06-17,Tuesday,North,R063,Rail,20,0,Late Evening,614,6.1,13,23.8,0.71,110.5,74.5
1009,2025-06-17,Tuesday,West,R076,Tram,21,30,Late Evening,565,6.4,14,23.1,0.48,79.1,86.2
1640,2025-06-18,Wednesday,East,R074,Cycling,9,15,Morning Peak,574,0.8,18,13.9,0.45,51.7,84.9
4313,2025-06-18,Wednesday,East,R021,Bus,9,30,Morning Peak,911,10.6,10,11.5,0.66,109.3,66.6
3947,2025-06-18,Wednesday,North,R071,Shared Mobility,10,15,Morning Peak,284,4.6,14,19.4,0.42,14.2,77.6
4118,2025-06-18,Wednesday,South,R018,Metro,10,15,Morning Peak,1606,6.2,12,18.1,0.85,257.0,68.7
4139,2025-06-18,Wednesday,Central,R078,Rail,10,15,Morning Peak,762,7.2,11,16.9,0.63,137.2,81.3
2085,2025-06-18,Wednesday,Central,R072,Rail,12,30,Midday,959,1.5,17,17.7,0.6,172.6,76.2
2583,2025-06-18,Wednesday,West,R009,Rail,14,30,Midday,982,3.6,14,21.1,0.63,176.8,76.6
4198,2025-06-18,Wednesday,South,R054,Rail,17,0,Evening Peak,1326,10.4,8,27.7,0.72,238.7,70.4
3560,2025-06-18,Wednesday,West,R058,Tram,20,45,Late Evening,559,8.2,13,11.1,0.58,78.3,68.3
297,2025-06-18,Wednesday,East,R060,Cycling,21,30,Late Evening,229,0.0,21,22.0,0.52,20.6,83.2
2900,2025-06-18,Wednesday,East,R055,Rail,21,45,Late Evening,585,3.6,17,20.2,0.66,105.3,90.4
5837,2025-06-18,Wednesday,North,R055,Bus,23,15,Late Evening,605,7.1,10,14.7,0.67,72.6,62.3
4879,2025-06-19,Thursday,West,R060,Bus,5,30,Early Morning,798,7.4,7,13.0,0.55,95.8,74.6
4404,2025-06-19,Thursday,South,R039,Cycling,7,15,Early Morning,639,2.6,17,10.4,0.45,57.5,82.1
1495,2025-06-19,Thursday,West,R040,Rail,9,15,Morning Peak,1436,5.5,10,13.0,0.73,258.5,77.7
845,2025-06-19,Thursday,North,R079,Metro,10,30,Morning Peak,1762,0.1,22,12.0,0.85,281.9,98.0
1597,2025-06-19,Thursday,South,R022,Tram,11,15,Midday,496,1.2,15,2.3,0.53,69.4,70.9
32,2025-06-19,Thursday,West,R073,Tram,11,30,Midday,450,3.7,19,17.5,0.6,63.0,69.2
1646,2025-06-19,Thursday,West,R018,Metro,11,30,Midday,1066,1.4,18,17.6,0.77,170.6,81.2
407,2025-06-19,Thursday,North,R027,Metro,13,0,Midday,1932,3.4,9,3.2,0.81,309.1,81.3
610,2025-06-19,Thursday,South,R045,Metro,13,15,Midday,1176,3.5,13,6.0,0.75,188.2,79.0
3422,2025-06-19,Thursday,Central,R032,Metro,16,0,Midday,1882,8.3,8,13.2,0.8,301.1,61.8
4003,2025-06-19,Thursday,South,R045,Cycling,16,45,Midday,837,4.4,16,5.9,0.58,75.3,85.8
160,2025-06-19,Thursday,South,R042,Shared Mobility,19,30,Evening Peak,154,2.3,17,26.8,0.37,7.7,65.7
3826,2025-06-19,Thursday,East,R030,Metro,21,30,Late Evening,1303,1.2,19,10.6,0.81,208.5,93.5
374,2025-06-19,Thursday,East,R011,Bus,21,45,Late Evening,411,0.0,14,18.5,0.67,49.3,89.5
2209,2025-06-19,Thursday,East,R079,Shared Mobility,21,45,Late Evening,283,3.0,20,4.1,0.37,14.2,81.3
4739,2025-06-19,Thursday,North,R004,Metro,21,45,Late Evening,790,4.9,10,26.8,0.71,126.4,80.1
5474,2025-06-20,Friday,South,R023,Rail,6,30,Early Morning,497,10.8,8,16.3,0.6,89.5,61.1
4626,2025-06-20,Friday,Central,R063,Bus,7,45,Early Morning,2457,10.2,6,19.5,0.94,294.8,73.1
149,2025-06-20,Friday,Central,R052,Bus,10,30,Morning Peak,882,9.9,10,21.0,0.67,105.8,61.1
4001,2025-06-20,Friday,Central,R025,Metro,10,30,Morning Peak,1346,0.9,23,17.6,0.86,215.4,91.1
5726,2025-06-20,Friday,North,R019,Bus,10,30,Morning Peak,1575,5.6,10,21.6,0.79,189.0,87.2
2654,2025-06-20,Friday,East,R003,Tram,11,30,Midday,601,4.3,11,18.1,0.57,84.1,80.5
3810,2025-06-20,Friday,South,R047,Bus,11,30,Midday,604,2.0,15,13.1,0.6,72.5,73.6
5167,2025-06-20,Friday,Central,R028,Tram,14,30,Midday,444,6.9,17,21.6,0.58,62.2,70.3
1987,2025-06-20,Friday,Central,R024,Bus,16,0,Midday,1472,5.8,13,27.5,0.75,176.6,79.9
5491,2025-06-20,Friday,North,R071,Tram,17,0,Evening Peak,1007,5.2,14,25.5,0.65,141.0,65.6
1482,2025-06-20,Friday,South,R058,Bus,17,15,Evening Peak,860,13.6,9,15.3,0.67,103.2,50.5
5914,2025-06-20,Friday,East,R015,Metro,19,45,Evening Peak,1275,2.1,16,21.9,0.79,204.0,88.8
1142,2025-06-20,Friday,North,R020,Metro,20,15,Late Evening,1034,5.6,11,27.9,0.67,165.4,67.9
4858,2025-06-20,Friday,Central,R078,Tram,21,15,Late Evening,340,5.3,9,8.2,0.6,47.6,73.3
5207,2025-06-20,Friday,North,R024,Rail,22,30,Late Evening,608,3.8,14,9.3,0.77,109.4,85.3
3551,2025-06-20,Friday,West,R011,Metro,23,45,Late Evening,948,4.3,12,11.7,0.66,151.7,84.8
331,2025-06-21,Saturday,South,R060,Tram,8,30,Morning Peak,813,4.2,8,27.1,0.62,113.8,83.5
2298,2025-06-21,Saturday,East,R066,Bus,9,0,Morning Peak,1592,10.2,8,17.1,0.79,191.0,71.7
3176,2025-06-21,Saturday,North,R068,Metro,9,45,Morning Peak,1810,3.6,19,8.9,0.87,289.6,76.9
1007,2025-06-21,Saturday,North,R076,Metro,10,30,Morning Peak,810,3.6,19,26.9,0.78,129.6,91.7
189,2025-06-21,Saturday,Central,R058,Rail,11,30,Midday,1166,2.3,15,7.6,0.82,209.9,77.9
121,2025-06-21,Saturday,West,R002,Bus,12,15,Midday,699,6.4,13,12.2,0.64,83.9,71.5
1421,2025-06-21,Saturday,West,R062,Tram,15,0,Midday,444,5.1,11,14.5,0.54,62.2,64.7
2613,2025-06-21,Saturday,Central,R057,Bus,16,45,Midday,834,5.4,5,26.6,0.71,100.1,76.8
217,2025-06-21,Saturday,North,R009,Metro,18,0,Evening Peak,920,6.0,15,4.3,0.81,147.2,90.1
2194,2025-06-21,Saturday,East,R002,Metro,19,15,Evening Peak,901,4.7,13,17.3,0.84,144.2,68.7
3365,2025-06-21,Saturday,East,R064,Tram,22,0,Late Evening,449,6.6,14,17.4,0.45,62.9,65.7
4774,2025-06-22,Sunday,East,R077,Bus,5,0,Early Morning,365,2.6,12,8.8,0.62,43.8,80.5
2412,2025-06-22,Sunday,South,R035,Cycling,7,0,Early Morning,423,2.3,15,16.0,0.47,38.1,85.1
2195,2025-06-22,Sunday,South,R057,Metro,8,0,Morning Peak,1804,8.6,8,8.4,0.89,288.6,74.2
5913,2025-06-22,Sunday,Central,R005,Metro,8,0,Morning Peak,1201,4.5,8,19.3,0.8,192.2,90.1
979,2025-06-22,Sunday,East,R046,Metro,8,15,Morning Peak,1136,5.4,8,5.6,0.77,181.8,64.9
1363,2025-06-22,Sunday,East,R032,Bus,9,0,Morning Peak,2052,10.1,7,2.1,0.98,246.2,65.7
658,2025-06-22,Sunday,Central,R076,Cycling,9,15,Morning Peak,311,2.9,12,12.7,0.39,28.0,79.0
660,2025-06-22,Sunday,South,R052,Bus,10,0,Morning Peak,604,6.5,12,24.6,0.57,72.5,70.7
3125,2025-06-22,Sunday,North,R036,Metro,10,30,Morning Peak,851,0.0,16,6.0,0.8,136.2,82.9
5492,2025-06-22,Sunday,South,R064,Bus,10,30,Morning Peak,817,5.9,11,19.5,0.63,98.0,76.1
758,2025-06-22,Sunday,West,R019,Rail,11,0,Midday,834,8.1,10,14.1,0.73,150.1,71.5
640,2025-06-22,Sunday,East,R010,Rail,12,30,Midday,643,5.1,15,19.5,0.61,115.7,76.7
5566,2025-06-22,Sunday,East,R072,Cycling,12,45,Midday,225,2.3,19,10.6,0.38,20.2,91.9
2491,2025-06-22,Sunday,East,R020,Bus,13,45,Midday,503,4.8,15,25.0,0.68,60.4,63.5
1882,2025-06-22,Sunday,South,R030,Shared Mobility,14,15,Midday,142,5.8,6,12.4,0.37,7.1,72.9
2758,2025-06-22,Sunday,North,R037,Bus,17,0,Evening Peak,750,8.7,2,19.3,0.64,90.0,67.0
5805,2025-06-22,Sunday,South,R003,Metro,17,30,Evening Peak,909,4.8,9,16.0,0.71,145.4,77.4
4675,2025-06-22,Sunday,East,R045,Bus,18,0,Evening Peak,940,7.4,10,24.1,0.68,112.8,71.6
5999,2025-06-22,Sunday,East,R067,Bus,18,45,Evening Peak,987,13.6,6,18.7,0.74,118.4,55.2
1112,2025-06-22,Sunday,Central,R017,Bus,19,30,Evening Peak,461,6.7,10,25.7,0.69,55.3,80.5
3606,2025-06-22,Sunday,South,R036,Bus,19,45,Evening Peak,547,4.9,14,8.5,0.59,65.6,89.6
2540,2025-06-22,Sunday,Central,R066,Bus,20,0,Late Evening,621,8.1,9,4.5,0.6,74.5,54.7
3762,2025-06-22,Sunday,Central,R027,Bus,20,15,Late Evening,392,5.3,9,8.2,0.59,47.0,79.0
4041,2025-06-22,Sunday,North,R034,Metro,21,30,Late Evening,807,2.8,11,18.2,0.65,129.1,77.0
3489,2025-06-22,Sunday,Central,R010,Cycling,23,15,Late Evening,242,4.4,12,14.4,0.51,21.8,69.6
383,2025-06-22,Sunday,North,R014,Rail,23,30,Late Evening,883,8.7,5,24.0,0.82,158.9,62.3
4015,2025-06-22,Sunday,East,R008,Tram,23,30,Late Evening,384,4.2,12,10.8,0.55,53.8,69.5
3292,2025-06-23,Monday,East,R008,Metro,6,15,Early Morning,915,7.5,7,16.2,0.77,146.4,67.7
4436,2025-06-23,Monday,North,R045,Bus,6,15,Early Morning,646,1.7,15,22.4,0.57,77.5,72.4
1836,2025-06-23,Monday,North,R067,Metro,11,0,Midday,1371,0.0,17,19.9,0.74,219.4,88.8
5144,2025-06-23,Monday,East,R004,Bus,11,45,Midday,1173,6.4,14,11.9,0.73,140.8,77.1
2826,2025-06-23,Monday,North,R059,Metro,12,15,Midday,1619,2.3,17,27.7,0.95,259.0,85.1
3187,2025-06-23,Monday,East,R048,Rail,13,15,Midday,872,1.9,18,3.9,0.75,157.0,85.7
360,2025-06-23,Monday,South,R039,Cycling,13,45,Midday,852,2.5,19,18.9,0.53,76.7,73.1
3904,2025-06-23,Monday,West,R072,Cycling,14,15,Midday,521,0.4,15,26.2,0.48,46.9,86.9
2615,2025-06-23,Monday,South,R037,Bus,18,15,Evening Peak,859,7.2,10,28.0,0.63,103.1,72.3
607,2025-06-23,Monday,Central,R013,Metro,21,15,Late Evening,951,0.5,11,11.6,0.85,152.2,87.0
1768,2025-06-23,Monday,North,R043,Bus,23,15,Late Evening,713,5.7,15,18.8,0.7,85.6,94.1
3828,2025-06-24,Tuesday,Central,R056,Rail,6,45,Early Morning,825,7.8,13,1.5,0.75,148.5,74.6
1994,2025-06-24,Tuesday,Central,R050,Bus,7,45,Early Morning,1436,8.2,10,20.9,0.67,172.3,71.2
3896,2025-06-24,Tuesday,West,R058,Metro,8,45,Morning Peak,1428,4.1,14,7.8,0.78,228.5,69.9
1709,2025-06-24,Tuesday,South,R016,Bus,9,45,Morning Peak,1677,9.4,9,26.8,0.91,201.2,67.9
2054,2025-06-24,Tuesday,North,R071,Bus,10,15,Morning Peak,733,4.8,17,10.2,0.68,88.0,98.0
4211,2025-06-24,Tuesday,East,R076,Bus,10,15,Morning Peak,671,5.9,17,10.5,0.58,80.5,73.5
3718,2025-06-24,Tuesday,Central,R023,Bus,10,30,Morning Peak,745,7.1,10,7.9,0.6,89.4,70.5
3297,2025-06-24,Tuesday,South,R038,Metro,10,45,Morning Peak,1249,3.4,14,27.0,0.79,199.8,81.7
4591,2025-06-24,Tuesday,East,R015,Metro,11,15,Midday,901,6.3,8,15.0,0.76,144.2,89.0
36,2025-06-24,Tuesday,East,R037,Cycling,11,45,Midday,450,0.2,19,21.0,0.36,40.5,95.1
3524,2025-06-24,Tuesday,East,R060,Bus,13,15,Midday,1583,4.1,10,26.8,0.73,190.0,71.7
5395,2025-06-24,Tuesday,Central,R009,Cycling,13,15,Midday,806,1.4,11,10.9,0.46,72.5,80.9
5296,2025-06-24,Tuesday,South,R043,Tram,14,15,Midday,462,7.2,10,17.0,0.59,64.7,55.7
1733,2025-06-24,Tuesday,East,R007,Tram,16,30,Midday,1090,7.7,9,16.3,0.71,152.6,77.2
4596,2025-06-24,Tuesday,South,R058,Shared Mobility,17,0,Evening Peak,604,4.6,11,9.3,0.4,30.2,74.1
3820,2025-06-24,Tuesday,South,R005,Shared Mobility,18,30,Evening Peak,432,4.2,9,4.8,0.31,21.6,84.7
5615,2025-06-24,Tuesday,North,R072,Bus,18,30,Evening Peak,871,9.6,5,8.6,0.71,104.5,65.9
5540,2025-06-24,Tuesday,South,R068,Bus,19,0,Evening Peak,615,4.4,15,17.1,0.57,73.8,80.4
1231,2025-06-24,Tuesday,East,R043,Metro,20,15,Late Evening,1026,3.7,13,26.9,0.82,164.2,88.2
2230,2025-06-24,Tuesday,North,R050,Bus,21,15,Late Evening,492,3.5,12,5.7,0.57,59.0,80.5
2992,2025-06-25,Wednesday,West,R007,Rail,5,0,Early Morning,727,4.5,11,9.9,0.7,130.9,72.9
1465,2025-06-25,Wednesday,West,R024,Metro,5,45,Early Morning,1348,5.4,8,5.0,0.79,215.7,73.8
4818,2025-06-25,Wednesday,West,R030,Bus,8,45,Morning Peak,1089,9.2,4,17.2,0.69,130.7,63.5
3395,2025-06-25,Wednesday,South,R049,Rail,9,0,Morning Peak,1351,7.1,16,8.9,0.77,243.2,71.8
4385,2025-06-25,Wednesday,West,R066,Metro,10,0,Morning Peak,1304,2.4,16,12.4,0.75,208.6,76.7
1611,2025-06-25,Wednesday,South,R077,Bus,10,15,Morning Peak,367,8.9,8,11.8,0.53,44.0,67.2
372,2025-06-25,Wednesday,North,R022,Bus,11,45,Midday,737,8.0,2,24.0,0.62,88.4,70.3
5303,2025-06-25,Wednesday,Central,R079,Bus,11,45,Midday,766,6.5,9,4.3,0.64,91.9,73.1
2087,2025-06-25,Wednesday,Central,R048,Metro,13,15,Midday,744,7.0,12,19.9,0.77,119.0,69.7
1607,2025-06-25,Wednesday,East,R048,Bus,15,15,Midday,727,7.7,5,4.9,0.67,87.2,68.1
4803,2025-06-25,Wednesday,South,R008,Rail,15,15,Midday,706,3.2,12,7.9,0.67,127.1,74.5
5773,2025-06-25,Wednesday,North,R077,Metro,15,30,Midday,1143,5.0,21,14.8,0.77,182.9,88.0
5046,2025-06-25,Wednesday,South,R012,Rail,18,30,Evening Peak,1238,7.2,11,10.1,0.65,222.8,60.7
3053,2025-06-25,Wednesday,Central,R030,Bus,21,45,Late Evening,616,4.7,15,19.8,0.55,73.9,80.7
307,2025-06-25,Wednesday,South,R046,Bus,22,45,Late Evening,501,10.2,10,12.8,0.6,60.1,72.0
3296,2025-06-26,Thursday,Central,R046,Tram,6,15,Early Morning,429,4.5,8,14.5,0.48,60.1,77.5
1206,2025-06-26,Thursday,East,R033,Metro,8,45,Morning Peak,1640,8.2,9,19.0,0.89,262.4,70.7
4316,2025-06-26,Thursday,Central,R047,Bus,9,0,Morning Peak,833,9.8,12,24.5,0.65,100.0,62.1
728,2025-06-26,Thursday,South,R028,Metro,10,15,Morning Peak,1753,3.8,18,27.6,0.92,280.5,75.7
3708,2025-06-26,Thursday,East,R077,Metro,10,15,Morning Peak,2295,1.0,15,12.3,0.99,367.2,79.5
5116,2025-06-26,Thursday,North,R055,Metro,11,30,Midday,1037,4.1,14,3.4,0.71,165.9,59.2
5243,2025-06-26,Thursday,South,R077,Shared Mobility,12,0,Midday,218,6.0,12,3.3,0.56,10.9,76.5
4529,2025-06-26,Thursday,South,R003,Bus,14,0,Midday,660,8.3,9,14.4,0.54,79.2,68.7
737,2025-06-26,Thursday,East,R065,Bus,16,15,Midday,1275,9.2,7,4.8,0.64,153.0,71.8
1196,2025-06-26,Thursday,North,R014,Metro,17,0,Evening Peak,1628,7.0,9,16.8,0.82,260.5,70.9
2902,2025-06-26,Thursday,East,R014,Cycling,19,15,Evening Peak,387,0.0,19,17.1,0.48,34.8,91.9
1567,2025-06-26,Thursday,Central,R050,Metro,20,45,Late Evening,554,0.0,20,18.0,0.66,88.6,89.1
568,2025-06-26,Thursday,Central,R019,Bus,21,0,Late Evening,802,10.0,11,4.5,0.7,96.2,64.6
1918,2025-06-26,Thursday,South,R019,Metro,21,30,Late Evening,843,0.7,16,17.8,0.73,134.9,80.7
1518,2025-06-26,Thursday,Central,R003,Bus,21,45,Late Evening,692,8.4,12,7.4,0.64,83.0,73.1
3237,2025-06-26,Thursday,East,R051,Metro,22,0,Late Evening,631,3.6,20,2.0,0.77,101.0,69.8
544,2025-06-26,Thursday,South,R024,Bus,22,15,Late Evening,727,8.6,10,26.0,0.66,87.2,83.4
2462,2025-06-27,Friday,Central,R055,Cycling,8,0,Morning Peak,589,0.0,19,18.4,0.53,53.0,93.6
4391,2025-06-27,Friday,West,R073,Rail,8,15,Morning Peak,1643,10.0,12,10.5,0.75,295.7,72.8
2961,2025-06-27,Friday,Central,R035,Shared Mobility,10,30,Morning Peak,225,0.2,14,4.8,0.42,11.2,77.0
3658,2025-06-27,Friday,North,R015,Metro,10,45,Morning Peak,1420,5.4,17,14.9,0.81,227.2,76.5
506,2025-06-27,Friday,South,R059,Metro,11,30,Midday,778,5.2,11,27.5,0.86,124.5,71.7
2437,2025-06-27,Friday,Central,R022,Bus,11,45,Midday,639,5.0,13,10.6,0.65,76.7,78.1
696,2025-06-27,Friday,West,R044,Metro,12,30,Midday,1396,3.6,16,27.6,0.78,223.4,81.0
2887,2025-06-27,Friday,Central,R016,Cycling,12,45,Midday,342,1.4,13,10.1,0.35,30.8,79.2
4760,2025-06-27,Friday,East,R065,Tram,13,30,Midday,581,8.0,11,22.5,0.57,81.3,71.9
1003,2025-06-27,Friday,North,R034,Bus,14,30,Midday,806,8.5,6,27.1,0.63,96.7,76.3
2862,2025-06-27,Friday,East,R004,Metro,17,30,Evening Peak,2014,5.6,11,18.3,0.88,322.2,66.1
1573,2025-06-27,Friday,West,R046,Rail,18,45,Evening Peak,1300,5.1,10,18.3,0.66,234.0,92.4
2036,2025-06-27,Friday,East,R029,Bus,22,0,Late Evening,674,7.2,10,6.4,0.71,80.9,76.8
1853,2025-06-27,Friday,East,R046,Bus,22,30,Late Evening,432,4.8,17,18.3,0.6,51.8,67.6
1249,2025-06-27,Friday,South,R017,Metro,22,45,Late Evening,1292,0.0,16,16.0,0.87,206.7,89.6
4802,2025-06-27,Friday,North,R013,Rail,23,15,Late Evening,443,5.1,16,16.0,0.59,79.7,69.1
1060,2025-06-28,Saturday,East,R067,Bus,10,30,Morning Peak,793,8.4,14,12.5,0.74,95.2,60.5
4133,2025-06-28,Saturday,Central,R024,Rail,10,30,Morning Peak,867,6.1,11,12.1,0.66,156.1,68.3
4442,2025-06-28,Saturday,South,R006,Tram,11,30,Midday,856,4.1,14,16.5,0.61,119.8,79.6
4955,2025-06-28,Saturday,East,R024,Metro,11,45,Midday,798,5.5,14,3.5,0.66,127.7,80.9
138,2025-06-28,Saturday,North,R041,Cycling,12,45,Midday,237,0.0,17,14.5,0.34,21.3,82.5
3520,2025-06-28,Saturday,West,R018,Cycling,13,15,Midday,272,3.7,16,19.7,0.46,24.5,95.2
3201,2025-06-28,Saturday,Central,R012,Rail,13,30,Midday,483,5.2,10,1.7,0.53,86.9,89.6
1076,2025-06-28,Saturday,South,R080,Metro,13,45,Midday,1315,2.3,13,17.8,0.77,210.4,95.0
1809,2025-06-28,Saturday,South,R030,Shared Mobility,14,15,Midday,191,1.3,18,19.5,0.49,9.6,86.8
3712,2025-06-28,Saturday,North,R010,Bus,15,15,Midday,671,5.8,13,16.6,0.57,80.5,64.8
4259,2025-06-28,Saturday,West,R040,Bus,17,0,Evening Peak,826,10.3,5,21.9,0.67,99.1,63.6
509,2025-06-28,Saturday,Central,R010,Metro,19,15,Evening Peak,529,5.4,11,16.6,0.64,84.6,73.8
1188,2025-06-28,Saturday,East,R067,Bus,20,0,Late Evening,648,4.2,14,3.7,0.68,77.8,81.5
2019,2025-06-28,Saturday,West,R072,Rail,20,30,Late Evening,641,5.9,9,19.6,0.8,115.4,69.1
5339,2025-06-29,Sunday,East,R012,Bus,7,15,Early Morning,1475,7.2,11,4.6,0.65,177.0,62.7
406,2025-06-29,Sunday,East,R036,Cycling,8,45,Morning Peak,292,4.7,12,23.7,0.36,26.3,74.7
880,2025-06-29,Sunday,East,R073,Rail,10,15,Morning Peak,847,8.0,8,22.8,0.56,152.5,65.9
5621,2025-06-29,Sunday,East,R061,Rail,10,15,Morning Peak,1163,6.3,7,9.0,0.71,209.3,71.9
195,2025-06-29,Sunday,North,R001,Bus,11,15,Midday,1272,6.5,13,6.3,0.67,152.6,78.3
1192,2025-06-29,Sunday,North,R038,Bus,11,45,Midday,871,8.7,12,6.0,0.72,104.5,72.3
5176,2025-06-29,Sunday,North,R062,Metro,13,15,Midday,1033,3.9,14,2.0,0.85,165.3,77.0
5180,2025-06-29,Sunday,South,R061,Metro,13,45,Midday,948,3.7,15,8.8,0.84,151.7,84.0
936,2025-06-29,Sunday,South,R004,Bus,14,15,Midday,788,9.6,4,5.6,0.71,94.6,68.0
2358,2025-06-29,Sunday,South,R038,Metro,17,15,Evening Peak,1042,9.5,10,19.7,0.77,166.7,68.2
490,2025-06-29,Sunday,North,R021,Metro,19,0,Evening Peak,737,3.7,20,3.7,0.73,117.9,83.5
3045,2025-06-29,Sunday,North,R002,Bus,20,45,Late Evening,455,3.2,13,21.2,0.54,54.6,70.0
5653,2025-06-29,Sunday,North,R008,Rail,22,0,Late Evening,497,6.0,9,13.8,0.69,89.5,76.2
5293,2025-06-30,Monday,West,R002,Bus,6,0,Early Morning,293,6.3,12,21.9,0.68,35.2,76.3
588,2025-06-30,Monday,East,R029,Metro,9,0,Morning Peak,3217,8.1,7,6.8,1.09,514.7,78.9
4950,2025-06-30,Monday,Central,R067,Bus,9,30,Morning Peak,1444,4.3,9,26.2,0.8,173.3,73.8
1373,2025-06-30,Monday,Central,R066,Cycling,10,0,Morning Peak,390,0.0,18,11.6,0.51,35.1,85.3
5716,2025-06-30,Monday,North,R017,Metro,10,15,Morning Peak,1255,2.4,18,20.0,0.82,200.8,95.1
2023,2025-06-30,Monday,South,R070,Bus,10,30,Morning Peak,770,5.3,15,24.7,0.67,92.4,81.5
4654,2025-06-30,Monday,North,R029,Bus,10,30,Morning Peak,744,4.8,15,16.5,0.72,89.3,63.7
5346,2025-06-30,Monday,East,R078,Rail,11,15,Midday,709,9.7,9,25.5,0.71,127.6,57.7
4108,2025-06-30,Monday,East,R039,Cycling,11,30,Midday,261,0.0,20,14.0,0.47,23.5,90.5
1645,2025-06-30,Monday,West,R074,Cycling,12,45,Midday,456,0.0,20,14.5,0.52,41.0,84.1
4116,2025-06-30,Monday,Central,R056,Bus,13,45,Midday,1001,7.5,13,6.4,0.64,120.1,71.0
5040,2025-06-30,Monday,West,R044,Bus,13,45,Midday,999,1.6,16,14.8,0.72,119.9,89.4
1772,2025-06-30,Monday,Central,R033,Cycling,15,15,Midday,552,0.8,17,10.4,0.41,49.7,77.1
2489,2025-06-30,Monday,Central,R064,Shared Mobility,16,30,Midday,288,1.4,9,19.4,0.41,14.4,78.9
2595,2025-06-30,Monday,North,R045,Bus,16,30,Midday,970,6.4,9,13.8,0.69,116.4,69.7
4044,2025-06-30,Monday,North,R022,Bus,17,30,Evening Peak,1393,11.8,4,25.6,0.76,167.2,76.7
342,2025-06-30,Monday,West,R041,Rail,20,15,Late Evening,990,9.6,11,14.5,0.67,178.2,75.4
3890,2025-06-30,Monday,West,R066,Bus,20,45,Late Evening,865,5.6,12,9.0,0.58,103.8,79.3
5689,2025-06-30,Monday,West,R031,Metro,20,45,Late Evening,707,3.0,14,15.3,0.68,113.1,79.0
3825,2025-06-30,Monday,North,R072,Metro,21,30,Late Evening,673,6.2,8,15.2,0.66,107.7,88.7
4895,2025-07-01,Tuesday,South,R047,Bus,8,30,Morning Peak,1966,11.3,4,8.3,0.81,235.9,73.6
4450,2025-07-01,Tuesday,West,R053,Tram,9,45,Morning Peak,1567,6.3,6,9.9,0.79,219.4,71.4
1275,2025-07-01,Tuesday,Central,R007,Bus,10,0,Morning Peak,1035,4.2,13,22.3,0.69,124.2,81.8
5386,2025-07-01,Tuesday,South,R020,Metro,10,0,Morning Peak,849,0.0,18,2.1,0.74,135.8,82.5
5732,2025-07-01,Tuesday,South,R045,Shared Mobility,11,0,Midday,269,3.8,13,5.9,0.35,13.4,71.5
4288,2025-07-01,Tuesday,East,R030,Rail,11,15,Midday,1093,8.6,6,22.1,0.74,196.7,75.2
5184,2025-07-01,Tuesday,East,R033,Shared Mobility,11,30,Midday,292,6.0,14,8.3,0.37,14.6,62.5
1189,2025-07-01,Tuesday,North,R055,Cycling,13,30,Midday,624,0.1,18,10.9,0.43,56.2,80.8
3807,2025-07-01,Tuesday,Central,R031,Bus,13,45,Midday,1384,4.0,16,3.8,0.85,166.1,88.8
4689,2025-07-01,Tuesday,North,R014,Metro,13,45,Midday,1254,4.7,15,17.6,0.84,200.6,81.7
4815,2025-07-01,Tuesday,Central,R011,Rail,18,30,Evening Peak,1350,9.5,17,17.0,0.69,243.0,67.2
2845,2025-07-01,Tuesday,South,R003,Bus,18,45,Evening Peak,1415,8.7,12,13.1,0.74,169.8,70.7
5736,2025-07-01,Tuesday,South,R080,Bus,19,15,Evening Peak,584,3.0,13,18.0,0.6,70.1,78.7
2825,2025-07-01,Tuesday,East,R080,Bus,20,30,Late Evening,1149,4.0,16,5.2,0.68,137.9,60.3
4887,2025-07-01,Tuesday,Central,R010,Metro,22,30,Late Evening,1726,0.6,19,28.0,0.94,276.2,96.9
1163,2025-07-01,Tuesday,South,R002,Metro,23,0,Late Evening,786,2.8,17,2.7,0.78,125.8,83.4
632,2025-07-01,Tuesday,East,R050,Rail,23,30,Late Evening,483,9.2,9,23.5,0.68,86.9,67.2
3510,2025-07-02,Wednesday,North,R016,Bus,8,45,Morning Peak,1565,11.7,4,12.1,0.71,187.8,56.4
2605,2025-07-02,Wednesday,West,R077,Bus,9,15,Morning Peak,1314,9.4,6,26.9,0.61,157.7,77.9
1483,2025-07-02,Wednesday,North,R072,Metro,10,30,Morning Peak,1575,1.1,12,8.3,0.92,252.0,72.3
5304,2025-07-02,Wednesday,West,R031,Tram,10,30,Morning Peak,592,2.5,13,10.5,0.59,82.9,84.7
2761,2025-07-02,Wednesday,East,R024,Rail,10,45,Morning Peak,852,4.7,13,19.6,0.71,153.4,69.3
1886,2025-07-02,Wednesday,Central,R037,Bus,11,45,Midday,778,6.9,6,12.0,0.66,93.4,72.8
3648,2025-07-02,Wednesday,East,R068,Rail,11,45,Midday,1135,5.5,10,7.5,0.78,204.3,66.8
2475,2025-07-02,Wednesday,West,R022,Tram,12,15,Midday,690,3.7,15,6.3,0.59,96.6,78.4
4868,2025-07-02,Wednesday,Central,R061,Tram,12,30,Midday,476,5.5,14,26.3,0.5,66.6,71.5
2498,2025-07-02,Wednesday,East,R070,Cycling,14,30,Midday,632,3.4,17,4.6,0.51,56.9,87.5
554,2025-07-02,Wednesday,North,R019,Bus,16,30,Midday,1243,4.1,13,20.3,0.65,149.2,79.8
4841,2025-07-02,Wednesday,West,R057,Metro,17,30,Evening Peak,2043,8.1,12,21.1,0.89,326.9,71.8
3161,2025-07-02,Wednesday,North,R062,Metro,17,45,Evening Peak,1264,5.5,10,5.2,0.83,202.2,69.5
3266,2025-07-02,Wednesday,Central,R028,Rail,18,30,Evening Peak,1455,9.8,9,20.1,0.82,261.9,65.7
2763,2025-07-02,Wednesday,South,R012,Rail,20,30,Late Evening,550,4.7,9,7.6,0.57,99.0,81.6
4213,2025-07-02,Wednesday,South,R056,Bus,21,30,Late Evening,684,8.6,10,17.6,0.69,82.1,78.2
826,2025-07-02,Wednesday,South,R059,Rail,22,30,Late Evening,711,5.5,10,8.4,0.7,128.0,65.5
3623,2025-07-03,Thursday,East,R072,Metro,7,30,Early Morning,1895,1.4,14,18.4,0.9,303.2,86.0
5372,2025-07-03,Thursday,Central,R014,Tram,10,15,Morning Peak,608,2.8,19,17.7,0.56,85.1,81.3
810,2025-07-03,Thursday,South,R076,Bus,10,45,Morning Peak,1464,10.3,8,14.3,0.72,175.7,61.9
3496,2025-07-03,Thursday,West,R032,Tram,10,45,Morning Peak,966,4.1,13,4.5,0.69,135.2,71.3
5041,2025-07-03,Thursday,North,R030,Rail,10,45,Morning Peak,1260,9.2,6,2.2,0.73,226.8,74.5
5269,2025-07-03,Thursday,West,R054,Bus,11,0,Midday,613,3.9,16,19.4,0.56,73.6,67.9
1103,2025-07-03,Thursday,Central,R040,Bus,16,45,Midday,1479,8.8,9,17.1,0.84,177.5,70.7
3563,2025-07-03,Thursday,West,R048,Tram,17,0,Evening Peak,1089,4.3,15,25.8,0.72,152.5,81.2
2035,2025-07-03,Thursday,West,R022,Tram,18,15,Evening Peak,1118,9.5,7,10.7,0.73,156.5,68.4
2657,2025-07-03,Thursday,North,R027,Tram,18,45,Evening Peak,886,7.7,8,15.5,0.57,124.0,76.6
5234,2025-07-03,Thursday,South,R049,Rail,19,0,Evening Peak,515,8.7,10,21.0,0.72,92.7,63.8
3953,2025-07-03,Thursday,West,R072,Cycling,19,45,Evening Peak,312,1.6,14,12.8,0.45,28.1,87.0
4921,2025-07-03,Thursday,Central,R024,Bus,21,45,Late Evening,343,4.0,14,20.4,0.54,41.2,75.7
2854,2025-07-03,Thursday,South,R013,Bus,22,15,Late Evening,444,8.1,14,10.6,0.66,53.3,66.9
5261,2025-07-03,Thursday,East,R076,Metro,22,15,Late Evening,775,5.3,12,23.4,0.67,124.0,76.3
224,2025-07-03,Thursday,Central,R060,Bus,23,0,Late Evening,650,9.0,8,3.1,0.62,78.0,72.8
831,2025-07-03,Thursday,East,R073,Metro,23,45,Late Evening,479,2.2,15,18.8,0.77,76.6,82.6
1510,2025-07-04,Friday,South,R003,Bus,5,0,Early Morning,648,9.6,6,22.8,0.73,77.8,66.7
4149,2025-07-04,Friday,East,R019,Bus,7,45,Early Morning,1620,7.4,10,8.4,0.88,194.4,86.7
4476,2025-07-04,Friday,East,R018,Metro,8,45,Morning Peak,1744,1.4,15,11.4,0.9,279.0,98.0
467,2025-07-04,Friday,East,R063,Metro,9,15,Morning Peak,1742,4.8,13,12.4,0.82,278.7,71.6
2032,2025-07-04,Friday,South,R079,Shared Mobility,11,0,Midday,254,0.2,17,18.0,0.33,12.7,96.0
5755,2025-07-04,Friday,North,R007,Tram,11,0,Midday,874,0.7,18,2.1,0.66,122.4,93.7
4667,2025-07-04,Friday,North,R021,Metro,11,30,Midday,806,0.0,14,7.8,0.85,129.0,84.0
5108,2025-07-04,Friday,Central,R011,Bus,11,30,Midday,955,6.8,5,2.7,0.7,114.6,79.5
590,2025-07-05,Saturday,East,R027,Metro,8,45,Morning Peak,1010,5.7,13,7.6,0.8,161.6,81.7
2672,2025-07-05,Saturday,East,R030,Metro,10,15,Morning Peak,1415,3.0,12,10.2,0.86,226.4,90.7
3823,2025-07-05,Saturday,West,R031,Rail,10,15,Morning Peak,605,10.0,3,8.0,0.76,108.9,63.8
397,2025-07-05,Saturday,South,R046,Tram,10,45,Morning Peak,674,11.0,10,19.4,0.66,94.4,67.2
3713,2025-07-05,Saturday,East,R058,Bus,10,45,Morning Peak,640,7.3,12,8.8,0.52,76.8,77.9
5371,2025-07-05,Saturday,West,R041,Rail,10,45,Morning Peak,743,6.9,12,13.3,0.65,133.7,70.6
1621,2025-07-05,Saturday,East,R020,Bus,13,45,Midday,435,6.5,17,23.8,0.68,52.2,82.1
5256,2025-07-05,Saturday,South,R068,Bus,17,30,Evening Peak,1430,12.8,5,17.8,0.76,171.6,59.7
2736,2025-07-05,Saturday,Central,R009,Metro,18,30,Evening Peak,1166,5.3,11,6.9,0.77,186.6,70.3
694,2025-07-05,Saturday,Central,R017,Metro,19,15,Evening Peak,605,1.8,15,8.4,0.79,96.8,89.6
4475,2025-07-05,Saturday,North,R067,Bus,20,15,Late Evening,739,4.5,12,10.6,0.68,88.7,74.3
2708,2025-07-05,Saturday,West,R045,Rail,20,45,Late Evening,645,11.2,10,6.9,0.73,116.1,53.6
1930,2025-07-05,Saturday,West,R066,Bus,23,15,Late Evening,649,7.0,10,14.1,0.64,77.9,70.4
3987,2025-07-06,Sunday,East,R037,Tram,5,30,Early Morning,327,4.3,16,10.6,0.58,45.8,78.8
237,2025-07-06,Sunday,East,R012,Metro,5,45,Early Morning,1079,0.0,20,17.4,0.81,172.6,98.0
5579,2025-07-06,Sunday,East,R041,Bus,9,0,Morning Peak,809,9.4,13,8.6,0.68,97.1,63.8
5149,2025-07-06,Sunday,South,R032,Metro,9,15,Morning Peak,1334,5.0,9,13.3,0.78,213.4,69.0
5114,2025-07-06,Sunday,West,R038,Rail,10,0,Morning Peak,1010,7.2,11,23.6,0.72,181.8,78.4
566,2025-07-06,Sunday,South,R030,Metro,10,15,Morning Peak,1280,5.5,12,23.2,0.76,204.8,82.0
4806,2025-07-06,Sunday,East,R026,Rail,10,15,Morning Peak,973,6.0,14,5.1,0.76,175.1,77.6
1531,2025-07-06,Sunday,West,R009,Metro,10,45,Morning Peak,1105,5.7,17,18.3,0.79,176.8,71.1
4455,2025-07-06,Sunday,West,R002,Rail,11,30,Midday,1277,5.7,15,14.5,0.74,229.9,85.2
4834,2025-07-06,Sunday,South,R036,Cycling,11,30,Midday,470,0.0,23,26.2,0.45,42.3,94.9
5821,2025-07-06,Sunday,Central,R002,Bus,11,45,Midday,749,8.0,8,22.9,0.77,89.9,68.6
5073,2025-07-06,Sunday,West,R019,Metro,12,0,Midday,1396,6.7,9,5.3,0.88,223.4,75.2
1383,2025-07-06,Sunday,West,R014,Metro,12,45,Midday,946,2.5,21,27.5,0.76,151.4,76.7
5692,2025-07-06,Sunday,Central,R001,Metro,12,45,Midday,914,6.2,8,18.8,0.8,146.2,72.6
3827,2025-07-06,Sunday,South,R015,Metro,14,15,Midday,919,3.2,19,5.1,0.79,147.0,80.3
155,2025-07-06,Sunday,Central,R043,Rail,15,0,Midday,690,4.7,8,26.6,0.78,124.2,79.0
5092,2025-07-06,Sunday,East,R001,Bus,18,0,Evening Peak,675,10.5,8,20.9,0.64,81.0,49.5
205,2025-07-06,Sunday,East,R022,Rail,19,30,Evening Peak,823,6.4,8,3.8,0.66,148.1,75.6
3955,2025-07-06,Sunday,South,R028,Bus,20,15,Late Evening,438,3.6,11,13.9,0.68,52.6,85.7
893,2025-07-06,Sunday,North,R053,Tram,21,30,Late Evening,270,4.2,9,4.3,0.6,37.8,79.9
5459,2025-07-06,Sunday,West,R070,Tram,21,45,Late Evening,545,7.1,12,22.9,0.53,76.3,69.2
3812,2025-07-07,Monday,West,R072,Tram,7,15,Early Morning,670,8.4,9,14.1,0.64,93.8,63.1
5081,2025-07-07,Monday,North,R044,Tram,7,30,Early Morning,674,1.8,16,13.9,0.63,94.4,69.6
3900,2025-07-07,Monday,East,R065,Metro,9,0,Morning Peak,3398,3.9,14,20.5,1.02,543.7,78.3
2494,2025-07-07,Monday,East,R008,Bus,9,15,Morning Peak,1034,9.5,10,14.3,0.72,124.1,76.7
1477,2025-07-07,Monday,West,R024,Bus,9,30,Morning Peak,1736,10.1,8,22.8,0.86,208.3,68.8
1650,2025-07-07,Monday,North,R072,Metro,10,15,Morning Peak,1074,2.7,13,3.9,0.72,171.8,82.8
4121,2025-07-07,Monday,East,R001,Bus,10,30,Morning Peak,797,8.9,8,7.9,0.69,95.6,65.8
5359,2025-07-07,Monday,North,R004,Cycling,10,30,Morning Peak,482,1.3,20,6.7,0.54,43.4,87.7
5588,2025-07-07,Monday,North,R001,Tram,11,0,Midday,662,4.6,12,9.6,0.56,92.7,69.2
3586,2025-07-07,Monday,West,R059,Bus,11,15,Midday,955,5.5,15,5.0,0.73,114.6,69.9
1288,2025-07-07,Monday,Central,R031,Bus,11,30,Midday,1084,4.8,20,12.4,0.7,130.1,81.5
2723,2025-07-07,Monday,South,R075,Bus,11,45,Midday,1101,4.4,13,9.5,0.55,132.1,71.7
5254,2025-07-07,Monday,Central,R032,Rail,12,15,Midday,899,4.7,10,16.3,0.77,161.8,72.3
2258,2025-07-07,Monday,West,R013,Bus,13,45,Midday,994,7.9,12,10.6,0.63,119.3,57.6
5899,2025-07-07,Monday,East,R060,Bus,15,0,Midday,771,8.7,12,11.1,0.57,92.5,63.1
3359,2025-07-07,Monday,North,R008,Shared Mobility,15,45,Midday,297,2.2,16,11.4,0.39,14.8,82.7
4461,2025-07-07,Monday,West,R009,Tram,15,45,Midday,691,0.9,21,7.9,0.71,96.7,78.2
5916,2025-07-07,Monday,East,R058,Metro,16,15,Midday,1717,7.1,7,18.0,0.84,274.7,75.5
2829,2025-07-07,Monday,South,R018,Bus,18,15,Evening Peak,1485,9.1,12,25.6,0.78,178.2,73.7
3605,2025-07-07,Monday,North,R046,Bus,21,15,Late Evening,425,6.5,10,5.9,0.59,51.0,66.2
345,2025-07-07,Monday,West,R030,Bus,21,30,Late Evening,421,5.0,11,27.8,0.67,50.5,76.3
3620,2025-07-07,Monday,North,R058,Metro,21,30,Late Evening,1055,6.2,9,15.0,0.79,168.8,84.7
33,2025-07-07,Monday,South,R070,Metro,22,0,Late Evening,799,3.1,16,6.1,0.74,127.8,75.2
4075,2025-07-07,Monday,East,R010,Metro,22,0,Late Evening,869,5.0,12,26.4,0.78,139.0,78.7
1680,2025-07-07,Monday,West,R058,Bus,22,15,Late Evening,473,5.5,17,24.3,0.59,56.8,77.9
1868,2025-07-07,Monday,South,R009,Bus,22,45,Late Evening,576,5.3,16,9.4,0.67,69.1,57.9
90,2025-07-07,Monday,South,R080,Metro,23,15,Late Evening,883,4.9,17,15.3,0.72,141.3,69.6
2744,2025-07-07,Monday,Central,R015,Tram,23,45,Late Evening,481,3.7,17,22.4,0.63,67.3,69.2
5153,2025-07-08,Tuesday,South,R052,Bus,7,30,Early Morning,1266,9.2,3,22.7,0.71,151.9,68.3
3544,2025-07-08,Tuesday,South,R050,Bus,9,30,Morning Peak,1986,6.5,10,10.0,0.86,238.3,87.6
2655,2025-07-08,Tuesday,Central,R080,Bus,10,30,Morning Peak,784,8.0,10,27.1,0.76,94.1,70.5
1211,2025-07-08,Tuesday,East,R043,Bus,12,15,Midday,612,10.1,6,8.7,0.65,73.4,76.9
3026,2025-07-08,Tuesday,East,R051,Rail,13,45,Midday,1705,8.0,5,18.1,0.67,306.9,96.2
4101,2025-07-08,Tuesday,East,R054,Rail,14,0,Midday,975,7.4,13,25.3,0.73,175.5,57.3
5686,2025-07-08,Tuesday,Central,R063,Metro,15,15,Midday,1298,5.4,8,19.1,0.8,207.7,78.7
4884,2025-07-08,Tuesday,Central,R043,Bus,15,45,Midday,1055,6.8,17,3.9,0.62,126.6,71.1
6,2025-07-08,Tuesday,West,R035,Metro,16,0,Midday,3664,5.6,13,11.9,1.15,586.2,83.8
4229,2025-07-08,Tuesday,Central,R047,Cycling,18,15,Evening Peak,664,1.6,22,20.3,0.54,59.8,98.0
457,2025-07-08,Tuesday,West,R054,Bus,23,0,Late Evening,543,4.8,16,13.7,0.64,65.2,68.0
3239,2025-07-08,Tuesday,West,R073,Shared Mobility,23,30,Late Evening,143,3.2,20,24.3,0.39,7.2,66.6
3242,2025-07-09,Wednesday,South,R016,Shared Mobility,7,15,Early Morning,572,9.8,9,5.2,0.32,28.6,56.1
5025,2025-07-09,Wednesday,Central,R041,Rail,9,15,Morning Peak,1040,5.5,13,4.3,0.79,187.2,82.3
1364,2025-07-09,Wednesday,South,R011,Rail,10,15,Morning Peak,1183,7.2,8,15.8,0.75,212.9,61.5
5198,2025-07-09,Wednesday,Central,R036,Bus,10,15,Morning Peak,1051,7.1,11,4.0,0.58,126.1,70.9
5204,2025-07-09,Wednesday,East,R058,Metro,10,15,Morning Peak,1309,2.8,13,9.2,0.85,209.4,92.3
651,2025-07-09,Wednesday,North,R018,Bus,10,30,Morning Peak,871,7.2,4,7.1,0.7,104.5,77.5
35,2025-07-09,Wednesday,East,R058,Bus,11,45,Midday,914,4.0,13,22.7,0.61,109.7,83.0
5394,2025-07-09,Wednesday,Central,R080,Tram,12,0,Midday,635,8.1,11,2.8,0.63,88.9,70.4
80,2025-07-09,Wednesday,North,R026,Cycling,13,0,Midday,358,0.9,12,11.6,0.48,32.2,78.9
174,2025-07-09,Wednesday,West,R022,Rail,14,30,Midday,1450,7.6,10,2.3,0.88,261.0,51.3
5462,2025-07-09,Wednesday,Central,R061,Metro,15,0,Midday,2351,3.0,17,14.2,0.83,376.2,95.0
550,2025-07-09,Wednesday,East,R003,Bus,16,15,Midday,1393,9.2,9,19.1,0.69,167.2,64.2
5122,2025-07-09,Wednesday,West,R058,Shared Mobility,16,30,Midday,428,6.9,13,6.2,0.36,21.4,69.7
4144,2025-07-09,Wednesday,Central,R015,Bus,17,30,Evening Peak,1809,9.4,3,26.8,0.75,217.1,74.1
5857,2025-07-09,Wednesday,West,R041,Rail,18,30,Evening Peak,1196,11.1,7,15.4,0.64,215.3,66.1
2586,2025-07-09,Wednesday,West,R078,Rail,19,45,Evening Peak,1025,7.3,12,16.7,0.81,184.5,72.3
3107,2025-07-09,Wednesday,East,R077,Rail,20,0,Late Evening,636,7.9,10,15.5,0.61,114.5,62.0
399,2025-07-09,Wednesday,East,R063,Metro,21,0,Late Evening,1205,5.9,12,19.8,0.77,192.8,74.4
2359,2025-07-09,Wednesday,West,R022,Bus,21,30,Late Evening,632,8.8,9,10.2,0.7,75.8,75.6
2445,2025-07-09,Wednesday,East,R065,Rail,22,0,Late Evening,883,6.9,12,23.8,0.67,158.9,74.1
3043,2025-07-09,Wednesday,West,R019,Bus,22,30,Late Evening,514,7.7,8,15.8,0.6,61.7,79.0
5385,2025-07-10,Thursday,South,R034,Bus,9,45,Morning Peak,1344,10.7,10,10.3,0.63,161.3,69.8
2495,2025-07-10,Thursday,East,R066,Shared Mobility,10,45,Morning Peak,187,0.0,14,11.4,0.49,9.4,85.2
1648,2025-07-10,Thursday,Central,R001,Bus,12,15,Midday,900,9.0,5,6.8,0.63,108.0,67.3
69,2025-07-10,Thursday,South,R008,Bus,13,0,Midday,1170,7.6,12,16.2,0.63,140.4,78.5
652,2025-07-10,Thursday,East,R046,Bus,13,15,Midday,799,11.5,7,15.4,0.67,95.9,68.8
3663,2025-07-10,Thursday,East,R027,Bus,14,15,Midday,892,5.5,13,10.1,0.55,107.0,66.0
4871,2025-07-10,Thursday,South,R011,Metro,14,15,Midday,1980,5.4,9,5.3,0.92,316.8,74.8
2659,2025-07-10,Thursday,West,R024,Bus,15,45,Midday,620,6.5,13,12.9,0.71,74.4,72.8
5597,2025-07-10,Thursday,North,R054,Metro,16,30,Midday,2503,6.5,8,3.1,1.01,400.5,85.8
5093,2025-07-10,Thursday,Central,R019,Rail,18,0,Evening Peak,1241,6.9,14,5.6,0.8,223.4,74.3
4181,2025-07-10,Thursday,West,R031,Rail,20,30,Late Evening,358,5.3,12,20.2,0.6,64.4,78.1
2465,2025-07-10,Thursday,South,R059,Metro,20,45,Late Evening,1209,4.7,15,19.3,0.75,193.4,78.0
347,2025-07-10,Thursday,West,R055,Bus,22,0,Late Evening,704,8.0,7,12.1,0.73,84.5,82.7
3076,2025-07-10,Thursday,West,R024,Rail,22,0,Late Evening,532,1.6,17,12.0,0.62,95.8,65.9
3594,2025-07-10,Thursday,South,R062,Metro,22,15,Late Evening,801,0.9,16,8.1,0.65,128.2,92.2
3082,2025-07-10,Thursday,Central,R079,Rail,22,45,Late Evening,685,7.8,12,12.6,0.59,123.3,68.4
22,2025-07-11,Friday,South,R078,Metro,6,30,Early Morning,1268,5.4,10,18.0,0.82,202.9,78.6
4723,2025-07-11,Friday,South,R065,Metro,6,30,Early Morning,656,5.8,12,14.6,0.72,105.0,73.6
4999,2025-07-11,Friday,South,R011,Bus,8,0,Morning Peak,1746,8.9,12,15.0,0.85,209.5,86.0
542,2025-07-11,Friday,South,R008,Bus,9,0,Morning Peak,1414,9.4,11,10.1,0.68,169.7,79.9
2756,2025-07-11,Friday,East,R029,Bus,9,45,Morning Peak,1079,7.8,12,22.1,0.7,129.5,70.1
5026,2025-07-11,Friday,East,R021,Tram,10,15,Morning Peak,876,2.8,15,10.2,0.53,122.6,76.2
788,2025-07-11,Friday,East,R017,Bus,10,30,Morning Peak,1016,9.6,6,5.6,0.71,121.9,69.8
458,2025-07-11,Friday,South,R041,Rail,10,45,Morning Peak,1026,5.8,13,25.9,0.79,184.7,81.6
702,2025-07-11,Friday,East,R016,Metro,10,45,Morning Peak,735,2.8,16,10.3,0.7,117.6,71.9
5216,2025-07-11,Friday,West,R017,Tram,11,15,Midday,1219,8.1,13,26.7,0.64,170.7,73.4
3269,2025-07-11,Friday,North,R062,Metro,11,45,Midday,1315,2.6,9,27.5,0.89,210.4,76.7
2928,2025-07-11,Friday,North,R015,Bus,12,45,Midday,923,4.8,13,8.8,0.67,110.8,76.2
2516,2025-07-11,Friday,Central,R033,Bus,13,45,Midday,647,4.5,10,18.3,0.65,77.6,67.6
3250,2025-07-11,Friday,Central,R018,Bus,15,15,Midday,955,10.6,4,3.0,0.81,114.6,59.1
1699,2025-07-11,Friday,North,R077,Bus,16,0,Midday,1022,4.9,12,12.1,0.76,122.6,63.6
5343,2025-07-11,Friday,Central,R007,Bus,16,45,Midday,1204,8.4,10,11.2,0.74,144.5,68.9
2081,2025-07-11,Friday,North,R026,Bus,18,45,Evening Peak,910,10.5,5,16.2,0.64,109.2,64.3
2810,2025-07-11,Friday,North,R047,Metro,18,45,Evening Peak,1621,5.0,14,7.2,0.86,259.4,86.3
4214,2025-07-11,Friday,South,R002,Cycling,18,45,Evening Peak,460,0.0,15,18.3,0.48,41.4,90.0
905,2025-07-11,Friday,North,R044,Metro,19,0,Evening Peak,1695,6.6,15,12.4,0.99,271.2,74.4
3517,2025-07-11,Friday,Central,R080,Tram,20,0,Late Evening,308,4.7,11,16.2,0.55,43.1,89.0
5334,2025-07-11,Friday,South,R015,Tram,20,30,Late Evening,503,3.5,16,17.0,0.7,70.4,77.7
1708,2025-07-11,Friday,South,R037,Bus,22,15,Late Evening,614,9.6,13,24.5,0.65,73.7,86.3
328,2025-07-11,Friday,Central,R043,Bus,22,45,Late Evening,758,5.5,14,25.3,0.68,91.0,92.5
1371,2025-07-12,Saturday,North,R003,Rail,7,30,Early Morning,933,12.6,4,10.6,0.8,167.9,68.9
4060,2025-07-12,Saturday,North,R053,Bus,8,15,Morning Peak,1347,11.2,7,7.6,0.75,161.6,54.4
1702,2025-07-12,Saturday,Central,R006,Bus,8,30,Morning Peak,690,8.3,13,4.1,0.68,82.8,49.7
4622,2025-07-12,Saturday,North,R013,Cycling,10,15,Morning Peak,272,1.5,16,3.9,0.47,24.5,91.1
5520,2025-07-12,Saturday,South,R069,Bus,10,15,Morning Peak,676,5.6,15,13.9,0.56,81.1,76.7
2056,2025-07-12,Saturday,Central,R052,Bus,11,15,Midday,771,4.2,14,24.9,0.68,92.5,67.0
3384,2025-07-12,Saturday,North,R023,Bus,11,30,Midday,427,5.0,14,8.7,0.55,51.2,80.6
4901,2025-07-12,Saturday,North,R008,Bus,13,30,Midday,690,4.3,8,3.2,0.63,82.8,69.5
1526,2025-07-12,Saturday,East,R002,Cycling,20,30,Late Evening,252,0.0,18,7.5,0.49,22.7,87.7
4236,2025-07-12,Saturday,East,R024,Bus,22,0,Late Evening,533,7.8,12,15.3,0.61,64.0,69.8
5886,2025-07-12,Saturday,West,R013,Cycling,23,15,Late Evening,194,4.5,11,16.6,0.3,17.5,80.2
5891,2025-07-13,Sunday,Central,R017,Bus,5,15,Early Morning,660,4.1,11,19.3,0.61,79.2,77.0
1232,2025-07-13,Sunday,West,R053,Metro,5,30,Early Morning,713,3.2,16,24.2,0.63,114.1,82.1
3593,2025-07-13,Sunday,North,R011,Rail,8,30,Morning Peak,907,7.7,7,2.2,0.64,163.3,71.2
3210,2025-07-13,Sunday,South,R042,Bus,10,0,Morning Peak,757,7.7,11,5.9,0.68,90.8,84.8
4187,2025-07-13,Sunday,East,R058,Shared Mobility,10,15,Morning Peak,210,3.1,22,24.8,0.33,10.5,72.5
3559,2025-07-13,Sunday,West,R027,Bus,10,45,Morning Peak,625,8.5,9,6.7,0.67,75.0,76.0
5467,2025-07-13,Sunday,East,R080,Metro,11,0,Midday,962,2.4,21,4.7,0.66,153.9,92.9
613,2025-07-13,Sunday,West,R074,Shared Mobility,11,30,Midday,205,2.1,8,23.6,0.33,10.2,74.4
1832,2025-07-13,Sunday,East,R001,Bus,11,30,Midday,427,5.3,12,17.4,0.61,51.2,75.4
5784,2025-07-13,Sunday,East,R071,Tram,12,0,Midday,509,3.9,13,18.3,0.56,71.3,78.4
293,2025-07-13,Sunday,Central,R025,Metro,12,30,Midday,793,1.2,15,12.6,0.62,126.9,80.5
5695,2025-07-13,Sunday,West,R065,Metro,14,30,Midday,1225,4.5,21,20.1,0.8,196.0,82.0
975,2025-07-13,Sunday,Central,R068,Bus,22,45,Late Evening,509,5.7,9,16.4,0.65,61.1,83.3
4660,2025-07-13,Sunday,East,R037,Bus,22,45,Late Evening,730,5.3,9,13.5,0.53,87.6,76.0
5730,2025-07-14,Monday,South,R051,Bus,6,45,Early Morning,982,8.1,13,26.5,0.63,117.8,58.2
833,2025-07-14,Monday,South,R073,Metro,9,0,Morning Peak,1569,8.7,4,14.8,0.79,251.0,67.2
1974,2025-07-14,Monday,Central,R003,Metro,9,45,Morning Peak,1530,5.8,11,3.6,0.76,244.8,71.7
304,2025-07-14,Monday,South,R018,Bus,10,0,Morning Peak,555,6.4,10,13.8,0.68,66.6,70.9
4097,2025-07-14,Monday,South,R008,Cycling,10,0,Morning Peak,557,0.0,18,24.1,0.44,50.1,78.6
4769,2025-07-14,Monday,Central,R005,Bus,10,30,Morning Peak,1033,7.5,13,3.9,0.67,124.0,82.0
5287,2025-07-14,Monday,East,R044,Metro,10,45,Morning Peak,1464,0.7,14,3.3,0.84,234.2,89.4
5625,2025-07-14,Monday,North,R055,Tram,11,45,Midday,718,2.6,13,11.2,0.61,100.5,84.3
5728,2025-07-14,Monday,East,R004,Tram,11,45,Midday,581,5.6,11,5.2,0.58,81.3,69.4
3859,2025-07-14,Monday,Central,R036,Metro,12,15,Midday,1287,2.4,14,15.0,0.75,205.9,85.8
5817,2025-07-14,Monday,South,R044,Tram,13,0,Midday,515,5.0,14,11.7,0.57,72.1,80.8
1295,2025-07-14,Monday,South,R015,Metro,13,15,Midday,2800,2.9,14,22.5,0.89,448.0,80.0
4594,2025-07-14,Monday,West,R006,Cycling,14,45,Midday,454,5.2,12,5.9,0.53,40.9,78.8
1594,2025-07-14,Monday,West,R069,Tram,19,15,Evening Peak,358,6.8,12,10.3,0.57,50.1,68.2
1737,2025-07-14,Monday,West,R033,Rail,20,0,Late Evening,1708,4.0,17,1.8,0.82,307.4,79.5
835,2025-07-14,Monday,South,R034,Metro,21,0,Late Evening,918,4.6,17,22.0,0.7,146.9,75.2
3363,2025-07-14,Monday,South,R075,Rail,21,15,Late Evening,596,6.7,9,20.8,0.68,107.3,67.0
5072,2025-07-15,Tuesday,Central,R055,Cycling,5,30,Early Morning,474,1.3,20,23.6,0.48,42.7,88.0
418,2025-07-15,Tuesday,South,R016,Bus,8,45,Morning Peak,1260,12.7,2,20.5,0.76,151.2,57.2
2501,2025-07-15,Tuesday,East,R043,Metro,10,0,Morning Peak,1399,0.7,11,17.5,0.8,223.8,93.5
3428,2025-07-15,Tuesday,South,R062,Tram,10,15,Morning Peak,644,5.8,13,15.9,0.61,90.2,75.1
1088,2025-07-15,Tuesday,West,R060,Metro,10,45,Morning Peak,1279,4.2,14,7.9,0.89,204.6,78.3
3150,2025-07-15,Tuesday,West,R067,Bus,11,45,Midday,1048,7.8,13,24.7,0.77,125.8,68.6
2277,2025-07-15,Tuesday,South,R040,Metro,13,15,Midday,1027,3.8,18,19.8,0.84,164.3,75.0
3381,2025-07-15,Tuesday,Central,R048,Shared Mobility,14,45,Midday,152,4.3,11,27.3,0.37,7.6,62.2
533,2025-07-15,Tuesday,East,R020,Tram,15,30,Midday,478,3.1,6,2.4,0.58,66.9,81.9
2889,2025-07-15,Tuesday,East,R047,Bus,16,15,Midday,1098,8.3,13,4.6,0.81,131.8,68.0
2361,2025-07-15,Tuesday,South,R045,Metro,17,45,Evening Peak,1675,5.9,15,18.2,0.85,268.0,71.6
1694,2025-07-15,Tuesday,West,R078,Bus,18,30,Evening Peak,1018,12.1,12,1.5,0.74,122.2,60.9
2861,2025-07-15,Tuesday,Central,R013,Rail,19,45,Evening Peak,714,6.5,13,4.7,0.6,128.5,71.0
3021,2025-07-15,Tuesday,North,R025,Bus,20,0,Late Evening,822,3.2,16,19.4,0.63,98.6,74.4
4508,2025-07-15,Tuesday,East,R042,Bus,22,15,Late Evening,555,5.0,15,9.8,0.55,66.6,72.1
4870,2025-07-16,Wednesday,East,R011,Bus,5,0,Early Morning,511,6.1,18,15.8,0.63,61.3,72.4
4848,2025-07-16,Wednesday,South,R054,Metro,7,0,Early Morning,2261,3.6,17,15.8,0.95,361.8,87.2
743,2025-07-16,Wednesday,South,R017,Metro,9,0,Morning Peak,1791,5.5,12,16.4,0.87,286.6,76.2
1292,2025-07-16,Wednesday,West,R077,Metro,9,15,Morning Peak,3099,5.2,14,7.7,1.02,495.8,80.5
5901,2025-07-16,Wednesday,South,R021,Rail,14,45,Midday,960,4.7,10,24.1,0.74,172.8,72.4
5353,2025-07-16,Wednesday,South,R010,Metro,15,45,Midday,1032,4.9,18,19.9,0.75,165.1,58.8
5487,2025-07-16,Wednesday,West,R033,Tram,15,45,Midday,790,4.2,17,15.8,0.61,110.6,83.1
713,2025-07-16,Wednesday,Central,R004,Metro,18,0,Evening Peak,2066,5.7,14,4.4,0.86,330.6,70.8
4282,2025-07-16,Wednesday,North,R047,Bus,18,15,Evening Peak,1109,10.4,12,4.1,0.81,133.1,71.5
5418,2025-07-16,Wednesday,North,R077,Metro,18,45,Evening Peak,2445,8.4,11,12.9,0.95,391.2,72.3
2962,2025-07-16,Wednesday,Central,R015,Metro,20,30,Late Evening,1051,3.1,15,14.4,0.81,168.2,79.5
4066,2025-07-16,Wednesday,Central,R018,Tram,21,30,Late Evening,395,3.1,18,3.2,0.54,55.3,81.7
1193,2025-07-17,Thursday,South,R030,Rail,5,15,Early Morning,650,3.9,12,15.9,0.62,117.0,68.4
5426,2025-07-17,Thursday,South,R009,Metro,6,30,Early Morning,1200,1.8,17,26.3,0.79,192.0,85.6
2014,2025-07-17,Thursday,Central,R074,Rail,7,45,Early Morning,1134,8.5,6,20.9,0.74,204.1,70.9
946,2025-07-17,Thursday,North,R017,Bus,9,0,Morning Peak,911,7.8,10,3.4,0.6,109.3,68.1
5827,2025-07-17,Thursday,South,R021,Metro,9,0,Morning Peak,1444,9.1,4,5.1,0.85,231.0,73.9
220,2025-07-17,Thursday,East,R024,Bus,9,15,Morning Peak,1462,9.1,13,5.7,0.78,175.4,76.5
2780,2025-07-17,Thursday,South,R080,Bus,9,45,Morning Peak,921,9.8,9,1.6,0.79,110.5,67.9
4191,2025-07-17,Thursday,South,R041,Cycling,9,45,Morning Peak,1033,3.9,17,14.8,0.53,93.0,77.1
2798,2025-07-17,Thursday,Central,R050,Metro,10,45,Morning Peak,1689,3.7,11,11.4,0.83,270.2,79.7
3709,2025-07-17,Thursday,East,R073,Cycling,11,30,Midday,363,1.5,16,19.1,0.41,32.7,84.3
2775,2025-07-17,Thursday,North,R069,Cycling,11,45,Midday,297,3.2,12,24.2,0.48,26.7,83.8
1443,2025-07-17,Thursday,South,R072,Rail,13,45,Midday,1425,8.4,11,27.1,0.75,256.5,75.6
1534,2025-07-17,Thursday,South,R052,Bus,17,15,Evening Peak,2518,4.5,13,15.6,0.94,302.2,71.2
231,2025-07-17,Thursday,Central,R077,Bus,18,30,Evening Peak,1132,11.6,6,3.7,0.74,135.8,73.0
182,2025-07-17,Thursday,South,R056,Rail,20,0,Late Evening,698,7.7,12,20.2,0.74,125.6,65.5
1073,2025-07-17,Thursday,West,R036,Cycling,20,30,Late Evening,320,0.4,23,11.7,0.42,28.8,73.7
2905,2025-07-17,Thursday,East,R069,Metro,23,15,Late Evening,1646,5.3,10,1.7,0.93,263.4,73.8
2112,2025-07-18,Friday,West,R002,Bus,8,30,Morning Peak,1396,9.2,17,27.2,0.74,167.5,82.1
4648,2025-07-18,Friday,North,R044,Bus,8,45,Morning Peak,1140,4.5,14,15.1,0.72,136.8,86.5
1544,2025-07-18,Friday,West,R045,Bus,10,45,Morning Peak,573,3.5,11,9.8,0.56,68.8,74.4
2871,2025-07-18,Friday,North,R013,Cycling,10,45,Morning Peak,467,1.2,15,25.2,0.51,42.0,67.6
5832,2025-07-18,Friday,West,R038,Bus,11,0,Midday,671,9.8,12,8.0,0.68,80.5,69.1
1770,2025-07-18,Friday,North,R003,Metro,11,30,Midday,999,5.6,9,17.6,0.75,159.8,77.6
5718,2025-07-18,Friday,Central,R027,Metro,12,30,Midday,1411,2.6,13,24.7,0.83,225.8,92.0
3883,2025-07-18,Friday,Central,R025,Bus,14,30,Midday,686,6.2,17,17.4,0.66,82.3,79.6
4076,2025-07-18,Friday,East,R052,Bus,15,15,Midday,1191,6.3,7,16.3,0.74,142.9,68.5
1456,2025-07-18,Friday,East,R063,Metro,20,0,Late Evening,758,2.0,20,4.9,0.64,121.3,75.2
247,2025-07-18,Friday,West,R074,Bus,21,45,Late Evening,636,4.0,16,18.3,0.6,76.3,90.7
5218,2025-07-19,Saturday,North,R068,Bus,9,30,Morning Peak,964,7.3,9,27.5,0.68,115.7,72.6
2536,2025-07-19,Saturday,East,R052,Bus,15,15,Midday,315,4.3,13,1.7,0.62,37.8,78.6
5340,2025-07-19,Saturday,South,R002,Cycling,16,45,Midday,435,2.8,18,15.4,0.43,39.2,82.0
1444,2025-07-19,Saturday,East,R046,Metro,18,15,Evening Peak,1497,4.0,22,10.1,0.71,239.5,75.0
5924,2025-07-19,Saturday,West,R057,Cycling,18,30,Evening Peak,370,3.3,22,7.1,0.5,33.3,83.4
2546,2025-07-19,Saturday,South,R071,Rail,19,0,Evening Peak,516,6.8,7,17.3,0.69,92.9,64.0
2288,2025-07-19,Saturday,South,R001,Bus,20,15,Late Evening,399,5.7,13,9.1,0.67,47.9,73.9
1129,2025-07-19,Saturday,West,R006,Tram,21,45,Late Evening,360,3.7,17,17.8,0.53,50.4,67.7
5104,2025-07-19,Saturday,West,R068,Bus,22,45,Late Evening,232,5.6,14,26.0,0.64,27.8,77.2
3069,2025-07-20,Sunday,West,R067,Bus,8,0,Morning Peak,1396,11.0,9,26.3,0.81,167.5,58.2
112,2025-07-20,Sunday,South,R071,Metro,8,15,Morning Peak,1505,6.4,6,16.3,0.75,240.8,84.7
5863,2025-07-20,Sunday,West,R054,Tram,9,15,Morning Peak,1222,7.7,19,21.6,0.77,171.1,67.5
3123,2025-07-20,Sunday,Central,R035,Rail,9,45,Morning Peak,679,9.8,2,14.2,0.68,122.2,72.3
1407,2025-07-20,Sunday,East,R078,Tram,10,0,Morning Peak,719,2.2,13,26.4,0.64,100.7,74.7
1404,2025-07-20,Sunday,Central,R076,Bus,10,30,Morning Peak,1148,3.8,15,10.3,0.78,137.8,92.4
5769,2025-07-20,Sunday,North,R071,Bus,10,30,Morning Peak,600,13.1,7,6.1,0.62,72.0,56.3
235,2025-07-20,Sunday,North,R006,Metro,10,45,Morning Peak,1391,2.6,16,25.4,0.81,222.6,82.0
3730,2025-07-20,Sunday,South,R037,Bus,12,30,Midday,575,4.3,13,8.3,0.72,69.0,83.9
4713,2025-07-20,Sunday,East,R038,Metro,13,45,Midday,1200,0.8,22,18.2,0.78,192.0,86.4
5175,2025-07-20,Sunday,North,R040,Bus,16,0,Midday,1138,10.0,4,2.6,0.69,136.6,67.6
3430,2025-07-20,Sunday,West,R047,Metro,18,0,Evening Peak,983,3.7,12,15.5,0.76,157.3,77.9
704,2025-07-20,Sunday,West,R008,Bus,20,0,Late Evening,569,6.1,14,23.1,0.68,68.3,86.9
4575,2025-07-20,Sunday,East,R002,Tram,20,0,Late Evening,345,2.1,13,4.8,0.55,48.3,80.4
3588,2025-07-20,Sunday,Central,R029,Bus,20,30,Late Evening,292,0.0,15,4.8,0.57,35.0,82.8
5062,2025-07-20,Sunday,North,R058,Metro,21,45,Late Evening,745,3.7,16,25.7,0.72,119.2,78.5
5476,2025-07-20,Sunday,South,R022,Rail,22,0,Late Evening,726,7.0,11,19.3,0.72,130.7,81.2
3177,2025-07-20,Sunday,South,R060,Cycling,22,45,Late Evening,279,0.0,17,14.3,0.53,25.1,84.0
1325,2025-07-20,Sunday,South,R078,Rail,23,30,Late Evening,539,4.6,14,20.8,0.77,97.0,73.7
3324,2025-07-20,Sunday,West,R028,Tram,23,45,Late Evening,354,3.0,16,12.6,0.61,49.6,75.6
2720,2025-07-21,Monday,West,R023,Tram,7,15,Early Morning,947,5.9,13,17.5,0.68,132.6,67.1
4497,2025-07-21,Monday,East,R012,Metro,7,15,Early Morning,3033,7.3,9,3.6,0.96,485.3,76.8
5177,2025-07-21,Monday,South,R018,Tram,7,30,Early Morning,1035,6.8,13,1.7,0.67,144.9,73.7
3317,2025-07-21,Monday,Central,R051,Cycling,8,0,Morning Peak,794,3.4,19,17.2,0.44,71.5,84.5
73,2025-07-21,Monday,North,R055,Metro,9,0,Morning Peak,1538,6.1,14,27.4,0.75,246.1,82.3
1821,2025-07-21,Monday,South,R010,Tram,9,30,Morning Peak,809,8.4,12,21.3,0.59,113.3,71.0
5537,2025-07-21,Monday,West,R032,Cycling,9,30,Morning Peak,637,3.6,18,17.0,0.53,57.3,66.9
4162,2025-07-21,Monday,North,R045,Tram,10,30,Morning Peak,783,6.1,10,9.5,0.62,109.6,75.3
5506,2025-07-21,Monday,South,R052,Rail,11,45,Midday,1140,6.5,11,17.0,0.82,205.2,77.1
908,2025-07-21,Monday,Central,R010,Shared Mobility,12,0,Midday,470,3.9,12,9.4,0.39,23.5,70.3
3927,2025-07-21,Monday,Central,R060,Bus,13,45,Midday,912,0.5,18,5.4,0.75,109.4,92.5
2224,2025-07-21,Monday,South,R069,Shared Mobility,14,45,Midday,343,2.7,19,12.1,0.47,17.2,79.1
4300,2025-07-21,Monday,South,R023,Tram,16,0,Midday,1195,6.1,11,3.8,0.62,167.3,58.1
635,2025-07-21,Monday,South,R019,Bus,16,15,Midday,1439,8.9,8,14.9,0.77,172.7,75.8
1171,2025-07-21,Monday,North,R021,Metro,17,0,Evening Peak,1396,5.2,17,16.1,0.81,223.4,68.6
3389,2025-07-21,Monday,East,R040,Tram,17,30,Evening Peak,1245,7.2,11,26.1,0.7,174.3,56.7
1309,2025-07-21,Monday,West,R007,Metro,18,30,Evening Peak,1323,3.0,13,3.2,0.67,211.7,65.5
4306,2025-07-21,Monday,North,R076,Bus,19,15,Evening Peak,646,4.4,14,8.4,0.67,77.5,74.1
1899,2025-07-21,Monday,West,R025,Tram,21,0,Late Evening,457,5.3,12,18.7,0.53,64.0,67.2
751,2025-07-21,Monday,Central,R018,Rail,22,45,Late Evening,525,5.4,13,24.6,0.62,94.5,70.5
977,2025-07-22,Tuesday,South,R001,Bus,7,0,Early Morning,1642,7.1,10,7.8,0.69,197.0,76.2
4882,2025-07-22,Tuesday,Central,R066,Metro,7,15,Early Morning,1446,3.3,21,8.2,0.83,231.4,98.0
2154,2025-07-22,Tuesday,North,R077,Bus,9,15,Morning Peak,1035,9.1,6,2.9,0.76,124.2,69.3
3516,2025-07-22,Tuesday,North,R047,Rail,10,15,Morning Peak,1255,7.7,7,27.8,0.75,225.9,71.9
5341,2025-07-22,Tuesday,East,R050,Metro,10,30,Morning Peak,1438,2.6,20,2.1,0.86,230.1,94.1
223,2025-07-22,Tuesday,North,R022,Bus,11,15,Midday,1013,7.5,10,24.8,0.69,121.6,75.2
2635,2025-07-22,Tuesday,North,R067,Metro,12,0,Midday,1407,4.5,13,16.9,0.93,225.1,78.6
2531,2025-07-22,Tuesday,West,R071,Bus,12,15,Midday,1029,10.2,8,14.5,0.75,123.5,66.9
4057,2025-07-22,Tuesday,West,R047,Bus,17,15,Evening Peak,1218,10.0,7,25.2,0.74,146.2,61.8
666,2025-07-22,Tuesday,Central,R064,Metro,18,15,Evening Peak,2241,6.6,13,21.1,1.05,358.6,81.9
3144,2025-07-22,Tuesday,South,R030,Metro,18,15,Evening Peak,3108,5.8,14,12.8,1.06,497.3,67.7
2868,2025-07-22,Tuesday,North,R041,Metro,20,0,Late Evening,817,2.4,24,16.5,0.7,130.7,86.5
4418,2025-07-22,Tuesday,East,R027,Bus,22,30,Late Evening,593,6.4,10,25.6,0.53,71.2,78.2
1711,2025-07-23,Wednesday,East,R073,Bus,7,45,Early Morning,1048,10.0,7,23.8,0.74,125.8,63.9
474,2025-07-23,Wednesday,East,R064,Bus,8,15,Morning Peak,1278,9.9,8,26.0,0.79,153.4,66.7
3397,2025-07-23,Wednesday,East,R072,Bus,8,15,Morning Peak,1865,7.7,7,5.8,0.8,223.8,67.8
1850,2025-07-23,Wednesday,West,R073,Metro,10,0,Morning Peak,1248,7.6,8,5.0,0.77,199.7,64.4
4752,2025-07-23,Wednesday,West,R018,Metro,10,30,Morning Peak,1629,5.4,9,9.2,0.76,260.6,75.3
4317,2025-07-23,Wednesday,Central,R053,Bus,14,30,Midday,835,10.2,11,11.4,0.68,100.2,67.8
5903,2025-07-23,Wednesday,Central,R076,Metro,14,30,Midday,1121,5.2,11,22.8,0.84,179.4,70.4
4243,2025-07-23,Wednesday,Central,R026,Cycling,16,45,Midday,611,2.7,13,8.1,0.64,55.0,87.6
4787,2025-07-23,Wednesday,South,R010,Metro,18,0,Evening Peak,1418,5.9,9,25.4,0.79,226.9,88.0
3558,2025-07-23,Wednesday,Central,R012,Tram,18,30,Evening Peak,1173,6.6,10,24.2,0.62,164.2,68.9
1995,2025-07-23,Wednesday,East,R047,Metro,19,15,Evening Peak,816,0.0,22,23.6,0.68,130.6,94.2
3677,2025-07-23,Wednesday,South,R080,Bus,21,45,Late Evening,742,3.2,14,24.8,0.62,89.0,78.0
4665,2025-07-23,Wednesday,South,R055,Rail,22,0,Late Evening,424,5.5,13,22.1,0.71,76.3,76.2
4602,2025-07-24,Thursday,North,R070,Rail,5,15,Early Morning,479,8.2,12,8.7,0.7,86.2,72.2
4477,2025-07-24,Thursday,South,R045,Metro,10,0,Morning Peak,1037,1.8,14,14.9,0.86,165.9,85.6
5366,2025-07-24,Thursday,East,R041,Rail,12,30,Midday,1415,6.0,15,27.2,0.74,254.7,76.6
818,2025-07-24,Thursday,East,R011,Metro,13,0,Midday,963,3.4,14,20.4,0.79,154.1,84.6
759,2025-07-24,Thursday,Central,R023,Tram,16,0,Midday,1049,5.6,10,22.9,0.66,146.9,83.9
2848,2025-07-24,Thursday,East,R067,Metro,17,0,Evening Peak,3665,6.9,10,8.9,1.09,586.4,70.7
3863,2025-07-24,Thursday,South,R050,Shared Mobility,19,45,Evening Peak,195,1.7,11,14.7,0.42,9.8,82.7
3665,2025-07-24,Thursday,North,R005,Bus,20,30,Late Evening,552,3.0,19,6.0,0.69,66.2,74.9
5136,2025-07-24,Thursday,Central,R025,Rail,21,15,Late Evening,960,5.3,11,26.6,0.64,172.8,72.0
1792,2025-07-24,Thursday,South,R036,Bus,21,45,Late Evening,844,5.7,16,11.0,0.68,101.3,73.3
1779,2025-07-25,Friday,Central,R040,Metro,5,30,Early Morning,1227,4.3,12,24.4,0.73,196.3,83.4
5110,2025-07-25,Friday,Central,R043,Metro,8,15,Morning Peak,1762,4.4,16,6.0,0.81,281.9,87.2
60,2025-07-25,Friday,North,R062,Metro,9,45,Morning Peak,1409,2.5,10,25.7,0.91,225.4,89.4
4038,2025-07-25,Friday,East,R031,Tram,10,15,Morning Peak,742,4.9,9,8.6,0.49,103.9,83.7
574,2025-07-25,Friday,South,R022,Bus,10,30,Morning Peak,707,5.1,13,12.9,0.6,84.8,67.9
4579,2025-07-25,Friday,South,R068,Rail,10,30,Morning Peak,902,7.4,12,21.3,0.69,162.4,73.7
4255,2025-07-25,Friday,West,R070,Bus,13,30,Midday,994,8.6,16,5.9,0.71,119.3,83.1
2020,2025-07-25,Friday,South,R054,Metro,13,45,Midday,815,3.3,12,15.6,0.65,130.4,77.6
5807,2025-07-25,Friday,West,R056,Cycling,15,0,Midday,399,0.4,15,23.2,0.5,35.9,75.9
4148,2025-07-25,Friday,Central,R072,Bus,18,0,Evening Peak,1409,9.3,11,14.2,0.75,169.1,75.0
1666,2025-07-25,Friday,South,R033,Metro,18,15,Evening Peak,1821,6.7,9,25.4,0.91,291.4,75.9
4649,2025-07-25,Friday,South,R004,Bus,19,15,Evening Peak,791,7.4,11,22.6,0.62,94.9,73.9
5847,2025-07-25,Friday,West,R040,Metro,20,45,Late Evening,1180,5.7,15,5.5,0.76,188.8,76.5
3127,2025-07-25,Friday,West,R076,Cycling,21,30,Late Evening,260,0.1,18,20.5,0.35,23.4,84.6
5826,2025-07-25,Friday,Central,R036,Bus,21,30,Late Evening,464,10.7,9,22.9,0.67,55.7,60.6
2389,2025-07-25,Friday,West,R080,Cycling,21,45,Late Evening,275,1.0,19,24.1,0.43,24.8,84.0
4690,2025-07-25,Friday,North,R067,Bus,22,15,Late Evening,449,9.0,9,18.1,0.73,53.9,65.2
5551,2025-07-25,Friday,East,R060,Tram,22,30,Late Evening,570,5.2,18,16.3,0.54,79.8,83.5
4964,2025-07-26,Saturday,South,R019,Rail,5,45,Early Morning,752,0.0,14,7.5,0.58,135.4,83.2
4912,2025-07-26,Saturday,South,R003,Bus,6,30,Early Morning,742,6.2,17,25.6,0.78,89.0,82.5
134,2025-07-26,Saturday,West,R037,Bus,7,30,Early Morning,985,10.4,4,17.0,0.82,118.2,59.9
3093,2025-07-26,Saturday,West,R017,Bus,8,15,Morning Peak,916,5.8,12,9.0,0.62,109.9,76.2
4630,2025-07-26,Saturday,North,R020,Bus,9,15,Morning Peak,1419,10.3,11,5.1,0.83,170.3,66.6
2002,2025-07-26,Saturday,Central,R061,Metro,9,30,Morning Peak,1635,5.8,15,11.2,0.8,261.6,71.8
5938,2025-07-26,Saturday,Central,R071,Tram,10,15,Morning Peak,473,3.3,13,11.9,0.67,66.2,82.6
4487,2025-07-26,Saturday,West,R070,Rail,10,45,Morning Peak,1139,3.6,19,4.9,0.81,205.0,79.3
4755,2025-07-26,Saturday,Central,R028,Bus,11,30,Midday,635,5.9,15,10.3,0.59,76.2,70.8
881,2025-07-26,Saturday,Central,R077,Bus,12,15,Midday,420,5.0,14,14.9,0.6,50.4,76.8
1903,2025-07-26,Saturday,Central,R053,Rail,16,45,Midday,1072,7.7,8,12.2,0.66,193.0,72.1
782,2025-07-26,Saturday,North,R069,Bus,18,30,Evening Peak,749,10.5,9,16.4,0.67,89.9,67.0
4710,2025-07-26,Saturday,North,R040,Metro,19,0,Evening Peak,836,3.8,16,13.8,0.75,133.8,86.6
4842,2025-07-26,Saturday,North,R029,Bus,21,30,Late Evening,623,1.0,17,17.2,0.7,74.8,95.3
4345,2025-07-26,Saturday,North,R072,Metro,21,45,Late Evening,432,3.8,16,22.5,0.73,69.1,92.5
4781,2025-07-26,Saturday,North,R079,Bus,22,0,Late Evening,404,6.1,17,6.4,0.64,48.5,75.6
5102,2025-07-27,Sunday,East,R006,Metro,7,15,Early Morning,2394,5.2,9,9.9,0.97,383.0,80.4
1758,2025-07-27,Sunday,West,R042,Tram,8,15,Morning Peak,650,9.7,8,14.4,0.65,91.0,64.8
5752,2025-07-27,Sunday,East,R044,Metro,8,30,Morning Peak,1277,5.4,10,13.4,0.73,204.3,85.3
5966,2025-07-27,Sunday,West,R075,Metro,9,15,Morning Peak,1171,6.4,11,10.6,0.88,187.4,76.4
5996,2025-07-27,Sunday,Central,R059,Bus,9,30,Morning Peak,831,8.1,8,18.2,0.72,99.7,71.7
2212,2025-07-27,Sunday,Central,R021,Metro,10,0,Morning Peak,1813,5.5,15,5.5,0.95,290.1,76.0
5061,2025-07-27,Sunday,East,R062,Metro,10,15,Morning Peak,1239,2.0,15,15.7,0.76,198.2,88.5
5267,2025-07-27,Sunday,North,R046,Shared Mobility,11,45,Midday,295,0.0,21,2.9,0.51,14.8,83.1
296,2025-07-27,Sunday,North,R029,Rail,14,15,Midday,732,7.1,9,26.6,0.72,131.8,75.5
5190,2025-07-27,Sunday,Central,R013,Rail,15,30,Midday,426,2.5,18,10.6,0.65,76.7,87.1
3843,2025-07-27,Sunday,Central,R030,Metro,17,0,Evening Peak,1594,6.7,17,25.8,0.72,255.0,70.1
83,2025-07-27,Sunday,South,R041,Metro,18,45,Evening Peak,1186,5.4,15,9.8,0.84,189.8,82.6
4847,2025-07-27,Sunday,Central,R057,Rail,18,45,Evening Peak,634,12.6,6,4.4,0.69,114.1,68.2
2314,2025-07-27,Sunday,South,R005,Tram,19,0,Evening Peak,379,3.5,17,23.2,0.57,53.1,75.2
5460,2025-07-27,Sunday,East,R037,Rail,19,45,Evening Peak,540,7.7,11,12.8,0.62,97.2,79.1
1862,2025-07-27,Sunday,East,R078,Bus,20,15,Late Evening,563,4.6,12,13.3,0.65,67.6,77.8
275,2025-07-27,Sunday,East,R051,Metro,21,30,Late Evening,741,3.2,16,14.7,0.67,118.6,73.8
5610,2025-07-27,Sunday,West,R049,Rail,21,45,Late Evening,507,7.6,8,26.3,0.74,91.3,67.7
5392,2025-07-27,Sunday,East,R078,Shared Mobility,22,30,Late Evening,172,3.3,21,10.8,0.45,8.6,66.4
3546,2025-07-27,Sunday,West,R063,Shared Mobility,23,15,Late Evening,238,2.3,16,21.4,0.46,11.9,66.7
4323,2025-07-27,Sunday,South,R025,Bus,23,45,Late Evening,499,0.1,17,11.6,0.69,59.9,91.4
3687,2025-07-28,Monday,West,R058,Shared Mobility,6,15,Early Morning,196,2.4,13,4.8,0.36,9.8,76.8
3938,2025-07-28,Monday,Central,R013,Tram,7,0,Early Morning,760,6.8,10,27.3,0.51,106.4,83.5
4443,2025-07-28,Monday,North,R006,Rail,11,15,Midday,595,4.9,12,27.0,0.58,107.1,69.6
4720,2025-07-28,Monday,North,R022,Bus,13,30,Midday,739,6.5,13,25.2,0.64,88.7,73.6
5388,2025-07-28,Monday,South,R055,Shared Mobility,13,30,Midday,251,3.2,8,24.9,0.4,12.6,75.0
2697,2025-07-28,Monday,East,R059,Metro,13,45,Midday,1454,3.8,19,20.9,0.79,232.6,84.0
1316,2025-07-28,Monday,Central,R054,Metro,15,30,Midday,697,5.0,14,19.9,0.74,111.5,83.5
4939,2025-07-28,Monday,South,R059,Metro,16,15,Midday,1847,5.9,14,21.5,0.83,295.5,78.1
1318,2025-07-28,Monday,South,R010,Rail,17,45,Evening Peak,1730,7.9,9,26.2,0.88,311.4,62.4
1793,2025-07-28,Monday,West,R010,Metro,18,0,Evening Peak,2174,6.5,12,19.0,0.92,347.8,68.3
4568,2025-07-28,Monday,West,R027,Metro,18,45,Evening Peak,3313,4.5,12,27.8,0.97,530.1,89.4
4906,2025-07-28,Monday,East,R005,Bus,19,15,Evening Peak,664,5.1,18,9.1,0.61,79.7,68.6
5567,2025-07-28,Monday,South,R015,Metro,19,15,Evening Peak,1379,2.6,15,15.5,0.77,220.6,96.5
5711,2025-07-28,Monday,South,R034,Metro,19,30,Evening Peak,740,0.0,22,2.6,0.81,118.4,94.3
2301,2025-07-28,Monday,North,R070,Metro,21,30,Late Evening,1354,5.7,10,12.2,0.72,216.6,92.0
3321,2025-07-29,Tuesday,West,R049,Bus,8,15,Morning Peak,1153,7.2,8,16.6,0.62,138.4,65.8
1138,2025-07-29,Tuesday,North,R002,Bus,9,0,Morning Peak,1208,9.4,4,9.1,0.77,145.0,69.3
3094,2025-07-29,Tuesday,Central,R005,Shared Mobility,10,45,Morning Peak,283,3.2,20,25.3,0.37,14.2,83.9
1489,2025-07-29,Tuesday,West,R046,Bus,17,15,Evening Peak,1318,11.7,2,27.9,0.75,158.2,63.2
2976,2025-07-29,Tuesday,South,R011,Bus,17,30,Evening Peak,1208,8.1,13,7.8,0.8,145.0,62.4
3925,2025-07-29,Tuesday,East,R067,Shared Mobility,18,15,Evening Peak,489,3.7,13,14.4,0.37,24.5,92.5
5263,2025-07-29,Tuesday,Central,R080,Rail,18,30,Evening Peak,1086,6.5,13,22.1,0.75,195.5,89.3
4260,2025-07-29,Tuesday,Central,R009,Bus,19,0,Evening Peak,956,7.5,9,20.1,0.67,114.7,75.4
3750,2025-07-29,Tuesday,West,R033,Bus,19,15,Evening Peak,444,10.8,4,9.2,0.63,53.3,69.0
1182,2025-07-29,Tuesday,North,R003,Cycling,20,30,Late Evening,257,0.0,20,13.7,0.5,23.1,91.9
1705,2025-07-29,Tuesday,East,R025,Bus,21,45,Late Evening,509,1.8,16,11.2,0.58,61.1,79.4
4888,2025-07-29,Tuesday,Central,R023,Bus,22,0,Late Evening,559,6.0,14,17.6,0.61,67.1,67.8
5157,2025-07-29,Tuesday,Central,R005,Rail,22,0,Late Evening,659,5.4,7,21.6,0.55,118.6,81.5
3220,2025-07-29,Tuesday,East,R071,Bus,23,30,Late Evening,645,8.7,11,24.4,0.66,77.4,69.5
4864,2025-07-30,Wednesday,North,R008,Shared Mobility,7,0,Early Morning,411,2.6,10,17.6,0.44,20.6,70.9
5065,2025-07-30,Wednesday,West,R032,Bus,8,0,Morning Peak,1707,7.8,11,11.0,0.75,204.8,65.5
1891,2025-07-30,Wednesday,North,R021,Tram,8,15,Morning Peak,1085,6.8,15,24.5,0.79,151.9,73.9
5934,2025-07-30,Wednesday,East,R038,Bus,9,45,Morning Peak,1125,13.9,6,17.3,0.62,135.0,45.4
1219,2025-07-30,Wednesday,South,R010,Metro,12,30,Midday,1386,5.1,13,8.5,0.86,221.8,87.4
3029,2025-07-30,Wednesday,East,R059,Metro,13,15,Midday,2043,3.3,20,14.2,0.99,326.9,81.9
2706,2025-07-30,Wednesday,South,R023,Tram,14,30,Midday,733,2.3,12,17.1,0.66,102.6,88.5
2748,2025-07-30,Wednesday,South,R007,Bus,18,0,Evening Peak,1332,10.8,9,22.2,0.85,159.8,70.3
5283,2025-07-30,Wednesday,South,R050,Rail,18,45,Evening Peak,1323,9.4,6,1.9,0.8,238.1,78.9
2559,2025-07-30,Wednesday,Central,R059,Metro,19,30,Evening Peak,1038,3.1,15,7.1,0.78,166.1,80.2
3733,2025-07-30,Wednesday,North,R053,Metro,20,30,Late Evening,888,5.8,10,20.0,0.77,142.1,67.4
4722,2025-07-30,Wednesday,South,R056,Rail,21,30,Late Evening,681,7.6,8,15.7,0.63,122.6,75.0
5923,2025-07-30,Wednesday,East,R002,Bus,22,15,Late Evening,431,5.3,15,21.9,0.61,51.7,74.9
918,2025-07-31,Thursday,North,R062,Metro,5,30,Early Morning,654,5.5,11,15.4,0.81,104.6,77.2
5860,2025-07-31,Thursday,West,R078,Bus,6,0,Early Morning,610,8.3,13,6.4,0.65,73.2,72.7
5874,2025-07-31,Thursday,South,R079,Bus,7,0,Early Morning,1847,10.2,6,26.5,0.83,221.6,68.2
4405,2025-07-31,Thursday,North,R031,Shared Mobility,10,15,Morning Peak,289,1.4,18,14.4,0.29,14.4,65.4
986,2025-07-31,Thursday,North,R052,Metro,11,30,Midday,1301,2.5,13,26.8,0.81,208.2,91.9
4131,2025-07-31,Thursday,East,R012,Rail,11,45,Midday,1123,3.3,15,5.2,0.8,202.1,73.2
5507,2025-07-31,Thursday,East,R043,Bus,16,0,Midday,1156,8.7,4,11.2,0.86,138.7,80.9
705,2025-07-31,Thursday,North,R021,Metro,19,45,Evening Peak,950,8.4,10,1.7,0.75,152.0,75.6
5904,2025-07-31,Thursday,Central,R057,Metro,19,45,Evening Peak,1151,0.0,22,22.6,0.81,184.2,89.4
3063,2025-07-31,Thursday,West,R005,Metro,20,45,Late Evening,773,1.0,11,17.8,0.69,123.7,81.7
4956,2025-07-31,Thursday,Central,R012,Bus,20,45,Late Evening,751,5.8,8,7.2,0.58,90.1,69.2
665,2025-08-01,Friday,North,R058,Bus,7,30,Early Morning,1705,9.8,10,18.2,0.77,204.6,68.7
5128,2025-08-01,Friday,Central,R070,Tram,8,45,Morning Peak,1094,9.5,10,18.9,0.65,153.2,55.4
2108,2025-08-01,Friday,North,R004,Metro,9,0,Morning Peak,847,7.2,6,16.1,0.74,135.5,77.9
4155,2025-08-01,Friday,Central,R066,Shared Mobility,10,30,Morning Peak,225,1.5,18,3.3,0.31,11.2,76.9
3033,2025-08-01,Friday,South,R064,Bus,10,45,Morning Peak,857,7.3,11,15.7,0.62,102.8,76.2
2486,2025-08-01,Friday,South,R038,Cycling,11,15,Midday,493,2.1,17,11.7,0.42,44.4,85.8
2647,2025-08-01,Friday,East,R016,Bus,11,45,Midday,712,5.3,11,3.1,0.64,85.4,78.7
4535,2025-08-01,Friday,South,R013,Bus,11,45,Midday,889,5.8,10,11.2,0.78,106.7,81.3
2488,2025-08-01,Friday,North,R032,Rail,15,30,Midday,776,4.4,12,23.0,0.64,139.7,77.3
3720,2025-08-01,Friday,Central,R009,Rail,16,0,Midday,2129,6.6,12,9.6,0.8,383.2,75.5
3344,2025-08-01,Friday,Central,R059,Cycling,16,30,Midday,582,0.0,19,12.9,0.44,52.4,85.6
5211,2025-08-01,Friday,South,R062,Rail,17,0,Evening Peak,1478,8.8,4,22.1,0.87,266.0,69.8
82,2025-08-01,Friday,West,R005,Bus,18,15,Evening Peak,1162,9.0,7,6.0,0.74,139.4,63.5
2940,2025-08-01,Friday,North,R078,Rail,18,30,Evening Peak,1026,9.1,12,16.0,0.71,184.7,71.5
1043,2025-08-01,Friday,East,R031,Metro,18,45,Evening Peak,1355,7.2,16,18.4,0.82,216.8,65.9
2612,2025-08-01,Friday,South,R064,Rail,18,45,Evening Peak,1970,9.0,7,22.7,0.88,354.6,80.3
2835,2025-08-01,Friday,Central,R071,Bus,21,15,Late Evening,490,7.1,5,23.0,0.66,58.8,71.4
1908,2025-08-01,Friday,South,R043,Metro,21,45,Late Evening,844,1.6,22,15.5,0.78,135.0,91.9
5241,2025-08-02,Saturday,Central,R004,Bus,5,15,Early Morning,405,2.6,15,19.2,0.57,48.6,71.7
2201,2025-08-02,Saturday,West,R058,Tram,5,45,Early Morning,357,8.9,10,23.3,0.66,50.0,64.1
4548,2025-08-02,Saturday,Central,R062,Metro,6,0,Early Morning,1030,6.0,13,7.9,0.79,164.8,77.8
3550,2025-08-02,Saturday,North,R071,Bus,9,0,Morning Peak,823,10.4,5,8.9,0.6,98.8,68.9
2942,2025-08-02,Saturday,Central,R078,Cycling,9,45,Morning Peak,636,4.2,9,19.3,0.41,57.2,74.2
2937,2025-08-02,Saturday,West,R078,Bus,10,0,Morning Peak,647,6.0,16,9.8,0.59,77.6,82.6
5565,2025-08-02,Saturday,East,R037,Shared Mobility,10,30,Morning Peak,364,2.4,15,19.7,0.44,18.2,86.2
3469,2025-08-02,Saturday,South,R028,Metro,11,30,Midday,848,4.1,12,6.3,0.77,135.7,93.7
5331,2025-08-02,Saturday,Central,R043,Metro,12,0,Midday,1740,5.5,12,3.5,0.93,278.4,77.3
123,2025-08-02,Saturday,North,R080,Metro,12,45,Midday,952,8.4,8,10.4,0.78,152.3,84.6
4904,2025-08-02,Saturday,Central,R002,Bus,13,30,Midday,437,3.1,12,8.0,0.65,52.4,82.7
885,2025-08-02,Saturday,South,R078,Bus,14,30,Midday,449,6.4,16,15.2,0.65,53.9,76.6
1808,2025-08-02,Saturday,South,R067,Metro,15,0,Midday,1336,4.7,11,25.0,0.86,213.8,89.8
4281,2025-08-02,Saturday,East,R030,Rail,15,0,Midday,715,1.3,15,17.4,0.71,128.7,85.1
1156,2025-08-02,Saturday,East,R069,Bus,15,30,Midday,553,4.3,14,17.5,0.78,66.4,85.0
3685,2025-08-02,Saturday,East,R080,Cycling,16,45,Midday,383,4.8,8,19.2,0.34,34.5,79.1
5517,2025-08-02,Saturday,Central,R065,Bus,17,30,Evening Peak,970,11.4,6,10.6,0.62,116.4,64.8
4170,2025-08-02,Saturday,South,R011,Bus,17,45,Evening Peak,1276,9.4,3,17.4,0.63,153.1,55.4
3645,2025-08-02,Saturday,South,R035,Bus,19,0,Evening Peak,290,8.9,7,14.3,0.66,34.8,61.5
3218,2025-08-02,Saturday,South,R051,Metro,20,0,Late Evening,536,3.2,16,8.1,0.64,85.8,76.3
4479,2025-08-02,Saturday,Central,R016,Metro,20,30,Late Evening,665,1.7,17,5.5,0.79,106.4,71.8
3855,2025-08-02,Saturday,Central,R037,Bus,20,45,Late Evening,865,7.0,10,24.6,0.64,103.8,67.3
1787,2025-08-02,Saturday,West,R049,Metro,22,0,Late Evening,969,1.0,17,24.7,0.83,155.0,78.5
5313,2025-08-02,Saturday,South,R027,Bus,22,0,Late Evening,374,5.7,14,24.1,0.65,44.9,74.2
864,2025-08-02,Saturday,Central,R015,Bus,22,15,Late Evening,373,3.9,15,27.1,0.61,44.8,83.1
2535,2025-08-02,Saturday,Central,R022,Bus,22,30,Late Evening,437,0.8,20,22.2,0.66,52.4,84.0
3118,2025-08-03,Sunday,East,R048,Bus,7,45,Early Morning,781,5.2,17,2.8,0.73,93.7,65.3
78,2025-08-03,Sunday,East,R034,Metro,10,0,Morning Peak,1202,4.6,17,4.6,0.79,192.3,75.7
5980,2025-08-03,Sunday,West,R070,Bus,10,15,Morning Peak,319,4.5,12,7.1,0.61,38.3,76.5
4292,2025-08-03,Sunday,West,R026,Bus,10,45,Morning Peak,808,6.3,13,9.2,0.63,97.0,77.6
1334,2025-08-03,Sunday,East,R016,Cycling,11,0,Midday,200,2.5,19,17.3,0.47,18.0,88.1
595,2025-08-03,Sunday,North,R042,Tram,11,15,Midday,335,1.3,16,20.7,0.55,46.9,85.6
3627,2025-08-03,Sunday,South,R005,Metro,11,45,Midday,465,2.3,14,6.3,0.72,74.4,92.3
1218,2025-08-03,Sunday,East,R071,Cycling,12,30,Midday,375,2.9,11,10.8,0.47,33.8,74.5
5544,2025-08-03,Sunday,East,R067,Bus,13,45,Midday,857,4.8,19,4.4,0.68,102.8,88.9
4290,2025-08-03,Sunday,South,R056,Shared Mobility,14,30,Midday,231,2.4,15,22.6,0.35,11.6,60.0
10,2025-08-03,Sunday,East,R051,Rail,15,0,Midday,1147,0.8,21,3.2,0.77,206.5,80.6
3295,2025-08-03,Sunday,Central,R009,Bus,15,15,Midday,715,2.7,11,14.8,0.61,85.8,91.7
1566,2025-08-03,Sunday,Central,R030,Rail,15,45,Midday,467,6.4,9,25.1,0.61,84.1,61.7
1442,2025-08-03,Sunday,West,R012,Bus,16,15,Midday,1122,14.4,2,15.6,0.71,134.6,58.4
2297,2025-08-03,Sunday,South,R018,Metro,17,15,Evening Peak,1959,1.6,13,16.3,0.77,313.4,98.0
393,2025-08-03,Sunday,West,R011,Bus,17,30,Evening Peak,759,8.7,2,10.0,0.66,91.1,74.7
525,2025-08-03,Sunday,East,R068,Bus,17,45,Evening Peak,1185,12.7,2,25.6,0.68,142.2,65.7
1313,2025-08-03,Sunday,North,R062,Tram,19,15,Evening Peak,449,2.9,11,23.1,0.55,62.9,86.6
1468,2025-08-03,Sunday,South,R012,Metro,20,45,Late Evening,829,3.6,12,16.4,0.83,132.6,92.4
4731,2025-08-03,Sunday,South,R022,Tram,21,45,Late Evening,384,3.4,16,18.7,0.59,53.8,85.9
4951,2025-08-03,Sunday,West,R002,Metro,22,15,Late Evening,470,1.8,17,9.6,0.75,75.2,81.3
2025,2025-08-04,Monday,Central,R011,Metro,5,0,Early Morning,608,3.6,16,16.3,0.74,97.3,72.3
1631,2025-08-04,Monday,North,R060,Metro,6,0,Early Morning,809,0.0,15,20.0,0.66,129.4,90.6
4002,2025-08-04,Monday,West,R003,Metro,6,30,Early Morning,1186,4.2,11,27.5,0.77,189.8,68.1
3899,2025-08-04,Monday,East,R053,Tram,8,0,Morning Peak,773,6.2,10,4.5,0.49,108.2,73.4
4231,2025-08-04,Monday,North,R035,Rail,8,0,Morning Peak,1836,8.1,10,24.2,0.88,330.5,71.2
3765,2025-08-04,Monday,South,R013,Rail,9,0,Morning Peak,2001,7.1,9,3.7,0.84,360.2,74.8
2733,2025-08-04,Monday,Central,R025,Tram,10,0,Morning Peak,463,4.7,23,2.3,0.58,64.8,83.6
3515,2025-08-04,Monday,North,R044,Bus,10,0,Morning Peak,836,5.5,8,11.6,0.64,100.3,66.7
118,2025-08-04,Monday,Central,R049,Bus,11,30,Midday,940,5.1,16,20.7,0.73,112.8,66.5
4986,2025-08-04,Monday,Central,R054,Metro,12,15,Midday,1797,5.4,14,26.4,0.9,287.5,84.1
5798,2025-08-04,Monday,West,R023,Rail,12,30,Midday,1331,7.6,11,14.5,0.71,239.6,69.7
889,2025-08-04,Monday,East,R058,Bus,13,15,Midday,656,4.1,16,15.4,0.57,78.7,80.9
3180,2025-08-04,Monday,North,R021,Cycling,13,30,Midday,478,0.0,15,4.9,0.57,43.0,82.6
1437,2025-08-04,Monday,Central,R046,Cycling,14,15,Midday,352,0.0,16,21.7,0.41,31.7,89.9
3034,2025-08-04,Monday,Central,R019,Tram,14,15,Midday,785,2.1,13,18.7,0.7,109.9,93.7
1577,2025-08-04,Monday,South,R060,Rail,15,30,Midday,837,5.6,13,22.7,0.76,150.7,75.8
2377,2025-08-04,Monday,West,R070,Metro,21,30,Late Evening,1186,6.0,11,5.2,0.78,189.8,56.3
1102,2025-08-04,Monday,Central,R002,Bus,21,45,Late Evening,569,5.4,14,16.2,0.56,68.3,79.4
2029,2025-08-05,Tuesday,North,R009,Bus,7,15,Early Morning,1423,7.6,10,19.7,0.81,170.8,74.7
5811,2025-08-05,Tuesday,Central,R005,Shared Mobility,8,0,Morning Peak,464,4.3,7,16.0,0.39,23.2,66.4
4182,2025-08-05,Tuesday,Central,R054,Bus,9,0,Morning Peak,1073,11.8,6,8.6,0.71,128.8,59.5
5421,2025-08-05,Tuesday,Central,R068,Rail,9,15,Morning Peak,3368,8.8,14,17.1,1.09,606.2,71.5
4804,2025-08-05,Tuesday,Central,R018,Rail,10,15,Morning Peak,658,6.3,12,5.2,0.71,118.4,88.7
564,2025-08-05,Tuesday,East,R034,Rail,11,15,Midday,776,9.2,7,2.0,0.72,139.7,71.7
624,2025-08-05,Tuesday,Central,R056,Bus,12,45,Midday,658,8.5,11,21.1,0.59,79.0,74.3
1804,2025-08-05,Tuesday,Central,R079,Cycling,15,15,Midday,527,0.8,19,8.8,0.53,47.4,90.5
88,2025-08-05,Tuesday,Central,R066,Bus,16,0,Midday,909,8.1,8,16.2,0.67,109.1,68.5
537,2025-08-05,Tuesday,North,R064,Rail,16,0,Midday,1745,6.2,14,14.2,0.82,314.1,75.7
2847,2025-08-05,Tuesday,Central,R022,Tram,16,15,Midday,1507,4.8,14,26.2,0.74,211.0,83.8
1411,2025-08-05,Tuesday,West,R049,Shared Mobility,18,30,Evening Peak,624,4.9,12,23.0,0.34,31.2,84.3
2584,2025-08-05,Tuesday,East,R027,Metro,20,30,Late Evening,1311,3.2,10,6.0,0.76,209.8,89.2
557,2025-08-05,Tuesday,Central,R010,Bus,21,0,Late Evening,600,3.6,15,12.5,0.68,72.0,83.8
3716,2025-08-05,Tuesday,North,R009,Bus,21,15,Late Evening,742,6.3,11,18.9,0.76,89.0,76.9
733,2025-08-05,Tuesday,Central,R016,Cycling,21,30,Late Evening,282,2.2,14,25.3,0.51,25.4,93.0
3853,2025-08-05,Tuesday,Central,R032,Bus,22,15,Late Evening,579,9.4,9,13.6,0.64,69.5,68.7
2059,2025-08-06,Wednesday,West,R006,Bus,7,0,Early Morning,745,9.8,8,23.8,0.59,89.4,76.1
3042,2025-08-06,Wednesday,East,R077,Bus,8,30,Morning Peak,1095,8.3,7,5.0,0.63,131.4,68.8
4758,2025-08-06,Wednesday,South,R037,Metro,9,15,Morning Peak,2088,8.9,13,27.1,0.89,334.1,63.0
130,2025-08-06,Wednesday,Central,R026,Rail,9,30,Morning Peak,1007,9.7,9,9.8,0.77,181.3,65.4
5057,2025-08-06,Wednesday,Central,R006,Rail,10,30,Morning Peak,979,6.0,13,27.8,0.6,176.2,79.6
857,2025-08-06,Wednesday,North,R039,Bus,10,45,Morning Peak,743,7.5,3,18.3,0.56,89.2,73.0
70,2025-08-06,Wednesday,North,R066,Bus,11,0,Midday,1064,8.5,12,24.8,0.66,127.7,73.5
475,2025-08-06,Wednesday,West,R022,Tram,12,0,Midday,568,9.7,10,19.9,0.59,79.5,79.0
3714,2025-08-06,Wednesday,East,R047,Bus,12,0,Midday,810,6.5,14,26.5,0.67,97.2,71.0
3866,2025-08-06,Wednesday,North,R078,Bus,15,30,Midday,817,6.3,9,9.0,0.69,98.0,73.9
3224,2025-08-06,Wednesday,South,R062,Tram,15,45,Midday,467,3.6,13,23.9,0.52,65.4,85.3
2262,2025-08-06,Wednesday,South,R080,Metro,17,15,Evening Peak,2130,8.7,13,6.7,0.95,340.8,73.0
4303,2025-08-06,Wednesday,South,R022,Tram,17,45,Evening Peak,810,5.1,15,20.6,0.72,113.4,69.9
1135,2025-08-06,Wednesday,South,R051,Tram,18,15,Evening Peak,1230,7.0,8,22.1,0.64,172.2,68.5
5881,2025-08-06,Wednesday,North,R064,Bus,18,30,Evening Peak,1366,8.1,10,11.0,0.77,163.9,79.9
5242,2025-08-06,Wednesday,Central,R066,Shared Mobility,19,30,Evening Peak,185,3.5,13,6.9,0.31,9.2,70.8
218,2025-08-06,Wednesday,South,R045,Cycling,20,0,Late Evening,300,3.1,13,21.8,0.5,27.0,77.5
2882,2025-08-06,Wednesday,North,R019,Metro,21,30,Late Evening,839,5.4,12,6.6,0.79,134.2,73.6
1558,2025-08-06,Wednesday,East,R080,Rail,23,15,Late Evening,796,4.2,13,13.9,0.77,143.3,80.3
5141,2025-08-07,Thursday,Central,R011,Bus,10,45,Morning Peak,516,2.7,19,18.4,0.51,61.9,74.9
1357,2025-08-07,Thursday,North,R037,Bus,11,30,Midday,495,2.3,8,2.1,0.71,59.4,90.6
5058,2025-08-07,Thursday,North,R009,Shared Mobility,12,30,Midday,465,0.5,20,17.2,0.41,23.2,95.7
5869,2025-08-07,Thursday,Central,R014,Tram,15,0,Midday,862,3.4,9,14.8,0.64,120.7,86.8
1698,2025-08-07,Thursday,East,R018,Tram,17,0,Evening Peak,831,7.6,15,27.4,0.6,116.3,65.3
3099,2025-08-07,Thursday,South,R059,Tram,17,30,Evening Peak,1011,6.3,11,7.4,0.74,141.5,82.8
2687,2025-08-07,Thursday,East,R021,Bus,20,0,Late Evening,470,4.7,16,7.2,0.51,56.4,78.4
2477,2025-08-07,Thursday,East,R026,Bus,20,30,Late Evening,364,7.6,10,16.9,0.59,43.7,64.3
4315,2025-08-07,Thursday,North,R080,Shared Mobility,20,30,Late Evening,197,0.8,13,19.7,0.42,9.9,88.9
3521,2025-08-07,Thursday,Central,R054,Tram,21,45,Late Evening,531,3.0,16,16.8,0.68,74.3,74.7
4332,2025-08-07,Thursday,West,R001,Rail,21,45,Late Evening,623,6.9,11,7.7,0.73,112.1,83.1
698,2025-08-08,Friday,North,R035,Metro,6,15,Early Morning,1364,2.1,13,10.1,0.82,218.2,73.2
643,2025-08-08,Friday,East,R039,Rail,6,45,Early Morning,679,9.5,10,8.9,0.73,122.2,70.9
2988,2025-08-08,Friday,Central,R006,Metro,8,0,Morning Peak,1849,6.8,12,5.3,0.92,295.8,77.9
1913,2025-08-08,Friday,South,R007,Bus,10,0,Morning Peak,825,5.4,12,21.7,0.73,99.0,65.8
706,2025-08-08,Friday,Central,R048,Bus,11,30,Midday,474,2.2,10,12.2,0.62,56.9,72.7
2841,2025-08-08,Friday,North,R039,Bus,11,30,Midday,766,8.6,10,10.7,0.66,91.9,69.8
469,2025-08-08,Friday,West,R054,Rail,11,45,Midday,1042,9.8,14,5.5,0.71,187.6,70.9
2202,2025-08-08,Friday,East,R065,Cycling,11,45,Midday,419,0.0,17,14.6,0.53,37.7,91.7
5095,2025-08-08,Friday,West,R053,Tram,11,45,Midday,317,6.4,16,19.8,0.6,44.4,80.9
2080,2025-08-08,Friday,West,R008,Tram,12,15,Midday,766,3.9,21,20.0,0.6,107.2,81.9
2571,2025-08-08,Friday,West,R063,Rail,12,15,Midday,1671,4.2,14,4.6,0.82,300.8,87.3
2839,2025-08-08,Friday,Central,R015,Bus,13,45,Midday,540,9.9,7,20.1,0.66,64.8,65.9
4671,2025-08-08,Friday,South,R012,Metro,17,30,Evening Peak,2780,6.4,10,8.1,0.97,444.8,75.5
209,2025-08-08,Friday,Central,R067,Metro,20,30,Late Evening,1018,2.8,15,9.0,0.71,162.9,73.8
5461,2025-08-08,Friday,East,R078,Bus,21,15,Late Evening,851,9.8,9,19.9,0.72,102.1,77.2
332,2025-08-08,Friday,South,R012,Rail,21,30,Late Evening,644,4.1,14,17.2,0.71,115.9,79.9
967,2025-08-08,Friday,West,R072,Metro,22,15,Late Evening,1231,3.0,15,9.2,0.83,197.0,87.4
5367,2025-08-08,Friday,North,R036,Metro,22,15,Late Evening,746,6.0,8,10.1,0.7,119.4,70.4
5947,2025-08-08,Friday,North,R066,Tram,22,45,Late Evening,641,4.1,14,17.3,0.59,89.7,90.0
4730,2025-08-08,Friday,South,R050,Metro,23,45,Late Evening,762,1.2,13,21.8,0.8,121.9,90.0
4064,2025-08-09,Saturday,West,R032,Tram,8,15,Morning Peak,586,9.0,7,5.4,0.71,82.0,67.3
2458,2025-08-09,Saturday,South,R007,Bus,9,45,Morning Peak,890,10.0,6,4.9,0.76,106.8,63.3
2730,2025-08-09,Saturday,East,R009,Rail,9,45,Morning Peak,1132,8.9,5,6.0,0.76,203.8,57.5
2510,2025-08-09,Saturday,East,R001,Bus,10,30,Morning Peak,503,7.6,10,25.3,0.52,60.4,74.7
4682,2025-08-09,Saturday,West,R070,Bus,11,15,Midday,701,11.4,7,23.6,0.59,84.1,65.5
4089,2025-08-09,Saturday,West,R011,Bus,11,30,Midday,427,11.7,6,11.0,0.56,51.2,55.2
5162,2025-08-09,Saturday,South,R016,Metro,11,30,Midday,946,0.4,18,5.9,0.74,151.4,83.5
596,2025-08-09,Saturday,Central,R015,Tram,12,15,Midday,540,2.5,19,2.2,0.57,75.6,74.7
5210,2025-08-09,Saturday,East,R064,Bus,13,0,Midday,509,9.7,7,5.4,0.47,61.1,67.0
4685,2025-08-09,Saturday,West,R008,Bus,15,30,Midday,844,6.5,2,25.9,0.74,101.3,67.0
5488,2025-08-09,Saturday,North,R027,Tram,16,30,Midday,789,3.5,22,2.0,0.53,110.5,87.2
3632,2025-08-09,Saturday,East,R023,Bus,18,0,Evening Peak,621,6.4,14,16.8,0.75,74.5,69.3
5650,2025-08-09,Saturday,West,R068,Bus,18,15,Evening Peak,683,9.4,16,21.7,0.72,82.0,77.7
2131,2025-08-09,Saturday,West,R033,Tram,18,45,Evening Peak,473,5.2,10,25.6,0.51,66.2,75.2
1883,2025-08-09,Saturday,East,R046,Rail,20,30,Late Evening,603,2.8,15,18.5,0.64,108.5,79.5
4966,2025-08-10,Sunday,Central,R011,Metro,7,30,Early Morning,1221,5.9,12,19.7,0.81,195.4,82.0
2619,2025-08-10,Sunday,North,R078,Tram,9,0,Morning Peak,652,5.2,17,13.5,0.48,91.3,81.6
1301,2025-08-10,Sunday,North,R074,Metro,9,30,Morning Peak,1644,6.1,8,13.6,0.94,263.0,73.3
5097,2025-08-10,Sunday,Central,R017,Metro,10,0,Morning Peak,1394,0.4,15,11.4,0.87,223.0,91.9
3829,2025-08-10,Sunday,Central,R060,Bus,10,30,Morning Peak,631,7.5,8,11.8,0.73,75.7,72.8
4751,2025-08-10,Sunday,South,R016,Cycling,10,30,Morning Peak,276,4.7,14,6.7,0.37,24.8,76.0
3148,2025-08-10,Sunday,West,R011,Bus,10,45,Morning Peak,729,6.0,13,7.6,0.63,87.5,75.4
776,2025-08-10,Sunday,North,R069,Tram,11,0,Midday,1167,3.5,17,15.2,0.66,163.4,78.8
1778,2025-08-10,Sunday,East,R064,Rail,11,0,Midday,690,5.5,10,27.4,0.58,124.2,85.2
3930,2025-08-10,Sunday,Central,R078,Bus,11,0,Midday,462,7.6,8,14.7,0.62,55.4,75.0
145,2025-08-10,Sunday,North,R014,Tram,12,45,Midday,411,0.0,18,8.0,0.62,57.5,79.5
481,2025-08-10,Sunday,South,R052,Bus,19,0,Evening Peak,647,4.9,15,22.3,0.72,77.6,71.6
1691,2025-08-10,Sunday,East,R074,Shared Mobility,19,0,Evening Peak,206,1.5,16,21.2,0.44,10.3,77.0
3566,2025-08-10,Sunday,South,R059,Cycling,19,30,Evening Peak,195,1.9,14,9.3,0.41,17.6,75.0
4771,2025-08-10,Sunday,North,R028,Bus,21,0,Late Evening,421,7.2,8,12.7,0.55,50.5,79.9
1235,2025-08-10,Sunday,North,R008,Bus,21,45,Late Evening,551,10.9,10,12.6,0.59,66.1,63.0
4917,2025-08-10,Sunday,North,R071,Metro,23,15,Late Evening,596,5.2,8,5.6,0.77,95.4,75.1
3929,2025-08-11,Monday,West,R052,Bus,6,0,Early Morning,817,4.7,10,24.1,0.66,98.0,69.2
5037,2025-08-11,Monday,Central,R031,Bus,7,15,Early Morning,1208,2.1,14,27.3,0.67,145.0,77.7
1276,2025-08-11,Monday,North,R040,Metro,9,0,Morning Peak,2581,7.0,6,20.1,1.03,413.0,81.1
491,2025-08-11,Monday,East,R066,Rail,9,15,Morning Peak,2839,8.1,10,20.6,0.97,511.0,80.3
1678,2025-08-11,Monday,East,R061,Rail,10,0,Morning Peak,542,6.4,19,21.5,0.63,97.6,74.6
355,2025-08-11,Monday,East,R020,Bus,10,15,Morning Peak,752,3.8,11,17.2,0.63,90.2,86.9
2573,2025-08-11,Monday,South,R064,Bus,10,15,Morning Peak,889,3.3,16,21.3,0.7,106.7,78.4
1848,2025-08-11,Monday,North,R038,Bus,10,30,Morning Peak,532,8.9,13,27.4,0.65,63.8,66.4
3012,2025-08-11,Monday,West,R065,Bus,10,30,Morning Peak,892,10.0,8,15.7,0.58,107.0,61.4
4960,2025-08-11,Monday,West,R023,Tram,10,30,Morning Peak,496,3.7,20,14.9,0.57,69.4,89.0
964,2025-08-11,Monday,East,R054,Bus,11,0,Midday,815,6.2,9,21.4,0.64,97.8,81.2
5370,2025-08-11,Monday,North,R022,Shared Mobility,11,0,Midday,422,4.1,8,8.1,0.4,21.1,70.6
3348,2025-08-11,Monday,Central,R079,Cycling,11,30,Midday,554,1.5,19,7.2,0.55,49.9,82.8
1470,2025-08-11,Monday,Central,R048,Bus,16,15,Midday,900,8.4,18,2.8,0.7,108.0,66.4
2034,2025-08-11,Monday,Central,R047,Shared Mobility,17,30,Evening Peak,766,5.5,11,26.0,0.5,38.3,75.5
575,2025-08-11,Monday,East,R036,Metro,18,0,Evening Peak,1402,6.9,10,23.3,0.78,224.3,71.0
591,2025-08-11,Monday,South,R055,Tram,18,0,Evening Peak,917,8.1,7,8.6,0.58,128.4,84.8
2703,2025-08-11,Monday,Central,R075,Cycling,21,0,Late Evening,242,0.3,16,26.7,0.31,21.8,86.3
5015,2025-08-11,Monday,East,R079,Rail,21,15,Late Evening,797,5.4,12,5.4,0.67,143.5,64.6
3833,2025-08-12,Tuesday,North,R064,Metro,5,30,Early Morning,772,2.0,15,12.4,0.8,123.5,80.5
212,2025-08-12,Tuesday,West,R044,Metro,7,15,Early Morning,1071,5.8,10,11.3,0.81,171.4,73.2
4765,2025-08-12,Tuesday,South,R066,Cycling,7,30,Early Morning,376,3.6,15,10.7,0.45,33.8,67.3
3917,2025-08-12,Tuesday,South,R066,Bus,9,30,Morning Peak,1037,6.9,12,19.3,0.68,124.4,90.8
1670,2025-08-12,Tuesday,South,R016,Bus,10,0,Morning Peak,557,6.6,9,4.1,0.55,66.8,82.6
726,2025-08-12,Tuesday,West,R069,Rail,10,15,Morning Peak,881,9.9,11,24.5,0.66,158.6,63.4
2117,2025-08-12,Tuesday,West,R033,Metro,10,45,Morning Peak,1218,0.0,22,27.3,0.69,194.9,77.4
684,2025-08-12,Tuesday,West,R051,Shared Mobility,12,15,Midday,276,4.2,15,24.1,0.34,13.8,71.5
1687,2025-08-12,Tuesday,Central,R035,Bus,12,15,Midday,664,8.3,8,16.6,0.63,79.7,77.4
5075,2025-08-12,Tuesday,North,R002,Bus,15,0,Midday,813,6.8,18,24.4,0.61,97.6,67.4
551,2025-08-12,Tuesday,North,R005,Metro,15,45,Midday,1701,5.5,14,4.1,0.89,272.2,90.5
2634,2025-08-12,Tuesday,South,R054,Rail,15,45,Midday,818,8.1,6,27.9,0.74,147.2,68.8
1216,2025-08-12,Tuesday,North,R057,Bus,16,30,Midday,1498,7.6,14,12.8,0.81,179.8,67.7
3436,2025-08-12,Tuesday,South,R077,Metro,17,45,Evening Peak,1680,6.4,9,6.8,0.82,268.8,70.3
2680,2025-08-12,Tuesday,West,R024,Bus,18,15,Evening Peak,1324,11.0,8,25.9,0.75,158.9,52.8
1617,2025-08-12,Tuesday,West,R066,Bus,20,15,Late Evening,733,5.1,15,26.9,0.65,88.0,72.4
1315,2025-08-12,Tuesday,West,R007,Metro,21,15,Late Evening,1271,3.4,19,2.8,0.75,203.4,86.8
4661,2025-08-12,Tuesday,South,R013,Cycling,21,15,Late Evening,264,1.6,15,3.6,0.36,23.8,87.1
5640,2025-08-12,Tuesday,Central,R015,Rail,22,0,Late Evening,677,5.8,14,15.7,0.63,121.9,65.2
175,2025-08-13,Wednesday,East,R060,Metro,8,15,Morning Peak,2047,5.9,13,19.8,0.82,327.5,76.6
1825,2025-08-13,Wednesday,East,R063,Metro,8,45,Morning Peak,2104,7.6,8,17.5,0.95,336.6,74.3
987,2025-08-13,Wednesday,West,R061,Tram,9,0,Morning Peak,722,5.2,14,28.0,0.63,101.1,70.0
5530,2025-08-13,Wednesday,West,R069,Bus,9,0,Morning Peak,2123,7.9,9,18.8,0.83,254.8,73.8
3309,2025-08-13,Wednesday,West,R016,Rail,9,30,Morning Peak,1922,7.1,8,20.6,0.92,346.0,72.0
3535,2025-08-13,Wednesday,South,R031,Bus,10,30,Morning Peak,1116,9.7,10,7.6,0.66,133.9,83.3
1068,2025-08-13,Wednesday,East,R024,Rail,10,45,Morning Peak,793,5.3,15,4.4,0.61,142.7,62.3
1939,2025-08-13,Wednesday,West,R078,Shared Mobility,11,0,Midday,323,1.1,16,15.5,0.36,16.2,95.0
3852,2025-08-13,Wednesday,North,R033,Rail,12,45,Midday,644,4.5,13,5.6,0.6,115.9,83.9
5712,2025-08-13,Wednesday,North,R014,Rail,16,15,Midday,1637,5.9,13,7.1,0.85,294.7,79.8
186,2025-08-13,Wednesday,North,R032,Metro,19,15,Evening Peak,986,1.6,17,4.5,0.77,157.8,81.7
213,2025-08-13,Wednesday,East,R057,Bus,19,30,Evening Peak,652,6.2,7,4.3,0.77,78.2,70.5
3096,2025-08-13,Wednesday,East,R006,Tram,20,15,Late Evening,511,0.7,16,18.3,0.64,71.5,86.8
5746,2025-08-13,Wednesday,Central,R012,Bus,22,15,Late Evening,810,3.8,12,26.5,0.65,97.2,75.5
4413,2025-08-13,Wednesday,South,R055,Metro,22,30,Late Evening,839,0.6,17,2.7,0.63,134.2,98.0
3035,2025-08-14,Thursday,East,R078,Metro,7,15,Early Morning,2436,3.7,16,9.2,1.01,389.8,89.3
1595,2025-08-14,Thursday,East,R080,Bus,8,45,Morning Peak,2132,6.5,11,6.0,0.77,255.8,77.8
1302,2025-08-14,Thursday,Central,R075,Metro,9,30,Morning Peak,3988,10.5,7,17.7,1.15,638.1,66.5
1602,2025-08-14,Thursday,East,R026,Bus,9,30,Morning Peak,1528,8.8,15,4.6,0.82,183.4,73.4
5772,2025-08-14,Thursday,Central,R008,Shared Mobility,9,45,Morning Peak,539,5.6,12,2.4,0.42,27.0,70.0
939,2025-08-14,Thursday,North,R074,Bus,10,0,Morning Peak,1042,7.2,7,19.7,0.64,125.0,59.1
1542,2025-08-14,Thursday,North,R003,Bus,10,15,Morning Peak,1249,4.6,11,9.5,0.65,149.9,78.1
5560,2025-08-14,Thursday,Central,R077,Tram,10,15,Morning Peak,533,1.4,16,19.6,0.65,74.6,77.4
318,2025-08-14,Thursday,West,R031,Tram,11,15,Midday,817,4.0,14,24.1,0.63,114.4,83.7
1556,2025-08-14,Thursday,Central,R012,Tram,11,15,Midday,887,4.6,11,18.8,0.56,124.2,84.5
2345,2025-08-14,Thursday,North,R016,Metro,11,30,Midday,1348,3.7,17,8.5,0.75,215.7,69.6
790,2025-08-14,Thursday,East,R008,Rail,12,0,Midday,1252,4.0,15,17.7,0.77,225.4,85.0
3862,2025-08-14,Thursday,South,R008,Tram,12,0,Midday,708,7.0,11,24.2,0.62,99.1,75.1
2600,2025-08-14,Thursday,West,R028,Bus,13,30,Midday,781,5.2,17,14.7,0.69,93.7,71.5
1722,2025-08-14,Thursday,Central,R046,Shared Mobility,14,45,Midday,454,2.3,14,19.4,0.42,22.7,76.4
3915,2025-08-14,Thursday,Central,R061,Cycling,17,15,Evening Peak,697,2.4,21,15.1,0.49,62.7,81.4
5101,2025-08-14,Thursday,South,R055,Bus,17,15,Evening Peak,1223,7.9,13,1.9,0.72,146.8,72.2
5042,2025-08-14,Thursday,South,R035,Bus,18,0,Evening Peak,1762,10.3,7,12.6,0.76,211.4,69.8
2233,2025-08-14,Thursday,Central,R016,Bus,20,0,Late Evening,602,8.0,10,23.8,0.67,72.2,70.2
5187,2025-08-15,Friday,West,R012,Metro,7,15,Early Morning,1846,4.5,11,13.8,0.76,295.4,79.6
670,2025-08-15,Friday,North,R039,Metro,9,0,Morning Peak,1692,3.7,14,11.6,0.81,270.7,90.6
3084,2025-08-15,Friday,West,R044,Metro,9,0,Morning Peak,1842,3.0,14,9.3,0.88,294.7,92.6
1714,2025-08-15,Friday,West,R016,Bus,9,45,Morning Peak,2448,11.3,6,6.6,0.97,293.8,58.7
3781,2025-08-15,Friday,North,R055,Metro,9,45,Morning Peak,2064,7.9,11,14.3,1.02,330.2,71.3
5068,2025-08-15,Friday,North,R037,Bus,9,45,Morning Peak,649,11.6,2,25.0,0.54,77.9,48.3
3746,2025-08-15,Friday,Central,R007,Bus,10,0,Morning Peak,1038,8.2,14,22.6,0.76,124.6,85.0
2956,2025-08-15,Friday,Central,R031,Bus,10,45,Morning Peak,1242,8.3,13,21.8,0.63,149.0,65.6
1400,2025-08-15,Friday,North,R020,Metro,11,15,Midday,999,3.1,11,4.7,0.74,159.8,82.9
2508,2025-08-15,Friday,North,R074,Metro,11,45,Midday,1060,2.9,14,3.8,0.87,169.6,88.1
1503,2025-08-15,Friday,West,R010,Shared Mobility,12,30,Midday,223,3.2,17,18.2,0.4,11.2,88.1
1494,2025-08-15,Friday,South,R048,Rail,14,30,Midday,1196,4.1,13,18.8,0.69,215.3,82.6
3025,2025-08-15,Friday,East,R067,Rail,14,45,Midday,1467,5.8,14,9.5,0.76,264.1,66.0
1580,2025-08-15,Friday,Central,R011,Cycling,17,0,Evening Peak,509,1.7,18,6.8,0.46,45.8,85.6
543,2025-08-15,Friday,West,R022,Rail,17,15,Evening Peak,1348,5.2,8,10.4,0.69,242.6,84.9
1386,2025-08-15,Friday,North,R001,Shared Mobility,17,45,Evening Peak,353,4.9,12,19.0,0.37,17.7,73.0
2714,2025-08-15,Friday,South,R005,Rail,18,0,Evening Peak,1004,9.7,10,15.4,0.8,180.7,65.4
5220,2025-08-15,Friday,South,R002,Tram,18,30,Evening Peak,1300,4.2,15,22.5,0.68,182.0,70.7
287,2025-08-15,Friday,South,R059,Metro,18,45,Evening Peak,1214,7.8,8,21.7,0.8,194.2,60.1
5330,2025-08-15,Friday,South,R026,Tram,19,15,Evening Peak,541,6.1,6,16.1,0.58,75.7,70.1
125,2025-08-15,Friday,Central,R035,Bus,20,0,Late Evening,440,5.6,13,13.7,0.65,52.8,71.3
903,2025-08-15,Friday,Central,R021,Metro,21,15,Late Evening,902,3.2,12,3.8,0.79,144.3,73.2
3146,2025-08-15,Friday,East,R042,Metro,22,30,Late Evening,1156,4.2,17,7.6,0.92,185.0,86.0
2759,2025-08-16,Saturday,Central,R045,Cycling,8,0,Morning Peak,386,1.3,15,12.1,0.4,34.7,98.0
4151,2025-08-16,Saturday,East,R063,Bus,8,0,Morning Peak,952,9.9,5,13.1,0.65,114.2,65.1
3512,2025-08-16,Saturday,West,R052,Rail,9,0,Morning Peak,1533,8.0,10,19.9,0.74,275.9,68.9
3846,2025-08-16,Saturday,Central,R064,Shared Mobility,9,0,Morning Peak,275,4.6,13,8.9,0.54,13.8,75.6
5626,2025-08-16,Saturday,South,R079,Bus,9,15,Morning Peak,1095,10.7,2,5.9,0.74,131.4,65.4
1100,2025-08-16,Saturday,Central,R020,Rail,11,30,Midday,650,7.1,12,17.7,0.71,117.0,69.5
2557,2025-08-16,Saturday,West,R045,Metro,11,30,Midday,704,0.0,19,11.1,0.75,112.6,88.8
4017,2025-08-16,Saturday,South,R078,Bus,11,30,Midday,641,3.7,13,15.0,0.57,76.9,89.6
1924,2025-08-16,Saturday,North,R042,Metro,15,45,Midday,1318,4.7,13,4.7,0.82,210.9,76.6
701,2025-08-16,Saturday,North,R054,Bus,16,0,Midday,956,9.4,8,26.7,0.75,114.7,75.6
926,2025-08-16,Saturday,Central,R041,Metro,18,30,Evening Peak,955,4.8,10,12.4,0.75,152.8,77.8
2853,2025-08-16,Saturday,Central,R076,Tram,19,15,Evening Peak,425,7.0,12,5.8,0.62,59.5,72.7
5252,2025-08-16,Saturday,North,R023,Bus,20,15,Late Evening,426,5.4,7,8.5,0.55,51.1,76.5
2139,2025-08-16,Saturday,North,R025,Cycling,21,0,Late Evening,148,4.4,14,1.6,0.41,13.3,78.9
3811,2025-08-16,Saturday,North,R077,Bus,21,30,Late Evening,791,7.0,13,24.7,0.69,94.9,66.2
1783,2025-08-16,Saturday,East,R029,Metro,22,45,Late Evening,499,4.5,11,6.8,0.69,79.8,82.9
5151,2025-08-17,Sunday,Central,R076,Tram,7,0,Early Morning,630,7.9,6,16.5,0.6,88.2,66.8
942,2025-08-17,Sunday,East,R038,Cycling,7,45,Early Morning,506,2.1,15,7.5,0.55,45.5,89.7
2270,2025-08-17,Sunday,North,R037,Rail,11,30,Midday,611,9.5,11,15.4,0.72,110.0,80.0
5079,2025-08-17,Sunday,North,R061,Tram,11,30,Midday,357,1.9,15,4.1,0.62,50.0,85.7
668,2025-08-17,Sunday,East,R029,Cycling,13,30,Midday,375,2.1,18,26.7,0.37,33.8,83.2
439,2025-08-17,Sunday,Central,R024,Bus,13,45,Midday,766,3.3,17,2.4,0.65,91.9,91.2
1967,2025-08-17,Sunday,South,R016,Shared Mobility,14,0,Midday,284,0.5,12,22.3,0.43,14.2,89.8
3751,2025-08-17,Sunday,West,R047,Tram,14,30,Midday,635,2.8,17,16.4,0.62,88.9,79.5
2472,2025-08-17,Sunday,South,R002,Bus,15,15,Midday,539,7.3,12,19.1,0.58,64.7,72.0
1261,2025-08-17,Sunday,East,R027,Metro,15,30,Midday,1102,4.2,14,27.5,0.76,176.3,72.8
783,2025-08-17,Sunday,Central,R047,Bus,19,0,Evening Peak,452,9.2,11,16.2,0.68,54.2,58.4
1419,2025-08-17,Sunday,North,R063,Rail,19,0,Evening Peak,564,0.3,23,13.2,0.68,101.5,85.7
5505,2025-08-17,Sunday,West,R072,Bus,19,30,Evening Peak,657,5.3,16,7.6,0.64,78.8,74.9
1038,2025-08-17,Sunday,North,R051,Cycling,21,30,Late Evening,206,4.0,16,22.0,0.44,18.5,67.1
962,2025-08-17,Sunday,Central,R047,Bus,21,45,Late Evening,366,4.2,17,9.8,0.61,43.9,68.9
2734,2025-08-17,Sunday,West,R034,Bus,21,45,Late Evening,581,7.3,10,23.8,0.65,69.7,74.1
2668,2025-08-17,Sunday,Central,R004,Bus,22,15,Late Evening,423,9.5,10,18.5,0.69,50.8,59.6
4334,2025-08-18,Monday,East,R073,Tram,6,45,Early Morning,279,7.3,9,5.4,0.47,39.1,65.1
2287,2025-08-18,Monday,North,R040,Tram,8,45,Morning Peak,1080,4.6,8,14.1,0.6,151.2,79.0
312,2025-08-18,Monday,South,R065,Bus,10,15,Morning Peak,674,7.7,9,21.6,0.71,80.9,65.0
2479,2025-08-18,Monday,Central,R032,Metro,10,30,Morning Peak,3230,0.0,17,24.2,1.15,516.8,95.4
4462,2025-08-18,Monday,North,R078,Tram,10,30,Morning Peak,626,4.1,15,16.0,0.6,87.6,78.3
4927,2025-08-18,Monday,Central,R027,Bus,10,45,Morning Peak,1049,6.3,7,22.9,0.76,125.9,80.2
4811,2025-08-18,Monday,South,R025,Bus,13,45,Midday,820,5.9,14,14.5,0.64,98.4,74.4
5485,2025-08-18,Monday,South,R001,Tram,14,15,Midday,604,6.0,15,27.1,0.65,84.6,70.7
605,2025-08-18,Monday,East,R050,Tram,15,0,Midday,561,6.1,12,18.7,0.57,78.5,70.0
2717,2025-08-18,Monday,South,R021,Bus,18,30,Evening Peak,1154,9.6,10,15.6,0.7,138.5,63.8
5946,2025-08-18,Monday,South,R015,Rail,22,0,Late Evening,632,8.1,15,19.7,0.46,113.8,82.2
3814,2025-08-18,Monday,Central,R073,Bus,22,45,Late Evening,614,7.0,7,15.6,0.75,73.7,66.6
108,2025-08-19,Tuesday,North,R076,Bus,7,0,Early Morning,1231,10.1,9,20.6,0.76,147.7,82.0
2817,2025-08-19,Tuesday,North,R065,Cycling,9,15,Morning Peak,779,6.1,13,23.7,0.49,70.1,79.2
141,2025-08-19,Tuesday,West,R013,Rail,9,45,Morning Peak,1458,9.5,6,15.1,0.68,262.4,69.6
2461,2025-08-19,Tuesday,South,R008,Cycling,10,15,Morning Peak,470,0.0,17,27.4,0.5,42.3,90.6
3633,2025-08-19,Tuesday,East,R014,Bus,11,45,Midday,1368,7.2,7,9.1,0.77,164.2,64.0
4968,2025-08-19,Tuesday,Central,R056,Metro,11,45,Midday,1226,6.2,14,10.5,0.88,196.2,75.2
911,2025-08-19,Tuesday,South,R052,Rail,12,45,Midday,1341,8.2,16,27.0,0.76,241.4,60.6
1957,2025-08-19,Tuesday,Central,R048,Metro,13,0,Midday,958,4.6,9,8.8,0.7,153.3,87.8
2340,2025-08-19,Tuesday,South,R012,Metro,13,0,Midday,1241,3.6,20,2.0,0.82,198.6,79.6
5655,2025-08-19,Tuesday,North,R066,Bus,14,0,Midday,833,5.0,16,13.0,0.73,100.0,78.0
173,2025-08-19,Tuesday,East,R046,Bus,18,15,Evening Peak,1171,12.7,4,19.9,0.64,140.5,69.1
5825,2025-08-19,Tuesday,North,R076,Metro,18,30,Evening Peak,1491,5.1,15,17.0,0.85,238.6,78.2
1082,2025-08-19,Tuesday,South,R061,Tram,19,30,Evening Peak,687,5.6,13,11.5,0.63,96.2,61.4
2686,2025-08-19,Tuesday,East,R073,Cycling,20,15,Late Evening,739,1.4,20,21.0,0.56,66.5,73.2
1960,2025-08-19,Tuesday,North,R026,Rail,21,15,Late Evening,469,6.5,9,9.5,0.72,84.4,72.4
146,2025-08-19,Tuesday,East,R069,Rail,21,45,Late Evening,874,6.7,14,25.9,0.7,157.3,74.0
4807,2025-08-20,Wednesday,East,R038,Bus,6,0,Early Morning,662,9.6,10,3.8,0.61,79.4,64.5
2065,2025-08-20,Wednesday,Central,R028,Metro,7,45,Early Morning,2008,1.7,16,7.0,0.93,321.3,85.6
5950,2025-08-20,Wednesday,South,R008,Metro,10,15,Morning Peak,1025,2.8,14,16.3,0.82,164.0,73.9
2269,2025-08-20,Wednesday,Central,R033,Bus,10,30,Morning Peak,637,9.1,9,7.5,0.6,76.4,50.8
3584,2025-08-20,Wednesday,Central,R050,Tram,12,30,Midday,413,5.3,10,11.3,0.68,57.8,88.2
2507,2025-08-20,Wednesday,North,R010,Metro,12,45,Midday,1405,3.3,16,19.9,0.77,224.8,80.1
5202,2025-08-20,Wednesday,North,R072,Metro,13,15,Midday,1468,1.6,17,11.9,0.86,234.9,83.0
2528,2025-08-20,Wednesday,North,R030,Cycling,14,15,Midday,431,1.8,22,4.7,0.39,38.8,85.2
1385,2025-08-20,Wednesday,Central,R034,Shared Mobility,18,15,Evening Peak,584,6.0,8,7.8,0.34,29.2,73.2
3195,2025-08-20,Wednesday,Central,R045,Bus,19,15,Evening Peak,670,2.8,17,16.3,0.7,80.4,85.1
2555,2025-08-20,Wednesday,West,R029,Metro,22,45,Late Evening,1049,4.0,20,21.0,0.81,167.8,74.0
2939,2025-08-20,Wednesday,East,R036,Bus,22,45,Late Evening,585,7.3,14,15.0,0.62,70.2,74.0
4657,2025-08-20,Wednesday,East,R036,Shared Mobility,22,45,Late Evening,131,0.9,24,17.5,0.2,6.6,81.5
1675,2025-08-21,Thursday,North,R035,Metro,6,45,Early Morning,1251,4.1,18,2.9,0.83,200.2,69.3
5534,2025-08-21,Thursday,East,R054,Metro,7,15,Early Morning,1864,4.7,16,19.8,0.92,298.2,85.6
2623,2025-08-21,Thursday,East,R042,Metro,8,15,Morning Peak,2249,5.6,15,12.3,0.89,359.8,68.0
271,2025-08-21,Thursday,South,R068,Bus,8,30,Morning Peak,881,8.0,11,25.0,0.65,105.7,67.5
3879,2025-08-21,Thursday,Central,R048,Metro,8,45,Morning Peak,1928,8.1,4,22.8,0.91,308.5,78.7
4647,2025-08-21,Thursday,South,R061,Tram,9,0,Morning Peak,1596,7.5,11,14.1,0.75,223.4,76.3
194,2025-08-21,Thursday,North,R038,Bus,9,15,Morning Peak,1391,12.3,11,12.5,0.69,166.9,54.3
570,2025-08-21,Thursday,West,R070,Rail,9,45,Morning Peak,1057,4.4,19,23.9,0.76,190.3,95.8
3255,2025-08-21,Thursday,South,R005,Metro,10,30,Morning Peak,1191,4.6,15,11.2,0.71,190.6,71.7
1686,2025-08-21,Thursday,Central,R013,Bus,11,15,Midday,573,5.8,17,21.7,0.69,68.8,71.7
4352,2025-08-21,Thursday,South,R046,Metro,13,15,Midday,1161,5.0,11,20.0,0.93,185.8,71.7
1827,2025-08-21,Thursday,Central,R038,Rail,14,30,Midday,589,7.8,10,26.2,0.63,106.0,68.7
674,2025-08-21,Thursday,North,R041,Rail,15,0,Midday,1093,5.9,15,16.1,0.74,196.7,75.0
5219,2025-08-21,Thursday,East,R079,Bus,15,15,Midday,785,3.2,22,3.3,0.6,94.2,82.6
3830,2025-08-21,Thursday,Central,R027,Bus,16,45,Midday,1167,3.8,12,9.3,0.79,140.0,73.5
2509,2025-08-21,Thursday,Central,R020,Bus,17,45,Evening Peak,1615,8.6,15,13.9,0.8,193.8,74.7
179,2025-08-21,Thursday,Central,R077,Bus,21,30,Late Evening,828,8.3,7,17.7,0.65,99.4,74.2
851,2025-08-21,Thursday,South,R012,Metro,22,0,Late Evening,1281,3.4,17,18.9,0.78,205.0,89.1
922,2025-08-21,Thursday,South,R031,Bus,22,15,Late Evening,533,5.9,6,3.9,0.57,64.0,75.5
337,2025-08-21,Thursday,Central,R016,Tram,22,30,Late Evening,373,0.0,15,4.3,0.53,52.2,93.0
3637,2025-08-21,Thursday,North,R022,Shared Mobility,23,15,Late Evening,228,1.2,20,14.0,0.29,11.4,76.9
2044,2025-08-22,Friday,South,R075,Bus,7,15,Early Morning,1297,7.5,13,10.2,0.78,155.6,70.7
4576,2025-08-22,Friday,South,R036,Bus,9,0,Morning Peak,899,11.1,12,19.3,0.7,107.9,51.8
1294,2025-08-22,Friday,East,R077,Shared Mobility,9,30,Morning Peak,447,7.2,9,21.1,0.34,22.4,74.2
2692,2025-08-22,Friday,Central,R080,Cycling,12,45,Midday,389,2.7,13,18.8,0.59,35.0,74.6
4684,2025-08-22,Friday,East,R080,Rail,17,15,Evening Peak,1186,9.5,12,4.5,0.69,213.5,58.1
4958,2025-08-22,Friday,Central,R073,Bus,18,45,Evening Peak,1345,7.2,15,20.9,0.72,161.4,70.2
188,2025-08-22,Friday,West,R013,Bus,19,45,Evening Peak,403,5.6,10,13.3,0.73,48.4,68.1
3411,2025-08-22,Friday,West,R024,Bus,20,30,Late Evening,364,6.8,15,11.6,0.58,43.7,73.1
3617,2025-08-22,Friday,West,R008,Metro,21,15,Late Evening,908,8.2,11,19.2,0.79,145.3,55.8
4512,2025-08-22,Friday,West,R069,Metro,23,0,Late Evening,2016,0.3,19,19.1,0.91,322.6,87.1
5983,2025-08-23,Saturday,East,R011,Bus,6,30,Early Morning,477,5.3,14,22.4,0.56,57.2,72.8
4945,2025-08-23,Saturday,Central,R058,Metro,7,30,Early Morning,1433,9.2,10,8.6,0.81,229.3,70.2
3935,2025-08-23,Saturday,Central,R068,Bus,8,30,Morning Peak,667,7.3,11,5.8,0.69,80.0,81.5
3780,2025-08-23,Saturday,South,R041,Bus,10,15,Morning Peak,493,8.8,13,8.7,0.53,59.2,70.3
597,2025-08-23,Saturday,East,R079,Metro,10,45,Morning Peak,819,1.8,19,22.3,0.74,131.0,84.2
4702,2025-08-23,Saturday,North,R066,Tram,11,45,Midday,523,2.4,18,26.3,0.64,73.2,80.1
4570,2025-08-23,Saturday,West,R019,Metro,13,45,Midday,775,2.5,16,25.9,0.8,124.0,81.9
3721,2025-08-23,Saturday,North,R003,Metro,14,45,Midday,821,0.3,21,17.3,0.76,131.4,80.7
1328,2025-08-23,Saturday,West,R001,Rail,17,45,Evening Peak,1122,6.2,7,21.7,0.77,202.0,70.0
2639,2025-08-23,Saturday,North,R051,Metro,19,0,Evening Peak,758,1.3,18,13.6,0.83,121.3,88.0
820,2025-08-23,Saturday,Central,R075,Rail,20,0,Late Evening,823,7.1,8,9.0,0.74,148.1,82.9
3339,2025-08-23,Saturday,Central,R007,Rail,21,30,Late Evening,450,3.4,10,10.8,0.63,81.0,91.4
4844,2025-08-23,Saturday,East,R073,Bus,21,30,Late Evening,288,3.7,13,5.1,0.72,34.6,74.7
1653,2025-08-23,Saturday,West,R062,Cycling,22,15,Late Evening,304,4.5,14,20.1,0.41,27.4,75.7
1512,2025-08-24,Sunday,West,R053,Bus,10,0,Morning Peak,744,3.1,17,18.4,0.64,89.3,91.1
28,2025-08-24,Sunday,West,R049,Bus,10,30,Morning Peak,627,4.2,14,17.6,0.64,75.2,76.1
931,2025-08-24,Sunday,West,R078,Bus,10,45,Morning Peak,749,6.3,11,15.2,0.7,89.9,77.5
1739,2025-08-24,Sunday,Central,R025,Bus,12,15,Midday,943,2.6,17,10.7,0.71,113.2,79.6
3506,2025-08-24,Sunday,West,R077,Metro,12,15,Midday,887,0.3,20,15.6,0.73,141.9,93.7
1024,2025-08-24,Sunday,South,R057,Metro,12,30,Midday,861,3.0,18,3.3,0.71,137.8,81.9
4995,2025-08-24,Sunday,West,R062,Rail,12,45,Midday,387,3.3,18,9.4,0.67,69.7,74.9
1509,2025-08-24,Sunday,West,R072,Bus,13,0,Midday,1021,4.5,15,21.8,0.66,122.5,78.3
1781,2025-08-24,Sunday,South,R080,Bus,13,15,Midday,668,7.6,10,6.3,0.63,80.2,82.7
3747,2025-08-24,Sunday,West,R049,Rail,17,15,Evening Peak,919,11.3,4,6.2,0.73,165.4,63.4
775,2025-08-24,Sunday,Central,R003,Tram,20,0,Late Evening,426,3.4,15,23.9,0.63,59.6,85.4
2633,2025-08-24,Sunday,East,R038,Rail,21,45,Late Evening,576,6.9,12,2.7,0.66,103.7,71.8
3763,2025-08-25,Monday,South,R071,Metro,5,0,Early Morning,700,6.4,15,22.9,0.69,112.0,73.1
5195,2025-08-25,Monday,West,R004,Bus,9,15,Morning Peak,736,8.4,10,17.0,0.63,88.3,66.7
1361,2025-08-25,Monday,East,R058,Bus,9,30,Morning Peak,1062,9.7,10,24.8,0.77,127.4,80.7
4521,2025-08-25,Monday,West,R017,Rail,9,30,Morning Peak,1462,3.6,14,14.8,0.78,263.2,65.7
5273,2025-08-25,Monday,South,R044,Bus,9,45,Morning Peak,1210,9.7,12,11.2,0.71,145.2,67.9
4063,2025-08-25,Monday,North,R044,Metro,10,0,Morning Peak,1017,6.1,11,4.8,0.75,162.7,60.0
1051,2025-08-25,Monday,East,R051,Metro,10,30,Morning Peak,1260,3.6,13,16.2,0.81,201.6,85.1
5753,2025-08-25,Monday,North,R026,Metro,11,15,Midday,1486,0.0,17,24.5,0.84,237.8,81.3
2325,2025-08-25,Monday,Central,R030,Metro,12,0,Midday,1302,0.8,13,9.3,0.86,208.3,69.6
1322,2025-08-25,Monday,Central,R069,Bus,12,15,Midday,1268,5.3,11,9.9,0.73,152.2,80.6
5099,2025-08-25,Monday,South,R072,Rail,12,45,Midday,702,9.8,14,13.6,0.68,126.4,69.0
84,2025-08-25,Monday,East,R063,Bus,13,15,Midday,1537,2.6,18,8.8,0.79,184.4,84.3
4380,2025-08-25,Monday,East,R078,Bus,15,45,Midday,817,6.9,10,19.1,0.67,98.0,76.0
5345,2025-08-25,Monday,South,R057,Bus,16,0,Midday,1024,13.5,3,12.0,0.68,122.9,61.3
2350,2025-08-25,Monday,Central,R031,Bus,16,30,Midday,1391,12.3,2,2.4,0.69,166.9,65.6
1935,2025-08-25,Monday,West,R033,Tram,18,30,Evening Peak,1436,7.9,11,22.0,0.72,201.0,72.3
1628,2025-08-25,Monday,South,R052,Cycling,19,15,Evening Peak,395,6.0,18,23.2,0.41,35.6,77.3
455,2025-08-25,Monday,Central,R040,Tram,19,45,Evening Peak,477,8.9,13,3.1,0.56,66.8,70.1
5466,2025-08-25,Monday,North,R028,Bus,20,15,Late Evening,329,8.8,7,20.3,0.57,39.5,63.3
5547,2025-08-25,Monday,West,R022,Bus,20,15,Late Evening,1074,4.8,18,13.0,0.69,128.9,81.0
5350,2025-08-25,Monday,West,R058,Rail,20,30,Late Evening,733,6.3,9,18.5,0.68,131.9,63.7
4749,2025-08-25,Monday,West,R016,Bus,21,30,Late Evening,681,6.5,7,14.2,0.63,81.7,70.6
147,2025-08-25,Monday,South,R059,Bus,22,15,Late Evening,910,9.9,9,14.7,0.73,109.2,72.0
3234,2025-08-25,Monday,West,R034,Bus,22,15,Late Evening,590,7.0,6,26.5,0.56,70.8,84.1
4440,2025-08-26,Tuesday,Central,R035,Metro,7,0,Early Morning,1630,7.9,13,21.0,0.79,260.8,75.4
2630,2025-08-26,Tuesday,Central,R011,Tram,9,15,Morning Peak,1510,4.4,13,2.6,0.68,211.4,90.1
898,2025-08-26,Tuesday,Central,R045,Bus,9,45,Morning Peak,916,7.8,6,8.4,0.71,109.9,56.8
2974,2025-08-26,Tuesday,Central,R002,Cycling,11,45,Midday,343,2.2,13,16.6,0.47,30.9,88.1
1880,2025-08-26,Tuesday,Central,R006,Metro,12,15,Midday,1154,3.4,15,27.4,0.85,184.6,83.4
5029,2025-08-26,Tuesday,West,R011,Tram,15,0,Midday,695,0.6,18,2.9,0.6,97.3,83.2
2405,2025-08-26,Tuesday,West,R019,Bus,16,45,Midday,827,7.8,18,9.1,0.65,99.2,74.2
5163,2025-08-26,Tuesday,South,R016,Bus,17,45,Evening Peak,1155,6.2,13,5.8,0.72,138.6,70.2
473,2025-08-26,Tuesday,Central,R054,Rail,18,0,Evening Peak,1893,7.5,10,11.9,0.78,340.7,69.0
5259,2025-08-26,Tuesday,North,R060,Bus,18,15,Evening Peak,907,10.6,9,18.8,0.67,108.8,64.0
309,2025-08-26,Tuesday,North,R004,Bus,22,0,Late Evening,474,5.6,20,27.5,0.59,56.9,75.8
5997,2025-08-26,Tuesday,North,R055,Cycling,22,0,Late Evening,261,2.2,16,9.7,0.56,23.5,79.8
4666,2025-08-27,Wednesday,Central,R033,Bus,5,45,Early Morning,677,3.9,14,17.0,0.64,81.2,78.6
2370,2025-08-27,Wednesday,North,R068,Metro,7,15,Early Morning,2026,4.7,14,15.7,0.96,324.2,71.1
5456,2025-08-27,Wednesday,Central,R034,Bus,9,45,Morning Peak,756,8.6,8,3.8,0.71,90.7,70.3
4948,2025-08-27,Wednesday,Central,R060,Cycling,10,0,Morning Peak,627,0.4,18,9.4,0.44,56.4,82.3
1398,2025-08-27,Wednesday,South,R071,Metro,10,45,Morning Peak,705,1.9,18,10.5,0.68,112.8,92.4
5407,2025-08-27,Wednesday,Central,R009,Metro,11,30,Midday,1157,6.1,11,5.6,0.68,185.1,75.3
865,2025-08-27,Wednesday,West,R035,Metro,12,0,Midday,1504,4.7,13,21.9,0.8,240.6,70.4
900,2025-08-27,Wednesday,Central,R071,Tram,12,15,Midday,679,6.2,13,8.0,0.56,95.1,70.7
1260,2025-08-27,Wednesday,North,R048,Bus,12,30,Midday,1082,3.0,7,13.3,0.63,129.8,77.7
2166,2025-08-27,Wednesday,South,R041,Rail,12,30,Midday,584,6.8,11,13.1,0.7,105.1,83.4
4768,2025-08-27,Wednesday,South,R056,Bus,12,30,Midday,606,9.6,8,10.3,0.62,72.7,58.9
4959,2025-08-27,Wednesday,North,R076,Rail,12,30,Midday,784,7.7,14,3.4,0.58,141.1,78.1
727,2025-08-27,Wednesday,Central,R074,Cycling,12,45,Midday,313,1.8,14,26.6,0.52,28.2,78.3
3306,2025-08-27,Wednesday,West,R037,Bus,12,45,Midday,1457,8.6,13,7.7,0.77,174.8,78.7
5437,2025-08-27,Wednesday,Central,R060,Metro,13,0,Midday,1539,3.0,15,24.0,0.81,246.2,87.8
5659,2025-08-27,Wednesday,South,R053,Cycling,13,15,Midday,301,0.0,15,2.7,0.41,27.1,92.8
1513,2025-08-27,Wednesday,Central,R078,Bus,14,0,Midday,760,5.0,15,25.5,0.63,91.2,65.2
4550,2025-08-27,Wednesday,East,R053,Tram,14,30,Midday,839,2.5,18,23.0,0.6,117.5,79.2
4138,2025-08-27,Wednesday,West,R055,Bus,16,15,Midday,1483,8.1,10,3.5,0.75,178.0,71.3
5584,2025-08-27,Wednesday,North,R036,Tram,17,45,Evening Peak,747,8.7,7,22.0,0.61,104.6,67.0
600,2025-08-27,Wednesday,North,R002,Rail,19,0,Evening Peak,560,3.1,12,4.7,0.65,100.8,80.0
448,2025-08-27,Wednesday,East,R011,Cycling,21,0,Late Evening,220,0.0,18,14.4,0.47,19.8,98.0
3525,2025-08-27,Wednesday,North,R075,Bus,22,0,Late Evening,517,3.3,13,15.0,0.75,62.0,76.1
4601,2025-08-27,Wednesday,North,R020,Bus,22,45,Late Evening,524,10.1,2,4.7,0.51,62.9,67.7
3939,2025-08-28,Thursday,South,R033,Metro,8,0,Morning Peak,1777,5.6,14,23.4,0.77,284.3,69.6
2778,2025-08-28,Thursday,East,R028,Bus,9,0,Morning Peak,1361,9.8,9,26.9,0.76,163.3,67.6
5356,2025-08-28,Thursday,South,R059,Tram,10,15,Morning Peak,474,1.2,19,10.7,0.54,66.4,83.3
1944,2025-08-28,Thursday,West,R049,Bus,10,30,Morning Peak,810,6.3,13,9.4,0.69,97.2,93.8
5935,2025-08-28,Thursday,West,R042,Metro,11,45,Midday,1198,0.3,20,19.4,0.82,191.7,89.5
4240,2025-08-28,Thursday,East,R048,Cycling,12,30,Midday,433,2.4,17,1.9,0.44,39.0,97.4
707,2025-08-28,Thursday,West,R008,Metro,16,45,Midday,1934,4.0,17,8.9,1.01,309.4,85.6
3284,2025-08-28,Thursday,East,R065,Rail,19,30,Evening Peak,726,1.6,17,16.0,0.71,130.7,86.5
5927,2025-08-28,Thursday,Central,R032,Bus,20,15,Late Evening,829,7.6,8,23.0,0.7,99.5,75.4
822,2025-08-28,Thursday,South,R010,Metro,20,45,Late Evening,974,1.6,15,19.9,0.71,155.8,90.7
232,2025-08-28,Thursday,East,R015,Rail,22,0,Late Evening,696,3.7,16,18.1,0.72,125.3,77.1
5576,2025-08-29,Friday,South,R077,Bus,5,15,Early Morning,509,6.2,12,3.9,0.59,61.1,66.4
2256,2025-08-29,Friday,East,R067,Tram,7,15,Early Morning,612,8.2,12,4.6,0.64,85.7,67.8
3230,2025-08-29,Friday,West,R068,Cycling,9,30,Morning Peak,722,3.9,15,5.3,0.6,65.0,73.6
1559,2025-08-29,Friday,South,R041,Bus,9,45,Morning Peak,952,8.6,9,27.5,0.63,114.2,75.4
4179,2025-08-29,Friday,North,R002,Tram,10,15,Morning Peak,738,5.4,16,27.2,0.68,103.3,88.6
4158,2025-08-29,Friday,East,R011,Bus,11,0,Midday,1139,7.7,18,16.1,0.6,136.7,70.1
2188,2025-08-29,Friday,Central,R070,Metro,14,0,Midday,667,3.9,19,14.4,0.83,106.7,78.2
5413,2025-08-29,Friday,East,R063,Tram,16,30,Midday,977,5.1,13,4.6,0.57,136.8,80.5
4028,2025-08-29,Friday,West,R024,Tram,19,0,Evening Peak,428,1.3,17,10.3,0.55,59.9,90.0
1571,2025-08-29,Friday,East,R050,Bus,19,45,Evening Peak,856,6.7,13,13.5,0.62,102.7,72.2
142,2025-08-29,Friday,South,R063,Tram,20,15,Late Evening,338,4.4,20,5.0,0.59,47.3,73.8
3680,2025-08-29,Friday,East,R033,Bus,20,45,Late Evening,588,8.5,6,22.8,0.63,70.6,69.0
3907,2025-08-29,Friday,Central,R034,Rail,21,15,Late Evening,586,5.9,14,24.1,0.65,105.5,68.6
4623,2025-08-29,Friday,Central,R031,Cycling,21,15,Late Evening,551,2.2,14,26.2,0.4,49.6,86.4
4905,2025-08-30,Saturday,South,R022,Metro,8,30,Morning Peak,1446,8.9,7,24.9,0.78,231.4,76.1
3990,2025-08-30,Saturday,North,R063,Rail,9,15,Morning Peak,1070,10.8,10,22.9,0.65,192.6,67.9
523,2025-08-30,Saturday,North,R071,Bus,9,30,Morning Peak,972,10.5,9,11.2,0.77,116.6,60.1
4491,2025-08-30,Saturday,North,R007,Rail,9,45,Morning Peak,900,9.7,12,15.6,0.66,162.0,62.8
1696,2025-08-30,Saturday,North,R020,Tram,10,0,Morning Peak,399,2.7,17,25.3,0.44,55.9,71.5
2487,2025-08-30,Saturday,Central,R011,Metro,10,0,Morning Peak,900,0.7,16,7.1,0.73,144.0,89.3
2024,2025-08-30,Saturday,West,R032,Metro,10,15,Morning Peak,1200,2.6,16,4.7,0.75,192.0,83.9
52,2025-08-30,Saturday,West,R058,Tram,11,15,Midday,486,2.9,14,24.9,0.62,68.0,71.7
5428,2025-08-30,Saturday,North,R045,Bus,11,15,Midday,495,4.6,13,20.2,0.73,59.4,73.8
642,2025-08-30,Saturday,South,R034,Bus,11,45,Midday,893,6.1,11,16.3,0.67,107.2,77.5
2526,2025-08-30,Saturday,East,R057,Rail,11,45,Midday,884,2.9,19,13.1,0.67,159.1,69.2
718,2025-08-30,Saturday,North,R073,Metro,13,30,Midday,844,0.4,14,5.6,0.67,135.0,75.1
1822,2025-08-30,Saturday,South,R050,Bus,15,30,Midday,466,2.9,15,19.7,0.6,55.9,78.4
4500,2025-08-30,Saturday,North,R010,Rail,17,15,Evening Peak,924,7.3,10,10.8,0.73,166.3,80.7
5756,2025-08-30,Saturday,Central,R032,Metro,18,0,Evening Peak,1199,4.4,12,15.5,0.73,191.8,87.1
2228,2025-08-30,Saturday,West,R058,Rail,19,15,Evening Peak,420,9.3,12,13.2,0.56,75.6,51.7
3519,2025-08-30,Saturday,Central,R020,Metro,21,30,Late Evening,576,2.4,15,21.2,0.78,92.2,92.9
3905,2025-08-30,Saturday,North,R067,Bus,21,45,Late Evening,359,9.0,9,1.8,0.6,43.1,68.6
5336,2025-08-30,Saturday,Central,R014,Cycling,22,45,Late Evening,125,0.0,13,22.1,0.44,11.2,98.0
4086,2025-08-30,Saturday,South,R076,Bus,23,30,Late Evening,348,8.4,7,18.8,0.5,41.8,58.6
5577,2025-08-31,Sunday,North,R032,Rail,9,15,Morning Peak,1084,9.3,8,2.9,0.77,195.1,70.0
2929,2025-08-31,Sunday,West,R074,Bus,9,30,Morning Peak,809,6.8,14,22.1,0.68,97.1,64.8
5910,2025-08-31,Sunday,South,R071,Metro,10,30,Morning Peak,948,3.4,10,18.7,0.82,151.7,74.3
959,2025-08-31,Sunday,West,R028,Cycling,12,30,Midday,361,0.6,16,11.2,0.3,32.5,67.8
1116,2025-08-31,Sunday,Central,R030,Metro,12,45,Midday,1508,4.0,11,4.9,0.75,241.3,75.8
156,2025-08-31,Sunday,South,R073,Metro,13,0,Midday,886,0.6,15,6.6,0.83,141.8,81.5
3311,2025-08-31,Sunday,East,R050,Shared Mobility,16,0,Midday,352,6.3,6,2.2,0.44,17.6,70.1
1900,2025-08-31,Sunday,South,R001,Metro,19,45,Evening Peak,934,0.7,14,21.8,0.81,149.4,84.2
1876,2025-08-31,Sunday,Central,R036,Tram,22,0,Late Evening,385,0.8,16,10.2,0.58,53.9,81.1
1929,2025-08-31,Sunday,Central,R046,Bus,22,0,Late Evening,1131,7.1,10,17.2,0.66,135.7,69.6
1553,2025-08-31,Sunday,North,R056,Bus,22,30,Late Evening,809,7.2,12,1.9,0.66,97.1,73.7
5824,2025-08-31,Sunday,West,R033,Rail,22,30,Late Evening,451,5.9,10,16.0,0.68,81.2,58.9
2702,2025-08-31,Sunday,Central,R048,Shared Mobility,23,45,Late Evening,144,1.2,17,27.2,0.37,7.2,78.1
1401,2025-09-01,Monday,South,R002,Bus,8,30,Morning Peak,976,6.4,10,2.7,0.62,117.1,65.6
5239,2025-09-01,Monday,North,R033,Metro,9,45,Morning Peak,2308,2.6,13,23.2,0.98,369.3,90.2
4392,2025-09-01,Monday,Central,R032,Shared Mobility,12,15,Midday,368,3.4,16,27.2,0.44,18.4,78.0
2368,2025-09-01,Monday,South,R020,Bus,14,45,Midday,808,5.9,7,23.9,0.68,97.0,66.4
1177,2025-09-01,Monday,North,R046,Metro,19,45,Evening Peak,760,1.0,18,6.2,0.85,121.6,88.9
3838,2025-09-01,Monday,West,R050,Rail,19,45,Evening Peak,522,4.2,14,25.0,0.79,94.0,87.9
40,2025-09-01,Monday,East,R004,Metro,20,0,Late Evening,1489,3.0,13,15.8,0.89,238.2,82.0
4736,2025-09-02,Tuesday,South,R068,Shared Mobility,5,45,Early Morning,179,1.8,17,25.7,0.53,9.0,84.7
4205,2025-09-02,Tuesday,East,R028,Shared Mobility,6,0,Early Morning,293,2.1,19,16.5,0.46,14.6,87.6
4408,2025-09-02,Tuesday,West,R058,Tram,7,0,Early Morning,997,4.5,14,12.1,0.73,139.6,61.1
5851,2025-09-02,Tuesday,South,R069,Metro,9,45,Morning Peak,1759,3.9,10,22.3,0.84,281.4,67.9
1508,2025-09-02,Tuesday,West,R035,Cycling,11,0,Midday,243,0.7,20,15.7,0.4,21.9,84.0
2090,2025-09-02,Tuesday,West,R047,Shared Mobility,13,15,Midday,282,6.4,13,9.8,0.45,14.1,70.4
4604,2025-09-02,Tuesday,North,R076,Rail,16,30,Midday,1183,7.6,9,15.0,0.77,212.9,76.5
5414,2025-09-02,Tuesday,South,R028,Metro,16,30,Midday,3322,5.7,12,9.4,0.99,531.5,69.6
2802,2025-09-02,Tuesday,Central,R072,Bus,17,15,Evening Peak,1383,11.0,11,20.4,0.73,166.0,66.5
2015,2025-09-02,Tuesday,Central,R073,Shared Mobility,17,30,Evening Peak,593,2.8,20,15.1,0.51,29.6,71.8
5702,2025-09-02,Tuesday,North,R056,Rail,19,0,Evening Peak,758,5.3,12,7.1,0.78,136.4,92.1
3249,2025-09-02,Tuesday,North,R061,Metro,19,15,Evening Peak,1367,7.6,8,6.3,0.92,218.7,66.8
3975,2025-09-02,Tuesday,East,R071,Metro,20,30,Late Evening,967,3.5,21,27.0,0.79,154.7,75.4
3417,2025-09-02,Tuesday,South,R018,Metro,22,0,Late Evening,1108,1.0,17,26.3,0.8,177.3,86.6
5590,2025-09-03,Wednesday,South,R057,Bus,7,45,Early Morning,1209,9.6,6,18.1,0.75,145.1,85.2
5751,2025-09-03,Wednesday,South,R014,Tram,8,15,Morning Peak,1271,4.0,12,14.6,0.79,177.9,76.2
4877,2025-09-03,Wednesday,North,R045,Metro,9,0,Morning Peak,1061,9.2,7,24.6,0.7,169.8,66.1
5306,2025-09-03,Wednesday,Central,R025,Bus,9,30,Morning Peak,793,8.1,11,5.4,0.7,95.2,65.1
2996,2025-09-03,Wednesday,West,R019,Bus,9,45,Morning Peak,775,6.8,15,16.5,0.63,93.0,64.9
4583,2025-09-03,Wednesday,Central,R011,Bus,9,45,Morning Peak,1170,9.0,2,27.3,0.71,140.4,70.0
2478,2025-09-03,Wednesday,West,R012,Cycling,10,45,Morning Peak,365,0.8,15,16.9,0.5,32.8,78.6
5470,2025-09-03,Wednesday,North,R040,Metro,11,45,Midday,2068,1.5,25,8.2,0.83,330.9,78.9
4566,2025-09-03,Wednesday,South,R024,Metro,13,0,Midday,1254,1.8,17,13.6,0.76,200.6,91.3
1326,2025-09-03,Wednesday,Central,R055,Rail,15,0,Midday,1557,5.2,13,23.6,0.74,280.3,70.1
1931,2025-09-03,Wednesday,Central,R040,Bus,17,45,Evening Peak,1659,10.9,5,3.1,0.83,199.1,53.9
3492,2025-09-03,Wednesday,East,R076,Rail,18,45,Evening Peak,1057,10.2,9,11.1,0.78,190.3,64.4
371,2025-09-03,Wednesday,South,R011,Bus,19,45,Evening Peak,540,9.0,6,26.9,0.64,64.8,70.0
486,2025-09-03,Wednesday,Central,R061,Rail,20,0,Late Evening,778,6.4,10,2.5,0.71,140.0,69.6
5100,2025-09-03,Wednesday,South,R073,Bus,21,0,Late Evening,726,5.2,14,13.8,0.6,87.1,77.2
3494,2025-09-03,Wednesday,North,R079,Metro,21,15,Late Evening,1133,5.3,12,4.0,0.86,181.3,71.8
5156,2025-09-03,Wednesday,North,R012,Tram,21,30,Late Evening,511,3.3,17,23.1,0.68,71.5,82.9
1392,2025-09-03,Wednesday,South,R050,Cycling,22,45,Late Evening,220,4.9,13,22.6,0.33,19.8,77.2
4599,2025-09-03,Wednesday,West,R048,Bus,23,0,Late Evening,770,5.9,11,13.3,0.75,92.4,69.3
4230,2025-09-04,Thursday,Central,R079,Bus,6,15,Early Morning,684,4.4,18,14.2,0.59,82.1,82.0
2532,2025-09-04,Thursday,Central,R019,Bus,7,45,Early Morning,1965,8.4,9,11.0,0.73,235.8,74.9
1254,2025-09-04,Thursday,North,R052,Bus,8,0,Morning Peak,1459,8.4,9,6.2,0.74,175.1,66.2
4020,2025-09-04,Thursday,Central,R003,Bus,9,45,Morning Peak,849,6.5,12,27.1,0.7,101.9,73.1
3014,2025-09-04,Thursday,North,R030,Bus,10,0,Morning Peak,1084,7.7,8,10.4,0.69,130.1,62.5
462,2025-09-04,Thursday,Central,R057,Metro,10,30,Morning Peak,2248,3.5,17,4.8,0.84,359.7,79.3
4558,2025-09-04,Thursday,East,R009,Bus,11,0,Midday,949,4.0,17,25.8,0.7,113.9,74.3
5036,2025-09-04,Thursday,East,R064,Tram,11,45,Midday,650,2.0,14,11.9,0.55,91.0,85.0
5374,2025-09-04,Thursday,Central,R050,Cycling,11,45,Midday,402,2.2,17,11.7,0.5,36.2,79.9
958,2025-09-04,Thursday,North,R025,Bus,12,0,Midday,740,3.9,12,12.2,0.7,88.8,89.7
3073,2025-09-04,Thursday,Central,R003,Bus,12,0,Midday,670,4.7,15,8.6,0.64,80.4,74.3
501,2025-09-04,Thursday,West,R051,Bus,12,15,Midday,682,6.4,8,8.3,0.65,81.8,72.9
4581,2025-09-04,Thursday,East,R001,Bus,12,45,Midday,1076,3.1,11,11.8,0.75,129.1,79.8
221,2025-09-04,Thursday,East,R074,Tram,13,0,Midday,565,8.3,12,14.0,0.61,79.1,70.2
803,2025-09-04,Thursday,East,R049,Bus,13,15,Midday,927,8.4,10,15.8,0.69,111.2,57.3
3977,2025-09-04,Thursday,Central,R016,Cycling,14,45,Midday,625,0.0,17,26.0,0.46,56.2,92.8
5872,2025-09-04,Thursday,North,R075,Bus,15,15,Midday,957,7.5,13,9.6,0.75,114.8,69.2
1498,2025-09-04,Thursday,Central,R019,Bus,17,45,Evening Peak,1140,12.5,4,15.9,0.72,136.8,69.2
5253,2025-09-04,Thursday,South,R034,Bus,18,0,Evening Peak,1199,10.9,7,8.7,0.8,143.9,60.8
5522,2025-09-04,Thursday,South,R046,Bus,20,0,Late Evening,595,5.3,14,22.2,0.63,71.4,67.9
5105,2025-09-04,Thursday,East,R040,Bus,20,30,Late Evening,595,5.2,9,9.3,0.62,71.4,72.7
375,2025-09-04,Thursday,West,R060,Metro,23,15,Late Evening,1107,3.6,10,7.3,0.84,177.1,73.0
3912,2025-09-05,Friday,West,R046,Bus,8,0,Morning Peak,1451,11.4,8,21.3,0.73,174.1,62.2
4019,2025-09-05,Friday,Central,R030,Metro,10,45,Morning Peak,1675,12.2,3,8.7,0.83,268.0,56.3
2867,2025-09-05,Friday,West,R025,Bus,12,15,Midday,524,7.8,11,12.1,0.56,62.9,75.1
4365,2025-09-05,Friday,North,R015,Rail,13,30,Midday,882,6.0,11,13.5,0.61,158.8,76.3
4295,2025-09-05,Friday,South,R069,Shared Mobility,15,15,Midday,529,0.0,16,23.7,0.46,26.4,84.0
4399,2025-09-05,Friday,South,R030,Shared Mobility,15,15,Midday,318,4.3,17,18.8,0.4,15.9,75.5
2333,2025-09-05,Friday,Central,R013,Metro,17,15,Evening Peak,1828,3.2,19,9.5,0.94,292.5,87.9
3041,2025-09-05,Friday,South,R072,Tram,18,45,Evening Peak,832,9.9,7,8.4,0.54,116.5,70.9
3672,2025-09-05,Friday,Central,R043,Bus,19,15,Evening Peak,512,0.5,18,16.3,0.65,61.4,88.6
2951,2025-09-05,Friday,Central,R050,Cycling,20,45,Late Evening,472,0.0,14,26.8,0.52,42.5,83.9
5548,2025-09-05,Friday,Central,R029,Metro,20,45,Late Evening,654,3.7,17,3.4,0.69,104.6,76.3
3066,2025-09-05,Friday,South,R036,Rail,22,0,Late Evening,549,6.3,18,21.1,0.66,98.8,79.2
4109,2025-09-05,Friday,North,R026,Metro,23,30,Late Evening,847,5.6,9,5.8,0.72,135.5,78.6
5067,2025-09-06,Saturday,South,R049,Rail,7,0,Early Morning,1297,7.3,2,9.0,0.7,233.5,80.4
539,2025-09-06,Saturday,East,R028,Tram,9,15,Morning Peak,421,10.1,13,2.6,0.52,58.9,70.2
861,2025-09-06,Saturday,West,R005,Bus,9,30,Morning Peak,818,10.0,8,10.4,0.67,98.2,75.5
1656,2025-09-06,Saturday,Central,R052,Bus,9,45,Morning Peak,1148,10.3,2,19.7,0.77,137.8,79.6
1259,2025-09-06,Saturday,West,R046,Metro,11,30,Midday,1216,6.4,10,27.1,0.74,194.6,82.1
3470,2025-09-06,Saturday,Central,R054,Rail,11,45,Midday,771,5.9,11,2.5,0.63,138.8,68.9
5384,2025-09-06,Saturday,North,R071,Metro,11,45,Midday,1578,5.6,9,21.5,0.79,252.5,73.3
4120,2025-09-06,Saturday,Central,R004,Bus,12,15,Midday,727,7.5,7,21.7,0.64,87.2,77.1
2355,2025-09-06,Saturday,West,R067,Metro,12,30,Midday,1290,3.8,15,8.9,0.79,206.4,89.3
3518,2025-09-06,Saturday,East,R076,Rail,14,15,Midday,757,4.6,16,10.5,0.76,136.3,73.2
5431,2025-09-06,Saturday,East,R019,Bus,21,15,Late Evening,570,6.1,13,4.3,0.58,68.4,77.7
799,2025-09-06,Saturday,North,R047,Bus,21,30,Late Evening,369,6.6,8,15.2,0.65,44.3,75.7
824,2025-09-06,Saturday,North,R026,Bus,22,0,Late Evening,522,10.4,11,4.6,0.64,62.6,68.7
1921,2025-09-07,Sunday,West,R053,Metro,5,0,Early Morning,902,4.8,11,16.7,0.8,144.3,58.8
3472,2025-09-07,Sunday,South,R053,Shared Mobility,7,30,Early Morning,362,7.0,11,22.3,0.41,18.1,69.5
3288,2025-09-07,Sunday,West,R051,Shared Mobility,10,30,Morning Peak,223,0.9,21,7.7,0.41,11.2,75.5
768,2025-09-07,Sunday,Central,R016,Rail,11,15,Midday,748,7.5,13,24.7,0.61,134.6,84.4
5129,2025-09-07,Sunday,North,R006,Bus,11,15,Midday,748,8.5,7,25.4,0.7,89.8,68.5
2858,2025-09-07,Sunday,East,R041,Bus,12,15,Midday,1080,7.3,15,6.4,0.76,129.6,88.0
3451,2025-09-07,Sunday,Central,R046,Bus,12,30,Midday,1475,7.5,10,9.9,0.76,177.0,75.5
3511,2025-09-07,Sunday,South,R013,Metro,12,45,Midday,874,2.9,19,20.2,0.83,139.8,87.3
1459,2025-09-07,Sunday,East,R070,Bus,14,0,Midday,676,5.9,13,16.3,0.67,81.1,75.5
1396,2025-09-07,Sunday,Central,R042,Bus,18,0,Evening Peak,989,9.4,10,14.4,0.81,118.7,59.3
5277,2025-09-07,Sunday,South,R032,Tram,18,45,Evening Peak,943,9.5,8,9.5,0.57,132.0,64.2
4714,2025-09-07,Sunday,North,R002,Bus,19,0,Evening Peak,399,6.7,13,25.1,0.68,47.9,95.7
492,2025-09-07,Sunday,North,R008,Tram,20,45,Late Evening,461,6.8,5,11.1,0.44,64.5,72.5
5317,2025-09-07,Sunday,South,R021,Bus,21,0,Late Evening,351,4.7,17,25.5,0.62,42.1,72.6
484,2025-09-07,Sunday,Central,R016,Bus,23,15,Late Evening,414,5.7,11,20.4,0.49,49.7,70.6
2768,2025-09-08,Monday,West,R013,Metro,7,45,Early Morning,1773,3.7,13,15.7,0.77,283.7,75.5
5524,2025-09-08,Monday,North,R031,Bus,8,30,Morning Peak,2211,8.3,9,18.8,0.77,265.3,87.2
1713,2025-09-08,Monday,North,R053,Shared Mobility,9,15,Morning Peak,354,1.2,15,20.4,0.48,17.7,92.2
3098,2025-09-08,Monday,East,R017,Tram,9,30,Morning Peak,1578,8.7,3,3.7,0.82,220.9,72.3
5533,2025-09-08,Monday,West,R008,Bus,10,45,Morning Peak,538,8.2,13,20.0,0.66,64.6,64.5
2026,2025-09-08,Monday,South,R042,Bus,11,15,Midday,621,8.0,10,14.8,0.61,74.5,73.4
3130,2025-09-08,Monday,East,R020,Rail,12,45,Midday,1004,6.4,13,18.0,0.66,180.7,78.1
4628,2025-09-08,Monday,North,R022,Metro,14,30,Midday,1485,2.9,18,24.9,0.85,237.6,71.8
1606,2025-09-08,Monday,South,R071,Cycling,15,15,Midday,322,0.0,16,6.2,0.38,29.0,89.8
1187,2025-09-08,Monday,North,R026,Bus,15,30,Midday,544,4.5,13,7.4,0.6,65.3,74.1
2769,2025-09-08,Monday,Central,R004,Bus,15,45,Midday,1251,4.8,11,4.9,0.69,150.1,77.0
4982,2025-09-08,Monday,East,R038,Rail,15,45,Midday,920,5.0,6,14.8,0.7,165.6,77.5
719,2025-09-08,Monday,East,R055,Bus,18,30,Evening Peak,1439,9.8,9,4.2,0.78,172.7,59.0
1497,2025-09-08,Monday,North,R075,Metro,19,15,Evening Peak,1588,4.6,18,21.9,0.96,254.1,76.6
777,2025-09-08,Monday,South,R060,Cycling,19,30,Evening Peak,243,2.9,15,12.5,0.48,21.9,72.2
5859,2025-09-08,Monday,North,R029,Shared Mobility,20,0,Late Evening,271,4.3,13,19.5,0.49,13.6,86.1
2004,2025-09-08,Monday,East,R005,Metro,21,30,Late Evening,844,3.8,10,6.1,0.78,135.0,72.8
1859,2025-09-08,Monday,West,R060,Rail,21,45,Late Evening,962,8.6,9,21.6,0.76,173.2,67.8
4197,2025-09-08,Monday,South,R056,Bus,22,0,Late Evening,465,5.3,18,10.6,0.6,55.8,88.2
2505,2025-09-09,Tuesday,North,R043,Metro,8,30,Morning Peak,2360,6.0,11,14.5,0.88,377.6,85.4
5257,2025-09-09,Tuesday,North,R054,Tram,8,45,Morning Peak,1299,8.0,7,12.4,0.55,181.9,74.2
259,2025-09-09,Tuesday,Central,R011,Bus,9,30,Morning Peak,1335,12.0,7,23.8,0.79,160.2,62.8
242,2025-09-09,Tuesday,Central,R015,Bus,10,45,Morning Peak,871,7.0,19,25.2,0.62,104.5,63.0
89,2025-09-09,Tuesday,South,R016,Cycling,12,15,Midday,296,0.0,12,4.1,0.44,26.6,86.0
2448,2025-09-09,Tuesday,Central,R034,Bus,12,30,Midday,1114,3.7,7,22.0,0.65,133.7,85.8
667,2025-09-09,Tuesday,West,R030,Bus,13,15,Midday,785,6.5,10,12.9,0.65,94.2,82.2
3779,2025-09-09,Tuesday,Central,R007,Metro,17,30,Evening Peak,1448,5.8,15,7.9,0.8,231.7,74.5
629,2025-09-09,Tuesday,East,R048,Bus,19,45,Evening Peak,732,11.4,7,6.7,0.65,87.8,60.4
3091,2025-09-09,Tuesday,South,R077,Tram,20,45,Late Evening,519,0.8,20,21.0,0.6,72.7,87.6
4004,2025-09-09,Tuesday,East,R052,Bus,20,45,Late Evening,414,3.4,14,23.6,0.65,49.7,84.0
79,2025-09-09,Tuesday,North,R059,Rail,21,0,Late Evening,939,2.8,21,8.3,0.71,169.0,63.9
3466,2025-09-09,Tuesday,North,R042,Bus,21,30,Late Evening,412,3.9,14,18.2,0.61,49.4,82.6
3951,2025-09-09,Tuesday,West,R080,Shared Mobility,22,15,Late Evening,262,1.2,12,11.2,0.33,13.1,62.4
789,2025-09-09,Tuesday,Central,R020,Bus,22,45,Late Evening,543,7.2,10,7.2,0.71,65.2,78.5
4465,2025-09-09,Tuesday,North,R037,Rail,23,15,Late Evening,880,5.4,14,19.2,0.73,158.4,70.4
710,2025-09-10,Wednesday,Central,R010,Rail,5,0,Early Morning,839,6.8,12,25.5,0.72,151.0,69.1
4629,2025-09-10,Wednesday,Central,R006,Metro,6,45,Early Morning,1323,2.7,14,23.6,0.69,211.7,74.1
604,2025-09-10,Wednesday,North,R075,Metro,8,45,Morning Peak,2182,5.7,11,3.1,0.86,349.1,93.0
348,2025-09-10,Wednesday,Central,R071,Tram,10,0,Morning Peak,563,2.1,13,24.7,0.57,78.8,87.6
4831,2025-09-10,Wednesday,North,R022,Bus,11,15,Midday,1150,1.9,14,25.4,0.79,138.0,64.9
5605,2025-09-10,Wednesday,Central,R078,Rail,11,45,Midday,1232,3.5,9,15.1,0.75,221.8,94.9
879,2025-09-10,Wednesday,North,R059,Metro,12,0,Midday,1597,1.6,13,22.9,0.84,255.5,97.7
522,2025-09-10,Wednesday,South,R034,Metro,13,0,Midday,1410,3.6,16,1.7,0.79,225.6,84.3
27,2025-09-10,Wednesday,Central,R037,Bus,13,45,Midday,878,3.7,11,8.1,0.67,105.4,85.9
2395,2025-09-10,Wednesday,West,R039,Metro,16,15,Midday,3106,4.7,16,12.4,1.06,497.0,71.2
2438,2025-09-10,Wednesday,North,R030,Metro,16,30,Midday,2109,4.4,15,22.7,0.94,337.4,79.3
5315,2025-09-10,Wednesday,West,R036,Bus,19,30,Evening Peak,591,3.0,14,24.3,0.57,70.9,81.0
4166,2025-09-11,Thursday,Central,R021,Bus,9,30,Morning Peak,707,12.6,2,8.2,0.59,84.8,58.3
1124,2025-09-11,Thursday,East,R027,Bus,10,0,Morning Peak,1423,4.9,17,15.3,0.81,170.8,68.9
2738,2025-09-11,Thursday,West,R013,Tram,10,15,Morning Peak,751,5.6,18,5.1,0.68,105.1,65.4
4115,2025-09-11,Thursday,North,R042,Metro,11,0,Midday,1735,5.0,19,23.0,0.8,277.6,79.3
266,2025-09-11,Thursday,West,R028,Metro,11,45,Midday,1695,3.2,11,7.1,0.91,271.2,69.1
2952,2025-09-11,Thursday,West,R061,Cycling,12,0,Midday,382,2.6,16,4.4,0.52,34.4,81.8
2427,2025-09-11,Thursday,South,R027,Bus,14,15,Midday,939,11.8,9,15.9,0.79,112.7,57.3
5127,2025-09-11,Thursday,East,R036,Rail,17,30,Evening Peak,769,7.0,12,4.2,0.64,138.4,82.3
2245,2025-09-11,Thursday,West,R004,Tram,18,15,Evening Peak,942,7.1,14,23.3,0.68,131.9,70.7
5601,2025-09-11,Thursday,North,R012,Bus,19,15,Evening Peak,836,7.9,12,8.2,0.72,100.3,78.3
480,2025-09-11,Thursday,North,R044,Tram,19,30,Evening Peak,530,2.2,13,16.8,0.67,74.2,89.2
1087,2025-09-11,Thursday,North,R038,Bus,21,30,Late Evening,594,2.5,18,26.3,0.61,71.3,72.4
286,2025-09-11,Thursday,East,R014,Metro,21,45,Late Evening,880,2.6,16,13.2,0.78,140.8,93.1
2796,2025-09-11,Thursday,East,R047,Cycling,23,45,Late Evening,350,0.0,19,21.8,0.34,31.5,73.4
4000,2025-09-12,Friday,Central,R047,Bus,9,45,Morning Peak,1842,9.7,5,19.0,0.8,221.0,65.9
1256,2025-09-12,Friday,North,R042,Bus,10,0,Morning Peak,622,9.8,7,22.4,0.67,74.6,69.5
4165,2025-09-12,Friday,Central,R032,Rail,11,0,Midday,856,6.5,11,6.9,0.75,154.1,84.0
226,2025-09-12,Friday,Central,R039,Rail,12,0,Midday,1206,7.6,15,17.8,0.82,217.1,59.8
780,2025-09-12,Friday,West,R071,Bus,12,0,Midday,902,3.4,18,25.9,0.64,108.2,84.0
3170,2025-09-12,Friday,South,R014,Tram,14,0,Midday,616,3.7,15,2.1,0.57,86.2,79.3
131,2025-09-12,Friday,South,R062,Cycling,17,15,Evening Peak,549,1.5,13,8.1,0.5,49.4,93.0
2587,2025-09-12,Friday,Central,R045,Bus,19,15,Evening Peak,514,3.6,16,8.8,0.77,61.7,77.9
5120,2025-09-12,Friday,East,R064,Bus,20,0,Late Evening,595,10.0,10,18.2,0.67,71.4,70.7
4808,2025-09-12,Friday,South,R066,Cycling,20,30,Late Evening,435,1.6,11,17.9,0.57,39.2,73.9
3160,2025-09-12,Friday,North,R054,Metro,21,45,Late Evening,1227,4.7,17,27.5,0.7,196.3,70.3
5846,2025-09-13,Saturday,North,R028,Bus,8,30,Morning Peak,959,11.3,6,5.3,0.57,115.1,58.8
1300,2025-09-13,Saturday,North,R022,Bus,9,45,Morning Peak,758,4.8,11,4.1,0.73,91.0,70.6
712,2025-09-13,Saturday,North,R015,Shared Mobility,11,0,Midday,401,2.1,26,6.3,0.44,20.0,81.9
350,2025-09-13,Saturday,East,R079,Bus,13,30,Midday,436,3.4,18,9.7,0.58,52.3,78.3
3745,2025-09-13,Saturday,Central,R027,Metro,13,30,Midday,1870,5.5,12,13.3,0.83,299.2,82.8
2636,2025-09-13,Saturday,North,R053,Bus,14,15,Midday,513,6.4,15,14.5,0.55,61.6,75.9
4704,2025-09-13,Saturday,South,R062,Shared Mobility,16,15,Midday,505,4.9,13,26.8,0.48,25.2,67.7
2391,2025-09-13,Saturday,Central,R001,Bus,18,0,Evening Peak,623,8.9,6,12.0,0.66,74.8,72.6
5113,2025-09-13,Saturday,North,R026,Bus,18,30,Evening Peak,1917,5.7,14,9.9,0.88,230.0,70.7
2575,2025-09-13,Saturday,South,R002,Bus,19,0,Evening Peak,276,3.3,20,21.3,0.57,33.1,84.8
5543,2025-09-13,Saturday,Central,R005,Metro,19,0,Evening Peak,740,1.7,15,8.9,0.63,118.4,95.8
2467,2025-09-13,Saturday,Central,R059,Bus,20,0,Late Evening,452,6.7,7,1.7,0.65,54.2,79.4
2497,2025-09-13,Saturday,East,R079,Bus,20,45,Late Evening,495,8.7,10,12.2,0.67,59.4,73.3
4816,2025-09-13,Saturday,North,R008,Tram,20,45,Late Evening,556,4.2,14,21.6,0.67,77.8,76.9
4953,2025-09-13,Saturday,West,R070,Bus,21,45,Late Evening,474,5.7,12,7.4,0.61,56.9,74.5
4067,2025-09-13,Saturday,West,R063,Tram,22,0,Late Evening,236,5.4,16,13.1,0.52,33.0,66.4
4480,2025-09-13,Saturday,North,R079,Bus,22,0,Late Evening,318,9.0,10,16.1,0.58,38.2,70.3
4843,2025-09-13,Saturday,Central,R019,Bus,23,0,Late Evening,560,10.1,5,3.3,0.61,67.2,70.6
875,2025-09-14,Sunday,North,R003,Metro,9,45,Morning Peak,2081,7.2,8,17.9,0.9,333.0,69.0
1983,2025-09-14,Sunday,East,R016,Rail,10,30,Morning Peak,669,7.7,14,13.7,0.7,120.4,69.5
4790,2025-09-14,Sunday,South,R012,Cycling,10,45,Morning Peak,306,4.2,12,15.0,0.45,27.5,82.4
1229,2025-09-14,Sunday,West,R054,Metro,11,45,Midday,1058,1.8,12,18.2,0.75,169.3,79.9
1158,2025-09-14,Sunday,South,R063,Bus,13,45,Midday,697,8.2,11,7.5,0.76,83.6,75.1
3590,2025-09-14,Sunday,West,R040,Bus,14,0,Midday,618,4.2,14,10.7,0.67,74.2,78.0
1747,2025-09-14,Sunday,West,R023,Rail,14,15,Midday,714,3.7,16,4.2,0.76,128.5,79.3
128,2025-09-14,Sunday,North,R072,Cycling,15,15,Midday,353,0.1,20,10.9,0.43,31.8,98.0
3214,2025-09-14,Sunday,North,R032,Metro,16,15,Midday,1089,8.1,7,27.3,0.71,174.2,65.3
495,2025-09-14,Sunday,East,R057,Rail,21,45,Late Evening,666,6.2,7,18.2,0.69,119.9,62.7
1215,2025-09-14,Sunday,Central,R030,Rail,22,45,Late Evening,617,6.2,12,15.0,0.7,111.1,82.7
4049,2025-09-14,Sunday,West,R052,Rail,22,45,Late Evening,596,4.8,14,21.4,0.63,107.3,93.0
5569,2025-09-15,Monday,Central,R070,Bus,6,0,Early Morning,622,9.3,9,21.4,0.58,74.6,65.8
4812,2025-09-15,Monday,Central,R030,Metro,9,30,Morning Peak,1590,2.9,7,7.1,0.81,254.4,69.5
19,2025-09-15,Monday,East,R005,Bus,10,15,Morning Peak,824,3.0,14,9.4,0.7,98.9,72.2
2354,2025-09-15,Monday,East,R049,Tram,10,15,Morning Peak,728,4.9,18,6.1,0.64,101.9,90.6
3798,2025-09-15,Monday,East,R006,Tram,10,45,Morning Peak,673,5.7,14,12.8,0.65,94.2,70.9
4457,2025-09-15,Monday,Central,R068,Bus,11,0,Midday,923,8.6,8,26.1,0.68,110.8,61.4
4355,2025-09-15,Monday,North,R076,Metro,11,15,Midday,1105,5.2,14,8.3,0.81,176.8,79.9
1665,2025-09-15,Monday,East,R005,Bus,12,30,Midday,722,8.7,9,16.5,0.6,86.6,71.3
2593,2025-09-15,Monday,Central,R026,Tram,13,30,Midday,582,6.8,14,6.9,0.63,81.5,68.1
2299,2025-09-15,Monday,North,R027,Bus,14,15,Midday,898,6.7,14,11.9,0.66,107.8,86.1
502,2025-09-15,Monday,West,R056,Metro,14,30,Midday,883,3.6,12,18.4,0.74,141.3,86.5
2645,2025-09-15,Monday,North,R021,Rail,17,30,Evening Peak,1237,11.9,9,24.0,0.79,222.7,68.8
3314,2025-09-15,Monday,East,R006,Bus,18,30,Evening Peak,837,9.9,10,2.4,0.78,100.4,61.2
2246,2025-09-15,Monday,Central,R033,Bus,19,0,Evening Peak,725,3.6,15,11.0,0.58,87.0,83.6
3336,2025-09-15,Monday,East,R020,Rail,20,15,Late Evening,820,5.4,10,20.4,0.79,147.6,92.8
180,2025-09-16,Tuesday,East,R018,Tram,5,0,Early Morning,541,6.9,13,23.3,0.6,75.7,72.4
3327,2025-09-16,Tuesday,West,R036,Bus,9,0,Morning Peak,1944,11.0,5,22.1,0.87,233.3,66.4
240,2025-09-16,Tuesday,East,R002,Bus,10,0,Morning Peak,787,7.6,13,7.9,0.77,94.4,67.5
771,2025-09-16,Tuesday,Central,R012,Rail,11,15,Midday,1442,8.0,15,17.2,0.71,259.6,77.3
1560,2025-09-16,Tuesday,Central,R034,Bus,11,30,Midday,687,2.2,22,27.8,0.7,82.4,85.4
5469,2025-09-16,Tuesday,Central,R038,Bus,11,45,Midday,934,7.4,13,26.4,0.64,112.1,73.0
2792,2025-09-16,Tuesday,South,R013,Bus,13,45,Midday,1108,3.8,13,19.9,0.64,133.0,60.0
2983,2025-09-16,Tuesday,North,R019,Metro,16,15,Midday,1671,6.7,13,21.0,0.9,267.4,63.8
747,2025-09-16,Tuesday,West,R037,Bus,19,45,Evening Peak,930,5.7,13,16.6,0.69,111.6,66.0
680,2025-09-16,Tuesday,Central,R045,Bus,20,15,Late Evening,885,8.8,10,25.7,0.69,106.2,59.7
1001,2025-09-16,Tuesday,East,R046,Bus,20,45,Late Evening,646,7.1,14,4.6,0.61,77.5,71.9
3604,2025-09-16,Tuesday,North,R049,Metro,22,0,Late Evening,910,8.2,8,20.9,0.75,145.6,77.0
2293,2025-09-16,Tuesday,Central,R063,Bus,22,45,Late Evening,742,5.0,20,18.7,0.65,89.0,80.6
5973,2025-09-17,Wednesday,North,R008,Tram,6,30,Early Morning,369,3.7,13,14.6,0.6,51.7,86.6
5909,2025-09-17,Wednesday,East,R021,Cycling,7,15,Early Morning,378,5.1,11,15.4,0.46,34.0,76.2
2450,2025-09-17,Wednesday,North,R073,Bus,9,15,Morning Peak,1610,8.1,8,9.2,0.84,193.2,72.9
3010,2025-09-17,Wednesday,North,R002,Cycling,9,15,Morning Peak,708,1.7,12,10.9,0.43,63.7,87.5
3206,2025-09-17,Wednesday,Central,R024,Cycling,9,30,Morning Peak,571,4.3,10,25.1,0.38,51.4,77.0
760,2025-09-17,Wednesday,West,R047,Cycling,10,15,Morning Peak,351,4.3,13,19.6,0.39,31.6,66.3
2776,2025-09-17,Wednesday,East,R040,Cycling,10,30,Morning Peak,349,0.0,19,6.1,0.46,31.4,83.9
2451,2025-09-17,Wednesday,North,R031,Metro,11,30,Midday,1690,4.9,17,24.8,0.9,270.4,78.3
67,2025-09-17,Wednesday,East,R068,Bus,11,45,Midday,825,1.4,16,16.3,0.74,99.0,87.4
5721,2025-09-17,Wednesday,North,R037,Metro,12,0,Midday,1438,0.6,19,5.4,0.78,230.1,91.4
3966,2025-09-17,Wednesday,South,R065,Metro,12,15,Midday,1018,0.0,10,15.2,0.73,162.9,87.8
3526,2025-09-17,Wednesday,East,R034,Metro,12,30,Midday,1026,2.5,14,17.1,0.83,164.2,83.8
1546,2025-09-17,Wednesday,South,R058,Bus,13,15,Midday,982,2.7,13,10.6,0.68,117.8,82.6
3599,2025-09-17,Wednesday,South,R004,Cycling,14,30,Midday,559,0.0,18,17.8,0.41,50.3,94.5
4900,2025-09-17,Wednesday,East,R031,Metro,14,30,Midday,963,3.5,17,26.8,0.76,154.1,79.7
3664,2025-09-17,Wednesday,South,R028,Bus,16,15,Midday,937,10.0,9,8.1,0.54,112.4,73.5
2995,2025-09-17,Wednesday,West,R065,Metro,17,30,Evening Peak,1374,6.7,16,3.5,0.81,219.8,74.5
2722,2025-09-17,Wednesday,Central,R019,Rail,19,0,Evening Peak,504,6.4,15,18.6,0.57,90.7,66.4
3407,2025-09-17,Wednesday,North,R023,Rail,19,0,Evening Peak,739,6.7,9,21.8,0.78,133.0,75.5
2815,2025-09-17,Wednesday,North,R033,Rail,22,30,Late Evening,1116,9.0,4,14.3,0.68,200.9,71.0
4478,2025-09-17,Wednesday,Central,R036,Bus,23,45,Late Evening,377,2.3,12,26.4,0.59,45.2,74.3
1107,2025-09-18,Thursday,South,R027,Bus,7,30,Early Morning,752,8.3,5,26.0,0.67,90.2,58.9
2562,2025-09-18,Thursday,Central,R044,Cycling,8,45,Morning Peak,520,1.3,15,21.4,0.51,46.8,77.5
2811,2025-09-18,Thursday,South,R033,Bus,9,0,Morning Peak,1561,6.7,11,5.5,0.77,187.3,70.3
107,2025-09-18,Thursday,North,R035,Tram,9,45,Morning Peak,885,6.3,15,16.7,0.49,123.9,76.5
1298,2025-09-18,Thursday,South,R045,Cycling,10,15,Morning Peak,584,3.9,10,25.4,0.4,52.6,82.5
5841,2025-09-18,Thursday,South,R024,Metro,10,15,Morning Peak,1291,5.8,17,1.7,0.85,206.6,72.4
1563,2025-09-18,Thursday,West,R016,Metro,10,45,Morning Peak,1250,5.1,12,17.2,0.81,200.0,76.0
1601,2025-09-18,Thursday,East,R038,Metro,10,45,Morning Peak,664,2.6,15,11.5,0.74,106.2,91.3
4544,2025-09-18,Thursday,South,R044,Metro,12,0,Midday,890,8.6,13,25.6,0.77,142.4,66.5
1005,2025-09-18,Thursday,South,R062,Bus,12,15,Midday,844,6.0,8,16.3,0.59,101.3,65.0
2677,2025-09-18,Thursday,South,R017,Metro,14,45,Midday,1438,1.8,18,17.4,0.83,230.1,81.2
2563,2025-09-18,Thursday,North,R036,Rail,21,15,Late Evening,525,7.2,9,16.7,0.56,94.5,65.0
1968,2025-09-18,Thursday,North,R077,Bus,21,30,Late Evening,585,7.7,14,7.1,0.61,70.2,67.4
419,2025-09-19,Friday,West,R035,Cycling,8,30,Morning Peak,453,3.3,20,9.6,0.48,40.8,91.3
1745,2025-09-19,Friday,Central,R010,Bus,8,45,Morning Peak,1355,11.5,6,26.4,0.66,162.6,70.8
1561,2025-09-19,Friday,North,R046,Metro,9,0,Morning Peak,1650,4.7,11,13.0,0.9,264.0,78.3
5404,2025-09-19,Friday,South,R066,Metro,9,15,Morning Peak,2441,5.0,10,7.2,1.04,390.6,72.9
2957,2025-09-19,Friday,Central,R065,Bus,9,30,Morning Peak,1760,10.5,8,24.9,0.77,211.2,70.5
4202,2025-09-19,Friday,Central,R005,Rail,9,30,Morning Peak,2797,6.0,9,6.6,0.89,503.5,89.9
3217,2025-09-19,Friday,West,R019,Bus,10,30,Morning Peak,823,6.2,14,8.3,0.56,98.8,81.4
1927,2025-09-19,Friday,South,R002,Bus,10,45,Morning Peak,880,6.9,10,12.5,0.67,105.6,75.6
816,2025-09-19,Friday,Central,R005,Bus,11,0,Midday,1062,5.9,17,15.7,0.71,127.4,74.8
2363,2025-09-19,Friday,East,R039,Rail,14,0,Midday,1125,3.5,13,12.0,0.66,202.5,89.0
1630,2025-09-19,Friday,South,R047,Bus,15,45,Midday,685,6.0,18,16.7,0.63,82.2,56.2
4384,2025-09-19,Friday,West,R031,Metro,17,30,Evening Peak,1656,7.0,12,4.3,0.82,265.0,71.8
5582,2025-09-19,Friday,South,R040,Metro,17,45,Evening Peak,1051,6.8,10,9.6,0.78,168.2,73.6
3223,2025-09-19,Friday,West,R012,Bus,19,45,Evening Peak,838,2.7,17,10.8,0.67,100.6,84.0
1845,2025-09-19,Friday,East,R006,Bus,21,0,Late Evening,545,5.9,12,3.3,0.61,65.4,76.5
3414,2025-09-19,Friday,East,R024,Shared Mobility,23,30,Late Evening,210,0.5,16,17.4,0.41,10.5,72.8
5596,2025-09-20,Saturday,Central,R002,Cycling,8,30,Morning Peak,498,6.9,11,18.6,0.53,44.8,73.6
2180,2025-09-20,Saturday,North,R059,Tram,9,30,Morning Peak,831,4.2,14,2.8,0.66,116.3,71.0
258,2025-09-20,Saturday,West,R078,Tram,9,45,Morning Peak,897,8.6,8,14.4,0.66,125.6,79.0
2980,2025-09-20,Saturday,West,R010,Shared Mobility,9,45,Morning Peak,322,3.3,16,27.3,0.44,16.1,85.1
2446,2025-09-20,Saturday,East,R012,Rail,11,0,Midday,916,7.7,6,18.1,0.79,164.9,68.7
5953,2025-09-20,Saturday,West,R006,Cycling,11,15,Midday,235,0.0,12,25.9,0.54,21.2,94.4
2249,2025-09-20,Saturday,Central,R066,Bus,11,45,Midday,724,6.8,10,13.9,0.71,86.9,68.0
2192,2025-09-20,Saturday,South,R036,Bus,15,15,Midday,866,9.0,7,5.1,0.65,103.9,76.1
1280,2025-09-20,Saturday,North,R010,Bus,20,15,Late Evening,472,9.0,11,16.8,0.64,56.6,68.1
3767,2025-09-20,Saturday,Central,R017,Bus,23,0,Late Evening,635,7.1,9,24.7,0.73,76.2,70.7
4963,2025-09-21,Sunday,West,R030,Bus,7,0,Early Morning,1033,10.6,7,2.7,0.83,124.0,64.4
5146,2025-09-21,Sunday,North,R014,Bus,9,0,Morning Peak,1574,4.5,16,1.6,0.9,188.9,80.3
1266,2025-09-21,Sunday,North,R009,Rail,9,30,Morning Peak,1485,2.9,14,15.6,0.78,267.3,82.3
1986,2025-09-21,Sunday,South,R036,Bus,10,15,Morning Peak,662,7.6,7,4.0,0.65,79.4,72.6
3766,2025-09-21,Sunday,South,R055,Bus,10,15,Morning Peak,274,7.4,12,25.1,0.53,32.9,67.2
3691,2025-09-21,Sunday,East,R070,Bus,10,30,Morning Peak,602,5.5,14,19.0,0.61,72.2,82.0
1851,2025-09-21,Sunday,East,R054,Rail,11,15,Midday,710,6.0,19,10.9,0.6,127.8,90.7
3851,2025-09-21,Sunday,South,R066,Bus,11,15,Midday,695,4.7,12,21.0,0.62,83.4,84.9
930,2025-09-21,Sunday,East,R057,Tram,11,30,Midday,682,2.6,13,25.2,0.49,95.5,76.1
3570,2025-09-21,Sunday,Central,R018,Metro,12,0,Midday,1196,2.3,18,26.1,0.73,191.4,76.9
1239,2025-09-21,Sunday,South,R079,Metro,12,15,Midday,1004,3.1,11,22.5,0.69,160.6,77.1
5478,2025-09-21,Sunday,East,R068,Tram,14,0,Midday,512,5.2,19,21.3,0.59,71.7,69.3
3667,2025-09-21,Sunday,East,R056,Bus,14,30,Midday,493,12.4,4,16.2,0.65,59.2,42.5
2048,2025-09-21,Sunday,North,R054,Bus,15,15,Midday,543,7.5,13,5.5,0.51,65.2,76.1
4441,2025-09-21,Sunday,South,R063,Bus,15,30,Midday,1192,4.4,18,10.4,0.68,143.0,78.2
2286,2025-09-21,Sunday,East,R018,Tram,16,30,Midday,841,2.2,19,6.7,0.56,117.7,88.8
58,2025-09-21,Sunday,Central,R064,Rail,17,15,Evening Peak,1604,10.8,4,27.6,0.98,288.7,63.5
386,2025-09-21,Sunday,East,R032,Bus,17,30,Evening Peak,968,11.0,8,14.8,0.68,116.2,70.3
412,2025-09-21,Sunday,East,R060,Bus,19,45,Evening Peak,299,10.5,7,3.6,0.65,35.9,61.3
4813,2025-09-21,Sunday,East,R007,Bus,20,15,Late Evening,536,7.0,17,3.3,0.65,64.3,77.1
315,2025-09-21,Sunday,North,R044,Metro,20,30,Late Evening,565,5.1,8,12.0,0.6,90.4,62.7
528,2025-09-21,Sunday,West,R071,Rail,20,30,Late Evening,619,5.7,11,21.4,0.79,111.4,63.2
2306,2025-09-21,Sunday,West,R054,Rail,21,15,Late Evening,801,7.1,11,19.3,0.73,144.2,74.3
3152,2025-09-21,Sunday,East,R002,Bus,22,0,Late Evening,511,4.0,16,5.1,0.66,61.3,76.3
2534,2025-09-21,Sunday,South,R034,Tram,22,15,Late Evening,391,2.1,9,12.4,0.51,54.7,88.0
1439,2025-09-21,Sunday,West,R018,Bus,23,15,Late Evening,369,8.6,10,6.4,0.73,44.3,59.4
4018,2025-09-22,Monday,East,R029,Bus,8,15,Morning Peak,1367,6.3,12,8.8,0.68,164.0,66.5
3138,2025-09-22,Monday,North,R051,Bus,9,15,Morning Peak,1774,9.9,7,23.3,0.78,212.9,69.8
3256,2025-09-22,Monday,Central,R054,Bus,10,0,Morning Peak,855,6.0,14,6.6,0.68,102.6,67.8
3027,2025-09-22,Monday,Central,R058,Cycling,10,30,Morning Peak,673,3.1,14,21.6,0.4,60.6,70.8
5191,2025-09-22,Monday,West,R072,Cycling,11,0,Midday,291,1.0,17,19.6,0.53,26.2,79.3
572,2025-09-22,Monday,Central,R080,Metro,14,15,Midday,808,1.7,18,7.0,0.77,129.3,82.2
5043,2025-09-22,Monday,West,R021,Bus,15,45,Midday,567,9.9,10,23.5,0.63,68.0,78.1
53,2025-09-22,Monday,Central,R048,Bus,16,15,Midday,768,10.0,10,18.6,0.66,92.2,62.2
3597,2025-09-22,Monday,North,R051,Metro,16,45,Midday,1228,6.2,9,15.1,0.86,196.5,76.9
2124,2025-09-22,Monday,South,R027,Cycling,22,15,Late Evening,248,0.0,15,11.4,0.4,22.3,89.1
4729,2025-09-22,Monday,South,R079,Metro,22,15,Late Evening,876,5.7,10,15.3,0.71,140.2,73.6
1017,2025-09-22,Monday,Central,R042,Bus,22,45,Late Evening,633,3.7,13,19.7,0.63,76.0,81.7
4055,2025-09-23,Tuesday,Central,R021,Cycling,5,0,Early Morning,416,0.0,18,9.4,0.3,37.4,80.1
3320,2025-09-23,Tuesday,South,R054,Rail,8,45,Morning Peak,2592,11.3,5,19.5,0.89,466.6,63.8
1244,2025-09-23,Tuesday,West,R050,Bus,10,15,Morning Peak,675,4.9,13,17.8,0.54,81.0,65.4
4319,2025-09-23,Tuesday,Central,R075,Bus,10,15,Morning Peak,682,5.7,11,7.9,0.64,81.8,73.9
4347,2025-09-23,Tuesday,Central,R025,Bus,10,45,Morning Peak,1228,4.9,9,12.2,0.72,147.4,76.8
1454,2025-09-23,Tuesday,North,R042,Bus,12,45,Midday,614,6.4,14,5.4,0.67,73.7,81.1
4359,2025-09-23,Tuesday,West,R035,Tram,14,30,Midday,406,4.4,12,9.1,0.59,56.8,86.0
5027,2025-09-23,Tuesday,North,R014,Metro,15,0,Midday,748,3.3,15,17.6,0.69,119.7,73.5
2392,2025-09-23,Tuesday,Central,R067,Metro,18,15,Evening Peak,2573,6.3,13,19.3,0.98,411.7,77.7
2588,2025-09-23,Tuesday,South,R043,Metro,18,15,Evening Peak,2384,6.2,8,6.0,0.98,381.4,69.7
1514,2025-09-23,Tuesday,Central,R052,Rail,19,30,Evening Peak,735,2.5,15,19.8,0.67,132.3,85.2
5743,2025-09-23,Tuesday,East,R004,Cycling,21,15,Late Evening,287,0.5,20,25.8,0.5,25.8,86.5
2433,2025-09-23,Tuesday,South,R057,Bus,21,30,Late Evening,466,5.8,13,16.5,0.65,55.9,75.3
5561,2025-09-23,Tuesday,North,R031,Rail,21,45,Late Evening,904,7.6,13,23.2,0.75,162.7,66.9
1979,2025-09-23,Tuesday,East,R032,Metro,22,45,Late Evening,760,4.6,13,13.4,0.68,121.6,73.4
3167,2025-09-24,Wednesday,Central,R064,Rail,6,15,Early Morning,533,5.7,16,13.8,0.64,95.9,67.8
5954,2025-09-24,Wednesday,Central,R027,Cycling,6,15,Early Morning,300,0.0,13,8.8,0.41,27.0,92.3
2436,2025-09-24,Wednesday,North,R048,Tram,7,45,Early Morning,968,3.4,15,13.5,0.51,135.5,80.0
1157,2025-09-24,Wednesday,South,R058,Rail,8,15,Morning Peak,812,6.9,13,26.2,0.81,146.2,82.7
3889,2025-09-24,Wednesday,South,R057,Bus,9,0,Morning Peak,1918,6.0,15,13.4,0.92,230.2,82.4
3270,2025-09-24,Wednesday,West,R046,Bus,9,30,Morning Peak,1185,10.0,6,19.1,0.72,142.2,59.0
254,2025-09-24,Wednesday,East,R060,Tram,10,45,Morning Peak,467,6.5,13,2.1,0.66,65.4,60.1
1036,2025-09-24,Wednesday,North,R073,Bus,11,30,Midday,801,4.8,8,1.9,0.59,96.1,73.1
4741,2025-09-24,Wednesday,West,R059,Bus,11,45,Midday,971,6.7,14,14.0,0.65,116.5,73.8
1588,2025-09-24,Wednesday,West,R079,Bus,12,0,Midday,1588,7.9,11,19.9,0.66,190.6,83.7
3487,2025-09-24,Wednesday,South,R065,Bus,12,30,Midday,704,5.6,18,24.3,0.63,84.5,74.2
1378,2025-09-24,Wednesday,East,R065,Bus,13,15,Midday,543,4.0,22,11.3,0.63,65.2,73.8
5939,2025-09-24,Wednesday,North,R055,Bus,14,30,Midday,942,8.5,8,27.0,0.7,113.0,69.8
2964,2025-09-24,Wednesday,Central,R062,Shared Mobility,15,45,Midday,213,3.0,14,21.4,0.38,10.6,80.3
5362,2025-09-24,Wednesday,West,R067,Metro,17,45,Evening Peak,3008,2.1,15,2.8,1.09,481.3,83.4
1807,2025-09-24,Wednesday,North,R015,Metro,19,15,Evening Peak,831,0.0,25,2.4,0.81,133.0,98.0
5523,2025-09-24,Wednesday,East,R077,Metro,20,0,Late Evening,994,1.3,17,3.4,0.83,159.0,82.1
2120,2025-09-24,Wednesday,Central,R004,Bus,20,45,Late Evening,828,8.8,11,16.8,0.71,99.4,62.3
729,2025-09-24,Wednesday,North,R079,Tram,23,15,Late Evening,414,7.7,14,22.8,0.6,58.0,61.1
2979,2025-09-25,Thursday,East,R048,Rail,6,30,Early Morning,767,7.8,14,17.5,0.74,138.1,66.3
4971,2025-09-25,Thursday,South,R047,Bus,7,15,Early Morning,866,7.7,9,14.1,0.71,103.9,73.9
1360,2025-09-25,Thursday,North,R006,Bus,8,15,Morning Peak,1216,12.4,7,8.4,0.71,145.9,68.7
114,2025-09-25,Thursday,Central,R071,Rail,10,0,Morning Peak,1053,5.9,14,21.3,0.78,189.5,63.8
4875,2025-09-25,Thursday,East,R063,Metro,11,0,Midday,1930,3.0,11,24.1,0.86,308.8,87.7
5199,2025-09-25,Thursday,West,R023,Shared Mobility,11,15,Midday,255,3.6,8,22.8,0.44,12.8,73.3
4913,2025-09-25,Thursday,East,R041,Rail,11,30,Midday,854,2.3,17,17.2,0.72,153.7,80.2
511,2025-09-25,Thursday,South,R015,Bus,11,45,Midday,815,4.3,15,8.1,0.59,97.8,85.4
3806,2025-09-25,Thursday,North,R058,Bus,12,15,Midday,1400,4.8,18,3.3,0.77,168.0,87.7
3283,2025-09-25,Thursday,West,R039,Metro,12,30,Midday,1372,1.8,13,9.8,0.89,219.5,74.0
553,2025-09-25,Thursday,North,R054,Bus,13,30,Midday,661,4.4,8,7.9,0.64,79.3,69.8
2622,2025-09-25,Thursday,West,R042,Bus,13,30,Midday,773,7.1,9,8.9,0.68,92.8,66.8
3222,2025-09-25,Thursday,West,R053,Rail,14,30,Midday,778,1.4,17,10.6,0.61,140.0,81.9
3338,2025-09-25,Thursday,North,R015,Bus,17,30,Evening Peak,885,9.8,10,4.1,0.7,106.2,64.5
1933,2025-09-25,Thursday,Central,R078,Shared Mobility,18,15,Evening Peak,427,0.5,13,5.1,0.39,21.4,81.3
773,2025-09-25,Thursday,North,R029,Bus,18,45,Evening Peak,1030,11.7,7,2.1,0.62,123.6,57.7
199,2025-09-25,Thursday,Central,R032,Metro,19,45,Evening Peak,863,3.0,10,5.3,0.8,138.1,75.6
1447,2025-09-25,Thursday,South,R078,Bus,20,0,Late Evening,821,10.4,10,3.3,0.69,98.5,68.6
2965,2025-09-25,Thursday,North,R028,Bus,21,15,Late Evening,662,9.2,10,24.8,0.68,79.4,60.7
5937,2025-09-25,Thursday,South,R056,Shared Mobility,21,30,Late Evening,315,2.1,16,1.6,0.47,15.8,75.5
3165,2025-09-25,Thursday,North,R072,Metro,21,45,Late Evening,1005,4.0,15,11.5,0.82,160.8,87.0
4777,2025-09-26,Friday,Central,R022,Metro,6,15,Early Morning,937,5.1,11,25.5,0.72,149.9,71.7
1499,2025-09-26,Friday,West,R015,Bus,8,15,Morning Peak,1136,7.4,14,1.6,0.7,136.3,84.2
4832,2025-09-26,Friday,Central,R005,Bus,9,0,Morning Peak,1337,8.8,8,20.8,0.72,160.4,58.9
4740,2025-09-26,Friday,Central,R076,Bus,9,15,Morning Peak,882,8.7,11,22.5,0.73,105.8,75.2
2594,2025-09-26,Friday,North,R045,Metro,11,0,Midday,1790,6.9,12,24.4,0.92,286.4,63.6
1581,2025-09-26,Friday,South,R050,Bus,11,30,Midday,782,6.9,10,16.4,0.71,93.8,79.9
4613,2025-09-26,Friday,Central,R066,Bus,12,30,Midday,675,7.1,15,6.7,0.65,81.0,73.3
5247,2025-09-26,Friday,Central,R039,Bus,13,0,Midday,1130,11.0,4,6.3,0.69,135.6,55.9
5967,2025-09-26,Friday,Central,R069,Tram,13,0,Midday,720,2.9,12,12.9,0.56,100.8,75.2
5150,2025-09-26,Friday,North,R064,Bus,13,15,Midday,1034,10.2,7,24.7,0.69,124.1,69.2
5166,2025-09-26,Friday,Central,R023,Shared Mobility,13,30,Midday,256,0.0,18,23.2,0.37,12.8,87.7
2644,2025-09-26,Friday,West,R001,Rail,13,45,Midday,810,12.5,11,23.2,0.72,145.8,60.2
3639,2025-09-26,Friday,North,R039,Metro,14,30,Midday,966,5.2,19,9.4,0.82,154.6,75.2
3008,2025-09-26,Friday,South,R044,Metro,14,45,Midday,1269,7.6,5,19.6,0.72,203.0,74.4
427,2025-09-26,Friday,Central,R070,Shared Mobility,16,0,Midday,621,7.3,12,4.0,0.46,31.0,72.0
5412,2025-09-26,Friday,North,R023,Tram,18,30,Evening Peak,1167,8.7,12,11.4,0.72,163.4,59.8
1641,2025-09-26,Friday,East,R012,Tram,20,15,Late Evening,395,5.5,9,13.3,0.59,55.3,73.3
2088,2025-09-26,Friday,Central,R025,Tram,20,45,Late Evening,471,7.7,11,16.3,0.58,65.9,67.8
2278,2025-09-26,Friday,West,R051,Bus,21,30,Late Evening,914,3.9,17,9.3,0.63,109.7,72.8
2842,2025-09-27,Saturday,East,R003,Shared Mobility,8,15,Morning Peak,633,10.0,10,2.0,0.47,31.6,59.6
4227,2025-09-27,Saturday,East,R011,Rail,8,45,Morning Peak,1432,4.9,19,25.7,0.73,257.8,80.8
74,2025-09-27,Saturday,Central,R043,Bus,9,15,Morning Peak,1368,8.7,9,15.3,0.73,164.2,65.5
2400,2025-09-27,Saturday,North,R011,Metro,10,0,Morning Peak,874,0.0,20,3.7,0.62,139.8,81.8
1039,2025-09-27,Saturday,North,R042,Metro,11,0,Midday,846,3.3,14,4.3,0.86,135.4,91.9
3115,2025-09-27,Saturday,Central,R057,Bus,11,15,Midday,905,7.3,13,3.4,0.74,108.6,72.9
5990,2025-09-27,Saturday,South,R079,Cycling,14,30,Midday,314,0.0,18,9.9,0.31,28.3,89.4
1460,2025-09-27,Saturday,Central,R008,Metro,14,45,Midday,1030,3.7,12,27.1,0.82,164.8,77.1
1707,2025-09-27,Saturday,North,R058,Tram,16,15,Midday,855,6.1,5,12.0,0.69,119.7,74.6
1976,2025-09-27,Saturday,South,R072,Bus,18,0,Evening Peak,706,8.4,9,5.3,0.6,84.7,66.1
5529,2025-09-27,Saturday,North,R071,Bus,19,15,Evening Peak,441,6.4,15,7.3,0.65,52.9,75.4
5619,2025-09-27,Saturday,South,R018,Rail,20,30,Late Evening,556,7.3,15,22.9,0.87,100.1,75.8
5083,2025-09-27,Saturday,Central,R033,Metro,22,30,Late Evening,755,0.5,18,10.1,0.72,120.8,88.1
2945,2025-09-27,Saturday,Central,R073,Bus,23,0,Late Evening,493,2.8,17,25.0,0.59,59.2,83.9
4988,2025-09-28,Sunday,West,R041,Bus,8,0,Morning Peak,816,8.2,13,2.0,0.71,97.9,72.4
5193,2025-09-28,Sunday,South,R064,Metro,8,30,Morning Peak,1305,3.6,14,17.2,0.73,208.8,77.2
409,2025-09-28,Sunday,North,R055,Tram,9,15,Morning Peak,749,7.7,11,3.7,0.67,104.9,77.4
1757,2025-09-28,Sunday,North,R025,Metro,9,15,Morning Peak,1280,4.3,15,3.3,0.78,204.8,77.9
5290,2025-09-28,Sunday,Central,R013,Bus,9,30,Morning Peak,850,5.0,7,27.7,0.65,102.0,80.5
5473,2025-09-28,Sunday,North,R071,Bus,9,45,Morning Peak,1200,10.0,14,13.2,0.71,144.0,50.5
4652,2025-09-28,Sunday,North,R026,Bus,10,0,Morning Peak,454,5.1,10,10.6,0.78,54.5,67.6
5049,2025-09-28,Sunday,North,R067,Metro,10,0,Morning Peak,1360,5.0,12,2.7,0.78,217.6,94.7
34,2025-09-28,Sunday,North,R034,Bus,10,45,Morning Peak,643,9.8,10,17.0,0.61,77.2,61.1
5503,2025-09-28,Sunday,East,R050,Tram,11,0,Midday,560,2.3,18,20.7,0.73,78.4,86.1
4395,2025-09-28,Sunday,East,R062,Metro,11,15,Midday,712,4.0,17,24.3,0.7,113.9,74.4
3,2025-09-28,Sunday,East,R031,Bus,13,0,Midday,364,5.4,15,23.5,0.61,43.7,67.8
2156,2025-09-28,Sunday,Central,R012,Cycling,13,45,Midday,399,2.4,20,8.1,0.41,35.9,83.0
1727,2025-09-28,Sunday,East,R045,Bus,14,15,Midday,1155,3.5,10,17.7,0.78,138.6,88.8
2140,2025-09-28,Sunday,South,R025,Metro,15,0,Midday,1662,4.4,15,2.3,0.84,265.9,81.9
4189,2025-09-28,Sunday,Central,R005,Bus,17,0,Evening Peak,1369,9.3,7,4.6,0.72,164.3,65.9
2205,2025-09-28,Sunday,North,R076,Tram,17,15,Evening Peak,563,5.0,11,20.9,0.53,78.8,83.5
4217,2025-09-28,Sunday,East,R024,Metro,18,30,Evening Peak,2051,4.9,15,25.2,0.92,328.2,76.8
3060,2025-09-28,Sunday,East,R060,Cycling,20,15,Late Evening,187,1.4,18,22.0,0.53,16.8,75.7
77,2025-09-28,Sunday,West,R009,Bus,22,15,Late Evening,758,4.0,18,4.1,0.69,91.0,65.5
2603,2025-09-28,Sunday,East,R063,Rail,22,30,Late Evening,464,7.7,8,25.1,0.65,83.5,76.1
4096,2025-09-28,Sunday,North,R061,Bus,22,45,Late Evening,602,8.1,12,25.1,0.59,72.2,83.8
5641,2025-09-29,Monday,West,R013,Metro,6,15,Early Morning,711,3.6,16,27.2,0.73,113.8,72.5
1511,2025-09-29,Monday,East,R066,Bus,8,0,Morning Peak,2445,9.1,10,24.4,0.86,293.4,68.7
3948,2025-09-29,Monday,North,R033,Metro,8,30,Morning Peak,1256,8.0,9,8.0,0.8,201.0,72.2
5154,2025-09-29,Monday,Central,R019,Bus,9,0,Morning Peak,1661,12.3,2,14.6,0.76,199.3,75.0
5575,2025-09-29,Monday,West,R073,Bus,9,15,Morning Peak,1286,6.1,11,26.4,0.72,154.3,64.2
685,2025-09-29,Monday,West,R008,Rail,10,45,Morning Peak,1077,5.1,10,26.3,0.81,193.9,76.2
3064,2025-09-29,Monday,North,R009,Bus,10,45,Morning Peak,828,6.0,17,23.0,0.63,99.4,80.3
4257,2025-09-29,Monday,Central,R038,Metro,11,0,Midday,1337,1.9,13,11.5,0.88,213.9,98.0
3819,2025-09-29,Monday,South,R017,Cycling,11,45,Midday,405,0.0,16,25.8,0.48,36.4,95.8
4159,2025-09-29,Monday,South,R075,Rail,22,0,Late Evening,389,5.7,5,9.5,0.56,70.0,80.6
2343,2025-09-29,Monday,North,R019,Bus,22,30,Late Evening,664,7.1,14,5.7,0.62,79.7,83.2
456,2025-09-29,Monday,North,R046,Rail,23,45,Late Evening,688,3.1,17,5.6,0.68,123.8,78.9
5138,2025-09-30,Tuesday,East,R039,Bus,6,30,Early Morning,695,6.3,11,2.7,0.63,83.4,79.2
5995,2025-09-30,Tuesday,East,R011,Tram,8,15,Morning Peak,639,8.2,9,23.9,0.56,89.5,66.1
368,2025-09-30,Tuesday,Central,R008,Tram,9,0,Morning Peak,892,6.6,9,9.0,0.53,124.9,74.0
4401,2025-09-30,Tuesday,North,R052,Shared Mobility,9,45,Morning Peak,377,3.2,15,13.4,0.48,18.8,82.4
4972,2025-09-30,Tuesday,South,R076,Rail,10,0,Morning Peak,883,5.3,14,10.6,0.74,158.9,70.9
5697,2025-09-30,Tuesday,Central,R047,Rail,10,0,Morning Peak,1062,3.6,15,17.3,0.83,191.2,81.0
5209,2025-09-30,Tuesday,West,R001,Rail,10,15,Morning Peak,669,6.2,11,18.6,0.62,120.4,71.8
1780,2025-09-30,Tuesday,Central,R013,Metro,10,30,Morning Peak,2174,2.8,14,6.6,0.88,347.8,79.8
3972,2025-09-30,Tuesday,South,R053,Metro,10,45,Morning Peak,1179,4.5,10,17.3,0.83,188.6,68.5
1016,2025-09-30,Tuesday,North,R073,Bus,12,15,Midday,886,6.1,10,23.9,0.72,106.3,73.1
2604,2025-09-30,Tuesday,Central,R013,Bus,12,15,Midday,699,8.9,8,5.1,0.63,83.9,59.1
5430,2025-09-30,Tuesday,South,R069,Bus,14,30,Midday,734,7.7,16,22.6,0.74,88.1,72.0
5231,2025-09-30,Tuesday,East,R049,Bus,14,45,Midday,1234,8.4,11,21.8,0.71,148.1,63.4
3055,2025-09-30,Tuesday,Central,R027,Tram,18,15,Evening Peak,895,4.4,15,26.7,0.66,125.3,76.1
2726,2025-09-30,Tuesday,North,R058,Cycling,19,15,Evening Peak,320,7.5,12,14.1,0.5,28.8,72.7
561,2025-09-30,Tuesday,Central,R015,Metro,19,30,Evening Peak,590,1.4,17,15.5,0.76,94.4,86.2
1472,2025-09-30,Tuesday,North,R016,Bus,19,30,Evening Peak,517,5.1,10,18.0,0.6,62.0,69.7
3464,2025-09-30,Tuesday,Central,R039,Metro,19,45,Evening Peak,1252,2.0,14,15.8,0.88,200.3,89.2
3727,2025-09-30,Tuesday,West,R054,Rail,19,45,Evening Peak,1844,8.6,12,7.1,0.91,331.9,71.4
4171,2025-09-30,Tuesday,North,R068,Tram,21,15,Late Evening,514,4.3,16,27.2,0.5,72.0,86.8
5396,2025-09-30,Tuesday,Central,R066,Bus,21,15,Late Evening,484,6.9,12,15.5,0.7,58.1,72.2
812,2025-09-30,Tuesday,West,R024,Bus,22,0,Late Evening,941,9.3,9,5.1,0.71,112.9,74.8
910,2025-09-30,Tuesday,North,R048,Shared Mobility,22,15,Late Evening,186,1.6,18,10.5,0.36,9.3,73.6
2454,2025-09-30,Tuesday,Central,R054,Bus,22,30,Late Evening,952,4.8,12,24.3,0.63,114.2,76.9
5854,2025-09-30,Tuesday,South,R061,Tram,22,30,Late Evening,642,7.2,4,25.5,0.53,89.9,72.2
4040,2025-10-01,Wednesday,Central,R031,Bus,7,15,Early Morning,908,6.7,14,9.0,0.61,109.0,77.2
1501,2025-10-01,Wednesday,Central,R061,Bus,10,15,Morning Peak,854,9.6,3,15.0,0.69,102.5,71.3
3769,2025-10-01,Wednesday,South,R059,Rail,11,0,Midday,523,3.9,14,13.5,0.62,94.1,98.0
48,2025-10-01,Wednesday,Central,R041,Cycling,12,0,Midday,357,4.1,14,21.3,0.5,32.1,72.7
901,2025-10-01,Wednesday,South,R035,Shared Mobility,12,15,Midday,251,2.3,16,14.0,0.31,12.6,82.5
3961,2025-10-01,Wednesday,North,R059,Rail,12,15,Midday,813,4.0,9,7.4,0.71,146.3,72.7
1796,2025-10-01,Wednesday,North,R031,Bus,16,30,Midday,1279,7.2,14,15.7,0.79,153.5,64.1
3429,2025-10-01,Wednesday,South,R058,Tram,18,0,Evening Peak,1133,6.9,14,20.0,0.7,158.6,66.5
3683,2025-10-01,Wednesday,North,R076,Bus,19,15,Evening Peak,684,5.6,9,10.0,0.71,82.1,77.2
1756,2025-10-01,Wednesday,Central,R020,Cycling,20,45,Late Evening,258,3.2,16,23.5,0.44,23.2,79.1
3387,2025-10-02,Thursday,North,R005,Bus,5,15,Early Morning,909,5.1,16,14.5,0.76,109.1,73.0
3133,2025-10-02,Thursday,South,R018,Metro,7,45,Early Morning,2311,3.0,15,4.6,0.92,369.8,85.3
985,2025-10-02,Thursday,Central,R046,Bus,8,30,Morning Peak,1629,8.6,12,18.9,0.75,195.5,69.7
5911,2025-10-02,Thursday,North,R041,Bus,9,0,Morning Peak,1303,8.4,8,11.0,0.8,156.4,72.2
630,2025-10-02,Thursday,North,R028,Metro,10,45,Morning Peak,1707,5.8,14,24.1,0.86,273.1,78.4
2160,2025-10-02,Thursday,South,R023,Bus,10,45,Morning Peak,461,7.8,9,22.0,0.61,55.3,74.5
2997,2025-10-02,Thursday,Central,R047,Shared Mobility,11,0,Midday,359,1.4,15,15.3,0.38,18.0,71.6
4432,2025-10-02,Thursday,North,R031,Rail,11,0,Midday,1586,8.0,10,15.6,0.84,285.5,79.9
435,2025-10-02,Thursday,West,R077,Metro,13,0,Midday,934,4.4,10,20.1,0.72,149.4,74.7
3473,2025-10-02,Thursday,North,R072,Metro,14,30,Midday,1197,4.0,12,25.4,0.78,191.5,79.0
3122,2025-10-02,Thursday,East,R076,Rail,15,15,Midday,875,7.1,9,24.6,0.6,157.5,75.8
3642,2025-10-02,Thursday,South,R043,Rail,16,0,Midday,1254,5.2,14,8.4,0.71,225.7,73.1
5627,2025-10-02,Thursday,North,R039,Bus,16,15,Midday,1193,7.8,13,24.4,0.68,143.2,85.8
5945,2025-10-02,Thursday,Central,R039,Shared Mobility,17,30,Evening Peak,373,4.6,14,1.6,0.35,18.7,54.7
5646,2025-10-02,Thursday,Central,R049,Shared Mobility,18,30,Evening Peak,376,0.0,18,26.5,0.4,18.8,80.0
1425,2025-10-02,Thursday,East,R048,Cycling,20,30,Late Evening,300,4.3,14,17.6,0.4,27.0,73.4
4862,2025-10-03,Friday,Central,R025,Metro,7,0,Early Morning,2002,5.7,11,10.0,0.9,320.3,66.0
4983,2025-10-03,Friday,West,R021,Metro,8,0,Morning Peak,2750,7.8,8,7.7,0.92,440.0,64.4
1985,2025-10-03,Friday,West,R010,Metro,8,15,Morning Peak,1629,0.7,17,24.4,0.86,260.6,93.0
5135,2025-10-03,Friday,North,R042,Bus,8,15,Morning Peak,934,7.7,10,24.7,0.68,112.1,79.7
2390,2025-10-03,Friday,South,R021,Metro,9,45,Morning Peak,1489,6.1,13,5.9,0.81,238.2,78.8
3199,2025-10-03,Friday,North,R061,Bus,10,45,Morning Peak,531,5.6,17,12.4,0.56,63.7,75.8
5906,2025-10-03,Friday,South,R029,Tram,11,30,Midday,540,6.3,13,14.3,0.57,75.6,76.5
3174,2025-10-03,Friday,North,R049,Rail,12,0,Midday,967,6.1,12,7.1,0.72,174.1,71.8
4820,2025-10-03,Friday,West,R056,Tram,14,0,Midday,887,4.3,10,24.3,0.59,124.2,83.9
2022,2025-10-03,Friday,East,R028,Metro,14,15,Midday,1358,0.0,20,7.1,0.87,217.3,87.7
4967,2025-10-03,Friday,West,R020,Metro,14,15,Midday,948,0.0,13,7.7,0.67,151.7,83.6
5774,2025-10-03,Friday,West,R062,Cycling,17,0,Evening Peak,773,2.2,14,18.8,0.47,69.6,79.7
4515,2025-10-04,Saturday,West,R010,Tram,7,0,Early Morning,513,6.8,15,20.3,0.59,71.8,67.9
319,2025-10-04,Saturday,North,R039,Rail,9,15,Morning Peak,724,10.2,11,26.0,0.66,130.3,70.5
3557,2025-10-04,Saturday,Central,R019,Tram,9,15,Morning Peak,788,10.3,10,3.6,0.67,110.3,59.7
4732,2025-10-04,Saturday,South,R040,Tram,9,15,Morning Peak,903,8.1,12,27.0,0.59,126.4,71.9
2933,2025-10-04,Saturday,North,R030,Rail,9,30,Morning Peak,785,10.5,9,19.2,0.74,141.3,83.1
842,2025-10-04,Saturday,Central,R023,Bus,11,0,Midday,669,5.4,8,6.4,0.69,80.3,72.3
2200,2025-10-04,Saturday,West,R056,Shared Mobility,11,0,Midday,217,3.5,8,26.1,0.39,10.9,86.0
3263,2025-10-04,Saturday,West,R001,Shared Mobility,11,30,Midday,297,2.6,11,23.0,0.33,14.8,78.6
3352,2025-10-04,Saturday,East,R014,Cycling,12,0,Midday,342,2.8,14,22.8,0.61,30.8,74.7
3920,2025-10-04,Saturday,West,R009,Cycling,12,0,Midday,227,1.1,15,21.5,0.54,20.4,67.0
301,2025-10-04,Saturday,Central,R014,Bus,12,45,Midday,406,5.7,14,26.5,0.58,48.7,91.6
5320,2025-10-04,Saturday,North,R079,Shared Mobility,14,0,Midday,270,3.6,18,1.8,0.39,13.5,84.9
2529,2025-10-04,Saturday,East,R042,Metro,15,45,Midday,918,4.1,17,4.3,0.71,146.9,77.2
2554,2025-10-04,Saturday,South,R076,Rail,18,15,Evening Peak,638,8.9,17,13.9,0.65,114.8,69.5
23,2025-10-04,Saturday,East,R044,Tram,20,30,Late Evening,449,6.8,11,13.0,0.62,62.9,66.0
1795,2025-10-04,Saturday,South,R007,Rail,21,0,Late Evening,585,3.9,15,13.0,0.62,105.3,96.0
2158,2025-10-04,Saturday,East,R029,Rail,21,0,Late Evening,451,7.4,12,15.0,0.63,81.2,70.1
4890,2025-10-04,Saturday,Central,R031,Rail,21,0,Late Evening,476,5.8,14,3.1,0.64,85.7,61.6
3039,2025-10-04,Saturday,North,R063,Shared Mobility,22,15,Late Evening,141,3.2,21,26.4,0.39,7.0,77.1
538,2025-10-04,Saturday,Central,R076,Cycling,22,30,Late Evening,285,0.5,15,8.7,0.38,25.6,90.5
945,2025-10-04,Saturday,Central,R027,Metro,23,0,Late Evening,819,1.2,22,4.8,0.85,131.0,87.0
2611,2025-10-05,Sunday,Central,R009,Metro,7,45,Early Morning,1537,2.7,19,21.0,0.78,245.9,85.5
460,2025-10-05,Sunday,West,R036,Bus,8,0,Morning Peak,985,9.1,12,13.0,0.75,118.2,67.1
1693,2025-10-05,Sunday,Central,R022,Rail,9,30,Morning Peak,1135,6.8,5,24.6,0.65,204.3,70.4
5867,2025-10-05,Sunday,South,R049,Rail,9,30,Morning Peak,855,10.6,4,5.8,0.71,153.9,67.5
3437,2025-10-05,Sunday,East,R023,Rail,10,0,Morning Peak,631,2.2,22,14.1,0.79,113.6,68.7
5379,2025-10-05,Sunday,North,R025,Rail,10,45,Morning Peak,633,6.9,12,7.7,0.64,113.9,84.4
4061,2025-10-05,Sunday,East,R027,Bus,12,15,Midday,528,4.5,17,6.2,0.58,63.4,78.7
3878,2025-10-05,Sunday,North,R036,Tram,12,45,Midday,424,0.3,18,5.4,0.39,59.4,89.0
4366,2025-10-05,Sunday,Central,R075,Rail,16,30,Midday,948,7.0,10,2.4,0.85,170.6,64.8
5044,2025-10-05,Sunday,West,R063,Bus,17,0,Evening Peak,760,9.9,12,17.7,0.62,91.2,56.8
1327,2025-10-05,Sunday,North,R006,Metro,18,30,Evening Peak,1795,4.1,16,4.4,0.86,287.2,95.4
2653,2025-10-05,Sunday,North,R070,Cycling,18,45,Evening Peak,486,4.3,16,25.3,0.51,43.7,89.0
4779,2025-10-05,Sunday,West,R023,Tram,20,45,Late Evening,310,5.5,11,13.5,0.57,43.4,87.6
5019,2025-10-05,Sunday,Central,R018,Shared Mobility,22,15,Late Evening,183,2.8,13,11.1,0.47,9.2,82.4
5671,2025-10-05,Sunday,North,R017,Metro,22,15,Late Evening,499,3.5,10,19.5,0.65,79.8,88.2
4009,2025-10-05,Sunday,South,R080,Rail,22,45,Late Evening,497,2.7,15,7.6,0.7,89.5,83.6
5981,2025-10-06,Monday,West,R024,Bus,6,30,Early Morning,830,5.5,18,14.3,0.62,99.6,74.6
2326,2025-10-06,Monday,South,R038,Bus,9,0,Morning Peak,1439,10.4,11,7.7,0.8,172.7,73.3
4111,2025-10-06,Monday,West,R048,Metro,9,15,Morning Peak,2171,5.5,9,20.0,0.96,347.4,68.0
4083,2025-10-06,Monday,East,R023,Bus,9,45,Morning Peak,1518,9.3,9,12.8,0.75,182.2,63.7
5536,2025-10-06,Monday,South,R023,Cycling,10,0,Morning Peak,376,4.1,12,2.6,0.32,33.8,72.0
556,2025-10-06,Monday,South,R076,Metro,11,45,Midday,1546,2.1,14,19.8,0.88,247.4,78.3
2100,2025-10-06,Monday,East,R019,Bus,11,45,Midday,827,4.7,12,5.9,0.68,99.2,76.9
3052,2025-10-06,Monday,East,R062,Rail,14,45,Midday,840,5.3,12,3.9,0.67,151.2,76.2
442,2025-10-06,Monday,Central,R044,Metro,15,45,Midday,1608,2.6,19,8.0,0.84,257.3,98.0
3349,2025-10-06,Monday,North,R079,Rail,19,15,Evening Peak,705,9.6,10,11.5,0.69,126.9,71.0
2959,2025-10-06,Monday,East,R077,Bus,20,45,Late Evening,809,6.6,13,13.5,0.67,97.1,72.5
4762,2025-10-06,Monday,Central,R061,Bus,22,45,Late Evening,808,6.3,15,6.7,0.71,97.0,72.0
5143,2025-10-06,Monday,East,R022,Bus,22,45,Late Evening,464,4.8,16,25.5,0.62,55.7,87.6
4782,2025-10-06,Monday,East,R079,Metro,23,30,Late Evening,902,1.8,13,5.6,0.84,144.3,91.9
2820,2025-10-07,Tuesday,North,R032,Bus,6,15,Early Morning,537,9.0,4,22.5,0.67,64.4,72.8
361,2025-10-07,Tuesday,Central,R057,Rail,7,30,Early Morning,1744,10.4,6,19.8,0.76,313.9,72.0
1307,2025-10-07,Tuesday,South,R044,Bus,9,30,Morning Peak,1669,12.1,8,8.6,0.83,200.3,56.7
1754,2025-10-07,Tuesday,West,R075,Bus,9,30,Morning Peak,1345,13.1,3,24.3,0.71,161.4,59.1
5720,2025-10-07,Tuesday,West,R079,Bus,9,30,Morning Peak,1003,8.1,7,14.6,0.63,120.4,71.8
2257,2025-10-07,Tuesday,Central,R059,Rail,9,45,Morning Peak,1586,7.6,14,23.1,0.87,285.5,60.0
5472,2025-10-07,Tuesday,North,R069,Rail,14,15,Midday,637,6.7,13,18.3,0.73,114.7,63.2
3797,2025-10-07,Tuesday,South,R032,Bus,15,15,Midday,575,6.4,10,11.2,0.45,69.0,72.3
4297,2025-10-07,Tuesday,South,R018,Bus,15,15,Midday,1215,7.4,5,10.8,0.71,145.8,76.9
4326,2025-10-07,Tuesday,Central,R048,Bus,17,0,Evening Peak,1097,8.9,10,25.2,0.67,131.6,70.1
339,2025-10-07,Tuesday,Central,R014,Bus,18,0,Evening Peak,1306,7.6,8,3.6,0.73,156.7,76.4
228,2025-10-07,Tuesday,East,R074,Metro,20,45,Late Evening,1690,2.0,16,8.0,0.83,270.4,84.1
87,2025-10-07,Tuesday,Central,R048,Bus,21,0,Late Evening,689,6.6,10,12.0,0.61,82.7,73.3
3459,2025-10-07,Tuesday,West,R005,Tram,21,0,Late Evening,530,2.7,17,19.1,0.63,74.2,72.3
499,2025-10-07,Tuesday,Central,R043,Bus,21,30,Late Evening,664,9.9,6,26.4,0.59,79.7,57.3
4098,2025-10-07,Tuesday,South,R013,Metro,23,15,Late Evening,508,1.8,17,16.3,0.79,81.3,76.6
5793,2025-10-07,Tuesday,West,R080,Metro,23,45,Late Evening,1242,4.3,16,17.0,0.8,198.7,88.4
3728,2025-10-08,Wednesday,Central,R019,Bus,6,0,Early Morning,617,7.3,12,21.7,0.65,74.0,58.7
1753,2025-10-08,Wednesday,Central,R057,Cycling,8,45,Morning Peak,522,6.7,8,24.1,0.49,47.0,71.1
2394,2025-10-08,Wednesday,West,R028,Metro,8,45,Morning Peak,1170,4.9,15,16.9,0.7,187.2,70.6
3022,2025-10-08,Wednesday,North,R061,Bus,9,15,Morning Peak,1913,10.5,10,27.5,0.78,229.6,68.3
832,2025-10-08,Wednesday,East,R036,Metro,9,30,Morning Peak,1494,9.5,6,6.2,0.87,239.0,65.2
5636,2025-10-08,Wednesday,North,R034,Shared Mobility,9,30,Morning Peak,406,3.2,14,25.4,0.27,20.3,68.8
354,2025-10-08,Wednesday,South,R030,Rail,9,45,Morning Peak,1363,10.5,7,3.9,0.74,245.3,74.9
1323,2025-10-08,Wednesday,North,R063,Bus,10,0,Morning Peak,1047,6.4,11,15.8,0.74,125.6,76.3
3644,2025-10-08,Wednesday,East,R036,Metro,10,15,Morning Peak,1362,6.4,12,9.1,0.86,217.9,78.6
2666,2025-10-08,Wednesday,North,R068,Tram,11,15,Midday,624,4.1,17,22.6,0.67,87.4,90.3
3113,2025-10-08,Wednesday,South,R047,Metro,16,30,Midday,1451,5.5,11,5.8,0.93,232.2,72.4
5089,2025-10-08,Wednesday,South,R072,Metro,18,15,Evening Peak,1231,5.7,8,3.3,0.72,197.0,76.1
2152,2025-10-08,Wednesday,North,R055,Bus,21,0,Late Evening,712,7.0,7,8.9,0.59,85.4,72.2
5546,2025-10-08,Wednesday,East,R028,Bus,22,45,Late Evening,1067,4.3,14,23.8,0.69,128.0,82.6
5741,2025-10-08,Wednesday,West,R058,Rail,23,15,Late Evening,1031,6.9,8,17.2,0.63,185.6,52.6
2009,2025-10-09,Thursday,South,R010,Cycling,8,30,Morning Peak,597,6.8,13,7.6,0.41,53.7,66.9
860,2025-10-09,Thursday,Central,R059,Bus,9,45,Morning Peak,1365,12.1,7,9.2,0.77,163.8,62.4
4610,2025-10-09,Thursday,Central,R004,Tram,10,0,Morning Peak,1062,5.4,13,6.9,0.63,148.7,86.8
731,2025-10-09,Thursday,Central,R046,Metro,12,45,Midday,1540,2.8,13,3.0,0.76,246.4,87.7
4633,2025-10-09,Thursday,South,R026,Rail,12,45,Midday,910,4.8,15,20.6,0.68,163.8,72.3
2500,2025-10-09,Thursday,North,R067,Bus,13,0,Midday,1488,6.7,10,12.8,0.77,178.6,72.0
5280,2025-10-09,Thursday,North,R064,Bus,13,30,Midday,967,6.7,12,22.1,0.65,116.0,65.7
2127,2025-10-09,Thursday,East,R069,Shared Mobility,14,15,Midday,249,2.6,15,19.1,0.35,12.5,76.8
1375,2025-10-09,Thursday,Central,R034,Metro,17,30,Evening Peak,1773,6.7,13,25.8,0.81,283.7,71.3
5295,2025-10-09,Thursday,East,R057,Bus,18,0,Evening Peak,733,11.0,5,8.0,0.65,88.0,51.4
3906,2025-10-09,Thursday,West,R010,Bus,19,15,Evening Peak,399,1.9,15,11.2,0.66,47.9,73.8
4073,2025-10-09,Thursday,South,R039,Bus,19,15,Evening Peak,816,2.9,18,20.9,0.6,97.9,90.8
1941,2025-10-09,Thursday,South,R051,Bus,19,30,Evening Peak,748,5.3,9,20.0,0.58,89.8,70.0
3571,2025-10-09,Thursday,East,R055,Bus,19,30,Evening Peak,1148,4.3,13,26.1,0.68,137.8,71.3
4615,2025-10-09,Thursday,Central,R007,Metro,20,45,Late Evening,885,2.4,15,19.0,0.69,141.6,77.3
1118,2025-10-09,Thursday,East,R074,Bus,22,0,Late Evening,826,8.3,8,13.1,0.68,99.1,66.1
1457,2025-10-09,Thursday,Central,R046,Bus,22,15,Late Evening,539,6.7,15,22.8,0.64,64.7,69.7
5012,2025-10-09,Thursday,West,R053,Rail,22,15,Late Evening,925,6.6,7,25.9,0.72,166.5,61.4
937,2025-10-09,Thursday,East,R039,Bus,23,0,Late Evening,647,3.8,11,1.7,0.59,77.6,85.7
4510,2025-10-10,Friday,Central,R050,Cycling,8,45,Morning Peak,425,3.9,15,12.3,0.42,38.2,70.2
1120,2025-10-10,Friday,North,R035,Bus,9,45,Morning Peak,922,8.1,16,16.2,0.72,110.6,77.4
3824,2025-10-10,Friday,East,R035,Cycling,10,0,Morning Peak,291,0.0,19,3.3,0.45,26.2,78.0
133,2025-10-10,Friday,South,R026,Metro,10,45,Morning Peak,1159,3.4,15,4.1,0.76,185.4,77.9
3016,2025-10-10,Friday,West,R035,Tram,10,45,Morning Peak,331,2.3,11,6.6,0.57,46.3,84.3
4099,2025-10-10,Friday,Central,R012,Metro,10,45,Morning Peak,1899,0.9,10,27.2,0.88,303.8,94.8
176,2025-10-10,Friday,East,R011,Tram,11,0,Midday,628,5.8,14,22.5,0.56,87.9,86.7
5593,2025-10-10,Friday,North,R056,Rail,12,0,Midday,1352,3.3,16,9.1,0.67,243.4,79.7
5843,2025-10-10,Friday,South,R004,Metro,12,0,Midday,798,8.9,5,10.4,0.75,127.7,71.2
611,2025-10-10,Friday,East,R070,Bus,12,15,Midday,1002,6.6,14,14.9,0.75,120.2,76.9
736,2025-10-10,Friday,East,R030,Bus,15,0,Midday,689,6.5,11,17.7,0.6,82.7,82.9
3225,2025-10-10,Friday,Central,R066,Bus,15,0,Midday,1058,6.6,11,26.1,0.72,127.0,70.6
5758,2025-10-10,Friday,South,R078,Metro,17,0,Evening Peak,1650,7.3,12,2.8,0.82,264.0,65.0
4389,2025-10-10,Friday,North,R029,Metro,17,30,Evening Peak,1493,9.1,11,22.9,0.83,238.9,70.0
5288,2025-10-10,Friday,East,R037,Metro,18,15,Evening Peak,1315,5.8,11,22.7,0.75,210.4,72.9
316,2025-10-10,Friday,South,R018,Tram,19,0,Evening Peak,388,0.6,21,26.6,0.59,54.3,81.6
4268,2025-10-10,Friday,South,R001,Metro,19,45,Evening Peak,1606,2.9,15,6.1,0.86,257.0,80.8
5731,2025-10-10,Friday,Central,R032,Metro,20,45,Late Evening,736,4.3,16,4.0,0.68,117.8,82.2
4237,2025-10-10,Friday,West,R010,Metro,21,15,Late Evening,902,2.8,21,13.2,0.78,144.3,72.4
5411,2025-10-10,Friday,North,R031,Metro,22,0,Late Evening,563,1.6,20,8.7,0.77,90.1,77.9
2648,2025-10-10,Friday,South,R048,Rail,22,15,Late Evening,1269,7.6,7,23.7,0.72,228.4,75.2
4346,2025-10-10,Friday,South,R074,Tram,22,30,Late Evening,371,5.8,12,24.2,0.51,51.9,68.9
2984,2025-10-10,Friday,North,R053,Tram,23,0,Late Evening,425,5.8,13,7.7,0.64,59.5,67.8
1991,2025-10-11,Saturday,East,R078,Cycling,5,0,Early Morning,230,1.3,20,3.8,0.45,20.7,77.0
3351,2025-10-11,Saturday,North,R045,Bus,6,45,Early Morning,626,5.7,14,26.9,0.67,75.1,53.6
5262,2025-10-11,Saturday,East,R060,Shared Mobility,8,30,Morning Peak,206,4.8,16,27.7,0.53,10.3,77.8
322,2025-10-11,Saturday,West,R047,Bus,9,30,Morning Peak,954,9.5,10,17.1,0.73,114.5,77.8
5464,2025-10-11,Saturday,South,R009,Bus,10,0,Morning Peak,1001,7.0,11,7.9,0.67,120.1,77.5
4448,2025-10-11,Saturday,North,R028,Tram,10,30,Morning Peak,851,6.1,12,10.2,0.68,119.1,69.1
164,2025-10-11,Saturday,Central,R033,Shared Mobility,13,0,Midday,242,1.3,19,6.8,0.35,12.1,75.8
5612,2025-10-11,Saturday,South,R007,Tram,14,30,Midday,281,7.0,14,8.9,0.51,39.3,76.8
2530,2025-10-11,Saturday,South,R007,Metro,16,0,Midday,1114,7.7,11,22.8,0.91,178.2,81.6
3477,2025-10-11,Saturday,Central,R034,Metro,16,15,Midday,1254,7.1,7,12.6,0.81,200.6,72.6
4370,2025-10-11,Saturday,North,R054,Metro,16,15,Midday,1587,8.9,8,19.6,0.84,253.9,73.5
2948,2025-10-11,Saturday,East,R018,Rail,17,15,Evening Peak,1135,7.2,9,25.9,0.75,204.3,81.6
573,2025-10-11,Saturday,West,R075,Tram,18,0,Evening Peak,822,9.1,6,10.4,0.63,115.1,62.5
1612,2025-10-11,Saturday,South,R042,Metro,20,0,Late Evening,617,1.6,17,3.6,0.78,98.7,92.4
3124,2025-10-11,Saturday,South,R016,Metro,20,0,Late Evening,664,3.7,15,7.7,0.75,106.2,87.3
5740,2025-10-11,Saturday,West,R065,Tram,22,15,Late Evening,618,1.5,10,18.7,0.55,86.5,80.7
158,2025-10-11,Saturday,Central,R006,Metro,23,0,Late Evening,608,3.3,9,24.5,0.64,97.3,70.2
1723,2025-10-12,Sunday,South,R019,Metro,5,30,Early Morning,979,1.1,20,8.4,0.69,156.6,83.3
518,2025-10-12,Sunday,Central,R032,Shared Mobility,5,45,Early Morning,203,3.4,13,4.4,0.46,10.2,73.5
2010,2025-10-12,Sunday,South,R044,Shared Mobility,5,45,Early Morning,215,4.9,15,10.4,0.31,10.8,82.8
5785,2025-10-12,Sunday,Central,R033,Metro,6,0,Early Morning,663,1.0,22,7.2,0.84,106.1,86.3
1223,2025-10-12,Sunday,Central,R003,Shared Mobility,7,15,Early Morning,288,1.9,16,27.8,0.45,14.4,82.2
468,2025-10-12,Sunday,South,R036,Bus,8,45,Morning Peak,1316,10.7,8,25.6,0.75,157.9,62.4
3315,2025-10-12,Sunday,East,R018,Metro,9,0,Morning Peak,2013,3.2,11,21.5,0.91,322.1,96.2
3431,2025-10-12,Sunday,South,R075,Rail,9,0,Morning Peak,973,7.1,8,4.8,0.69,175.1,81.1
808,2025-10-12,Sunday,North,R071,Rail,9,45,Morning Peak,936,11.9,8,10.1,0.7,168.5,64.7
5634,2025-10-12,Sunday,East,R022,Rail,10,0,Morning Peak,717,6.6,9,10.7,0.56,129.1,54.7
2031,2025-10-12,Sunday,North,R028,Rail,10,45,Morning Peak,573,7.9,14,20.1,0.7,103.1,65.7
2643,2025-10-12,Sunday,Central,R018,Tram,11,45,Midday,935,6.1,10,22.8,0.66,130.9,58.7
4549,2025-10-12,Sunday,North,R053,Bus,12,15,Midday,430,1.9,16,18.7,0.63,51.6,81.0
1710,2025-10-12,Sunday,Central,R070,Rail,14,30,Midday,568,5.8,15,17.2,0.6,102.2,70.2
5624,2025-10-12,Sunday,North,R066,Bus,16,30,Midday,662,7.4,11,27.6,0.73,79.4,74.6
3968,2025-10-12,Sunday,East,R074,Rail,16,45,Midday,866,10.2,12,20.5,0.73,155.9,57.5
1197,2025-10-12,Sunday,Central,R062,Bus,18,15,Evening Peak,999,8.7,6,27.5,0.75,119.9,75.0
5864,2025-10-12,Sunday,Central,R052,Bus,20,45,Late Evening,521,8.5,14,20.8,0.73,62.5,56.5
1287,2025-10-12,Sunday,Central,R052,Tram,21,45,Late Evening,452,1.8,16,1.8,0.53,63.3,74.3
1728,2025-10-12,Sunday,North,R034,Bus,23,0,Late Evening,588,6.5,14,8.7,0.63,70.6,88.6
1041,2025-10-13,Monday,Central,R066,Metro,5,30,Early Morning,748,4.5,12,12.1,0.89,119.7,67.0
3038,2025-10-13,Monday,West,R071,Bus,7,45,Early Morning,1492,10.8,8,12.7,0.83,179.0,61.7
320,2025-10-13,Monday,Central,R038,Bus,9,30,Morning Peak,1787,10.1,7,7.7,0.75,214.4,68.8
560,2025-10-13,Monday,East,R029,Metro,10,15,Morning Peak,1092,5.9,9,17.8,0.83,174.7,71.6
717,2025-10-13,Monday,West,R041,Metro,11,0,Midday,1182,3.0,17,3.1,0.75,189.1,84.4
2337,2025-10-13,Monday,South,R041,Bus,11,0,Midday,991,4.3,23,20.1,0.68,118.9,82.8
5158,2025-10-13,Monday,North,R042,Bus,13,15,Midday,732,5.7,13,13.6,0.71,87.8,81.7
2304,2025-10-13,Monday,East,R031,Tram,13,45,Midday,528,5.8,10,14.6,0.55,73.9,69.0
795,2025-10-13,Monday,South,R077,Metro,15,30,Midday,1765,4.7,15,19.1,0.97,282.4,80.9
1225,2025-10-13,Monday,West,R038,Rail,18,15,Evening Peak,1100,4.9,9,7.2,0.75,198.0,74.8
3137,2025-10-13,Monday,East,R072,Bus,18,45,Evening Peak,1009,10.1,9,26.5,0.59,121.1,71.7
5993,2025-10-13,Monday,East,R037,Rail,19,0,Evening Peak,673,5.1,8,4.1,0.62,121.1,63.0
5484,2025-10-13,Monday,East,R004,Rail,19,30,Evening Peak,609,6.3,9,22.7,0.69,109.6,75.0
169,2025-10-13,Monday,North,R021,Metro,19,45,Evening Peak,813,6.1,11,7.4,0.71,130.1,66.7
3564,2025-10-13,Monday,Central,R050,Metro,21,0,Late Evening,1341,7.6,13,13.2,0.89,214.6,73.5
4823,2025-10-14,Tuesday,South,R024,Rail,8,45,Morning Peak,1396,10.6,6,7.4,0.73,251.3,66.3
5271,2025-10-14,Tuesday,West,R009,Shared Mobility,8,45,Morning Peak,336,6.7,9,15.7,0.47,16.8,81.2
2073,2025-10-14,Tuesday,Central,R031,Bus,9,45,Morning Peak,1400,9.3,11,22.0,0.81,168.0,56.0
5852,2025-10-14,Tuesday,Central,R005,Bus,11,45,Midday,484,7.4,13,10.6,0.6,58.1,69.7
2311,2025-10-14,Tuesday,South,R025,Metro,12,30,Midday,1223,4.5,13,14.4,0.81,195.7,65.8
3545,2025-10-14,Tuesday,North,R050,Metro,14,0,Midday,1367,2.2,14,21.9,0.67,218.7,90.4
4161,2025-10-14,Tuesday,Central,R044,Metro,14,45,Midday,1906,3.5,15,12.9,0.81,305.0,72.7
1151,2025-10-14,Tuesday,East,R050,Bus,16,15,Midday,935,6.3,12,6.7,0.55,112.2,74.9
5126,2025-10-14,Tuesday,East,R023,Cycling,17,45,Evening Peak,498,2.4,19,26.9,0.55,44.8,81.0
5118,2025-10-14,Tuesday,West,R003,Cycling,18,15,Evening Peak,809,3.5,17,9.5,0.4,72.8,83.5
2431,2025-10-14,Tuesday,Central,R029,Rail,18,30,Evening Peak,916,8.5,12,14.5,0.68,164.9,85.6
1355,2025-10-14,Tuesday,Central,R046,Bus,21,0,Late Evening,579,6.8,8,13.0,0.66,69.5,74.0
1972,2025-10-14,Tuesday,Central,R054,Bus,21,30,Late Evening,588,10.9,8,2.1,0.56,70.6,79.5
5468,2025-10-14,Tuesday,South,R026,Metro,21,45,Late Evening,1140,3.1,11,6.2,0.86,182.4,75.3
5500,2025-10-15,Wednesday,East,R036,Cycling,5,15,Early Morning,131,0.0,17,12.5,0.47,11.8,81.5
5663,2025-10-15,Wednesday,North,R022,Metro,6,15,Early Morning,944,0.8,18,4.3,0.65,151.0,81.1
1059,2025-10-15,Wednesday,South,R035,Metro,7,0,Early Morning,1769,4.6,15,26.5,0.89,283.0,86.3
1248,2025-10-15,Wednesday,South,R003,Bus,7,15,Early Morning,969,8.6,12,24.1,0.85,116.3,69.3
3362,2025-10-15,Wednesday,West,R028,Bus,7,45,Early Morning,1413,6.5,12,9.1,0.83,169.6,71.2
2599,2025-10-15,Wednesday,East,R006,Tram,8,15,Morning Peak,932,6.4,13,4.9,0.65,130.5,72.7
761,2025-10-15,Wednesday,Central,R079,Rail,9,0,Morning Peak,1995,10.5,14,18.2,0.9,359.1,69.6
5690,2025-10-15,Wednesday,Central,R002,Metro,9,15,Morning Peak,1936,11.4,2,14.1,0.92,309.8,66.6
5192,2025-10-15,Wednesday,South,R003,Bus,9,30,Morning Peak,1178,8.5,9,21.8,0.82,141.4,74.0
2265,2025-10-15,Wednesday,West,R044,Cycling,9,45,Morning Peak,966,5.6,13,22.6,0.53,86.9,65.2
1271,2025-10-15,Wednesday,Central,R055,Bus,10,30,Morning Peak,709,5.3,13,13.7,0.7,85.1,77.0
4883,2025-10-15,Wednesday,West,R057,Bus,10,30,Morning Peak,1179,8.1,10,24.2,0.69,141.5,71.6
363,2025-10-15,Wednesday,South,R037,Cycling,10,45,Morning Peak,351,1.1,21,3.5,0.55,31.6,86.3
3876,2025-10-15,Wednesday,North,R060,Bus,11,30,Midday,807,3.6,15,2.6,0.57,96.8,87.4
5834,2025-10-15,Wednesday,North,R046,Shared Mobility,11,30,Midday,211,3.1,17,24.9,0.32,10.6,77.7
4383,2025-10-15,Wednesday,North,R056,Metro,12,45,Midday,1345,2.7,12,12.8,0.84,215.2,83.1
1731,2025-10-15,Wednesday,East,R027,Shared Mobility,14,0,Midday,325,2.4,17,24.2,0.38,16.2,82.3
1243,2025-10-15,Wednesday,South,R075,Metro,16,30,Midday,2576,6.1,20,20.7,0.93,412.2,71.2
5250,2025-10-15,Wednesday,West,R072,Bus,17,0,Evening Peak,1237,9.1,5,3.6,0.76,148.4,62.1
5451,2025-10-15,Wednesday,Central,R054,Bus,17,30,Evening Peak,964,5.8,15,6.8,0.7,115.7,82.2
392,2025-10-15,Wednesday,North,R025,Shared Mobility,18,30,Evening Peak,583,6.8,13,16.2,0.41,29.2,72.2
2341,2025-10-15,Wednesday,South,R066,Metro,18,30,Evening Peak,1807,6.6,9,20.8,0.9,289.1,72.3
5858,2025-10-15,Wednesday,Central,R009,Cycling,19,0,Evening Peak,334,2.4,19,2.2,0.5,30.1,85.5
2414,2025-10-15,Wednesday,West,R076,Rail,21,45,Late Evening,796,5.0,13,12.2,0.68,143.3,75.5
1887,2025-10-15,Wednesday,West,R009,Bus,22,15,Late Evening,866,9.7,11,22.8,0.62,103.9,69.9
2598,2025-10-15,Wednesday,Central,R067,Shared Mobility,23,0,Late Evening,182,2.8,10,3.0,0.3,9.1,80.7
1453,2025-10-15,Wednesday,South,R039,Tram,23,30,Late Evening,383,3.8,15,20.5,0.56,53.6,73.6
2614,2025-10-15,Wednesday,West,R013,Bus,23,45,Late Evening,551,7.2,10,5.1,0.61,66.1,68.1
4226,2025-10-16,Thursday,West,R049,Bus,7,15,Early Morning,2030,6.8,3,24.5,0.72,243.6,76.3
1826,2025-10-16,Thursday,Central,R061,Bus,8,0,Morning Peak,993,14.3,2,22.6,0.66,119.2,57.6
2892,2025-10-16,Thursday,North,R076,Bus,9,15,Morning Peak,1243,7.1,11,11.3,0.79,149.2,78.6
1805,2025-10-16,Thursday,Central,R007,Cycling,9,30,Morning Peak,702,4.9,15,2.8,0.48,63.2,82.8
4592,2025-10-16,Thursday,East,R067,Metro,9,30,Morning Peak,1253,6.1,10,15.6,0.75,200.5,83.5
300,2025-10-16,Thursday,North,R072,Rail,10,0,Morning Peak,877,5.0,12,6.1,0.67,157.9,75.2
1395,2025-10-16,Thursday,North,R070,Tram,10,0,Morning Peak,522,2.2,16,26.9,0.66,73.1,79.4
1629,2025-10-16,Thursday,South,R048,Cycling,10,15,Morning Peak,467,0.7,16,3.5,0.46,42.0,94.1
2397,2025-10-16,Thursday,West,R060,Bus,11,0,Midday,855,7.2,10,20.7,0.64,102.6,69.1
1081,2025-10-16,Thursday,West,R022,Cycling,11,30,Midday,352,0.0,19,13.0,0.6,31.7,91.9
106,2025-10-16,Thursday,South,R029,Bus,12,45,Midday,696,6.4,13,10.0,0.69,83.5,74.9
3062,2025-10-16,Thursday,East,R054,Metro,14,45,Midday,1920,1.4,19,20.5,0.92,307.2,75.6
943,2025-10-16,Thursday,East,R004,Bus,15,15,Midday,819,8.1,5,22.9,0.73,98.3,81.3
723,2025-10-16,Thursday,North,R002,Metro,17,30,Evening Peak,1487,4.9,10,5.8,0.7,237.9,82.7
479,2025-10-16,Thursday,South,R054,Rail,18,0,Evening Peak,1247,6.2,11,18.5,0.76,224.5,60.7
1086,2025-10-16,Thursday,Central,R035,Rail,18,30,Evening Peak,908,7.9,8,24.6,0.78,163.4,75.6
4285,2025-10-16,Thursday,North,R045,Bus,21,30,Late Evening,999,4.1,16,21.6,0.73,119.9,85.8
2070,2025-10-16,Thursday,Central,R035,Bus,22,15,Late Evening,806,6.7,19,19.8,0.66,96.7,72.1
4567,2025-10-16,Thursday,South,R067,Metro,22,45,Late Evening,689,1.2,14,7.0,0.78,110.2,92.9
4342,2025-10-17,Friday,West,R053,Rail,5,0,Early Morning,663,5.9,7,17.1,0.68,119.3,83.9
3378,2025-10-17,Friday,North,R072,Bus,6,45,Early Morning,683,9.1,11,20.2,0.72,82.0,67.6
4107,2025-10-17,Friday,East,R034,Shared Mobility,9,15,Morning Peak,421,6.7,12,21.4,0.5,21.0,79.8
2161,2025-10-17,Friday,East,R033,Cycling,9,45,Morning Peak,642,3.7,15,2.0,0.51,57.8,77.0
489,2025-10-17,Friday,South,R040,Bus,10,0,Morning Peak,811,7.3,8,27.0,0.67,97.3,73.7
3670,2025-10-17,Friday,Central,R018,Bus,10,0,Morning Peak,1042,3.9,17,24.2,0.74,125.0,84.1
4416,2025-10-17,Friday,Central,R035,Metro,10,45,Morning Peak,1133,6.0,10,23.4,0.75,181.3,84.6
5674,2025-10-17,Friday,Central,R049,Shared Mobility,10,45,Morning Peak,218,1.9,17,26.5,0.39,10.9,82.3
449,2025-10-17,Friday,Central,R052,Rail,11,15,Midday,685,6.1,8,16.7,0.64,123.3,72.8
3607,2025-10-17,Friday,Central,R010,Metro,12,30,Midday,1361,5.4,13,5.6,0.76,217.8,67.7
3598,2025-10-17,Friday,South,R057,Tram,12,45,Midday,654,5.8,10,11.6,0.51,91.6,67.4
2533,2025-10-17,Friday,South,R041,Bus,16,45,Midday,1588,10.5,4,13.7,0.79,190.6,72.8
5275,2025-10-17,Friday,Central,R073,Bus,18,15,Evening Peak,1346,7.0,15,22.6,0.72,161.5,63.7
2055,2025-10-17,Friday,South,R013,Bus,19,45,Evening Peak,695,8.0,8,14.7,0.65,83.4,76.4
4981,2025-10-17,Friday,North,R072,Bus,21,15,Late Evening,643,5.8,13,24.4,0.74,77.2,75.1
3625,2025-10-17,Friday,East,R021,Metro,23,30,Late Evening,1817,6.2,14,14.2,0.9,290.7,77.5
5861,2025-10-18,Saturday,East,R038,Shared Mobility,5,30,Early Morning,145,2.0,8,18.4,0.39,7.2,87.7
2118,2025-10-18,Saturday,East,R064,Shared Mobility,8,30,Morning Peak,442,1.1,14,18.5,0.45,22.1,83.7
2248,2025-10-18,Saturday,North,R037,Bus,9,15,Morning Peak,1177,12.4,3,14.5,0.73,141.2,53.1
4322,2025-10-18,Saturday,Central,R017,Bus,10,0,Morning Peak,1034,5.7,6,19.0,0.66,124.1,78.2
2168,2025-10-18,Saturday,South,R063,Rail,10,15,Morning Peak,907,3.7,14,7.1,0.69,163.3,78.8
1417,2025-10-18,Saturday,Central,R051,Bus,11,15,Midday,460,5.4,11,18.0,0.55,55.2,80.8
5518,2025-10-18,Saturday,South,R075,Bus,11,15,Midday,508,7.9,13,12.8,0.56,61.0,64.7
3233,2025-10-18,Saturday,East,R055,Bus,15,45,Midday,772,6.6,12,15.9,0.65,92.6,74.1
1175,2025-10-18,Saturday,South,R001,Shared Mobility,18,0,Evening Peak,396,1.5,15,11.9,0.39,19.8,86.7
1042,2025-10-18,Saturday,Central,R017,Bus,18,15,Evening Peak,998,12.2,3,22.1,0.65,119.8,67.9
1267,2025-10-18,Saturday,North,R006,Bus,18,15,Evening Peak,1060,9.3,10,21.7,0.67,127.2,65.9
4833,2025-10-18,Saturday,East,R015,Metro,20,15,Late Evening,504,2.3,12,16.0,0.8,80.6,83.3
4505,2025-10-18,Saturday,West,R069,Metro,21,15,Late Evening,990,5.9,13,24.6,0.82,158.4,83.3
2302,2025-10-18,Saturday,North,R059,Metro,21,45,Late Evening,737,4.5,15,18.5,0.75,117.9,79.7
2375,2025-10-18,Saturday,Central,R036,Bus,22,15,Late Evening,741,4.6,9,16.2,0.67,88.9,73.6
4836,2025-10-18,Saturday,West,R079,Metro,22,30,Late Evening,866,5.5,10,23.9,0.72,138.6,79.5
3768,2025-10-19,Sunday,South,R075,Rail,7,0,Early Morning,1482,1.3,16,16.7,0.85,266.8,98.0
874,2025-10-19,Sunday,West,R051,Rail,8,30,Morning Peak,1082,9.1,6,15.0,0.79,194.8,78.4
2347,2025-10-19,Sunday,South,R069,Rail,8,30,Morning Peak,1071,7.7,12,4.3,0.79,192.8,73.1
2153,2025-10-19,Sunday,North,R025,Bus,9,30,Morning Peak,1208,8.2,11,6.2,0.69,145.0,59.7
4929,2025-10-19,Sunday,East,R059,Shared Mobility,10,0,Morning Peak,140,4.6,13,3.3,0.26,7.0,74.4
4669,2025-10-19,Sunday,Central,R025,Bus,11,30,Midday,485,9.9,8,8.0,0.6,58.2,71.8
3578,2025-10-19,Sunday,East,R053,Rail,12,45,Midday,695,8.1,12,16.9,0.83,125.1,78.0
1117,2025-10-19,Sunday,West,R025,Rail,13,0,Midday,692,10.6,6,11.4,0.74,124.6,69.6
4735,2025-10-19,Sunday,West,R075,Bus,14,15,Midday,625,5.2,13,23.1,0.71,75.0,71.2
5611,2025-10-19,Sunday,West,R049,Bus,14,15,Midday,634,6.5,15,17.4,0.67,76.1,71.8
2579,2025-10-19,Sunday,South,R045,Bus,16,15,Midday,1553,6.4,15,23.6,0.73,186.4,79.2
1374,2025-10-19,Sunday,East,R049,Bus,22,0,Late Evening,560,5.2,16,6.8,0.61,67.2,74.7
5606,2025-10-19,Sunday,West,R012,Tram,22,15,Late Evening,374,6.0,9,22.4,0.56,52.4,81.6
4184,2025-10-19,Sunday,South,R017,Bus,22,45,Late Evening,556,6.7,14,19.2,0.74,66.7,70.2
627,2025-10-19,Sunday,South,R039,Bus,23,0,Late Evening,869,4.4,15,21.2,0.72,104.3,80.1
1524,2025-10-20,Monday,East,R073,Bus,6,15,Early Morning,1005,7.9,14,16.4,0.73,120.6,73.0
1532,2025-10-20,Monday,East,R057,Tram,6,15,Early Morning,355,4.4,13,1.8,0.54,49.7,73.2
1299,2025-10-20,Monday,North,R035,Rail,7,15,Early Morning,1395,9.2,10,3.2,0.82,251.1,67.5
2007,2025-10-20,Monday,Central,R041,Cycling,8,30,Morning Peak,508,3.2,20,10.2,0.44,45.7,69.0
119,2025-10-20,Monday,East,R046,Metro,9,0,Morning Peak,1803,5.2,12,11.8,0.97,288.5,63.3
4926,2025-10-20,Monday,Central,R033,Shared Mobility,10,15,Morning Peak,283,7.5,9,19.7,0.48,14.2,74.7
5238,2025-10-20,Monday,South,R070,Bus,10,45,Morning Peak,588,5.2,15,20.9,0.63,70.6,86.2
1146,2025-10-20,Monday,South,R006,Rail,11,15,Midday,903,3.3,19,9.2,0.66,162.5,81.0
1335,2025-10-20,Monday,East,R056,Shared Mobility,11,45,Midday,252,1.7,13,17.0,0.47,12.6,98.0
3735,2025-10-20,Monday,North,R080,Shared Mobility,11,45,Midday,376,4.8,18,23.3,0.47,18.8,82.1
997,2025-10-20,Monday,North,R057,Bus,12,0,Midday,508,7.0,12,17.7,0.57,61.0,65.3
2238,2025-10-20,Monday,East,R022,Bus,12,30,Midday,1165,8.7,10,26.8,0.75,139.8,74.4
2716,2025-10-20,Monday,Central,R070,Bus,15,15,Midday,573,9.8,9,25.0,0.62,68.8,71.8
2216,2025-10-20,Monday,North,R048,Rail,18,15,Evening Peak,1277,11.7,7,9.6,0.87,229.9,74.5
1911,2025-10-20,Monday,Central,R016,Metro,19,15,Evening Peak,751,6.7,8,18.2,0.72,120.2,80.9
4990,2025-10-20,Monday,Central,R038,Rail,19,15,Evening Peak,731,4.7,18,12.5,0.79,131.6,79.8
4957,2025-10-20,Monday,North,R022,Metro,20,0,Late Evening,1416,1.9,14,10.6,0.9,226.6,86.9
1950,2025-10-20,Monday,East,R013,Tram,21,0,Late Evening,229,3.3,12,13.6,0.59,32.1,80.4
5623,2025-10-20,Monday,North,R044,Shared Mobility,21,15,Late Evening,182,4.6,15,3.5,0.34,9.1,95.3
1481,2025-10-20,Monday,East,R040,Metro,22,0,Late Evening,732,3.2,9,8.5,0.72,117.1,81.8
2137,2025-10-20,Monday,East,R039,Rail,22,45,Late Evening,549,6.0,15,2.2,0.58,98.8,68.5
3540,2025-10-21,Tuesday,South,R056,Bus,6,15,Early Morning,745,9.1,4,8.5,0.7,89.4,70.0
3922,2025-10-21,Tuesday,West,R021,Bus,8,0,Morning Peak,1196,8.9,9,20.0,0.7,143.5,80.2
3686,2025-10-21,Tuesday,Central,R066,Shared Mobility,8,45,Morning Peak,584,5.5,13,6.8,0.38,29.2,77.4
21,2025-10-21,Tuesday,West,R011,Bus,9,30,Morning Peak,2307,8.8,7,2.1,0.82,276.8,63.0
791,2025-10-21,Tuesday,East,R049,Rail,9,30,Morning Peak,1446,10.0,9,11.8,0.69,260.3,80.2
1097,2025-10-21,Tuesday,East,R022,Bus,10,15,Morning Peak,912,10.2,12,13.9,0.65,109.4,60.0
2037,2025-10-21,Tuesday,South,R034,Tram,11,0,Midday,471,2.2,16,22.6,0.55,65.9,74.5
2924,2025-10-21,Tuesday,West,R003,Metro,11,15,Midday,1191,6.5,13,22.4,0.73,190.6,63.8
3080,2025-10-21,Tuesday,Central,R052,Bus,11,45,Midday,726,4.9,18,22.6,0.56,87.1,64.5
902,2025-10-21,Tuesday,West,R052,Shared Mobility,12,0,Midday,334,1.8,17,2.0,0.53,16.7,90.8
5314,2025-10-21,Tuesday,East,R050,Tram,15,45,Midday,612,8.5,7,3.7,0.56,85.7,66.7
227,2025-10-21,Tuesday,West,R074,Bus,17,0,Evening Peak,1513,8.7,5,1.9,0.83,181.6,75.3
3350,2025-10-21,Tuesday,West,R037,Metro,18,0,Evening Peak,2440,6.8,9,27.4,0.97,390.4,60.3
5816,2025-10-21,Tuesday,South,R041,Metro,20,0,Late Evening,896,4.1,11,24.6,0.82,143.4,84.2
3392,2025-10-21,Tuesday,West,R002,Cycling,20,30,Late Evening,199,1.7,15,27.6,0.45,17.9,76.4
4767,2025-10-21,Tuesday,North,R019,Rail,20,45,Late Evening,767,8.7,15,7.6,0.65,138.1,66.1
1181,2025-10-21,Tuesday,Central,R051,Bus,23,15,Late Evening,631,7.3,18,25.1,0.51,75.7,82.7
5943,2025-10-21,Tuesday,Central,R047,Rail,23,30,Late Evening,433,3.5,19,24.2,0.61,77.9,85.4
2664,2025-10-22,Wednesday,Central,R020,Cycling,6,0,Early Morning,397,2.2,19,6.1,0.53,35.7,84.9
2818,2025-10-22,Wednesday,East,R047,Cycling,6,0,Early Morning,169,0.0,15,18.7,0.4,15.2,83.4
4607,2025-10-22,Wednesday,East,R068,Bus,7,30,Early Morning,1821,9.7,8,2.6,0.73,218.5,58.7
3247,2025-10-22,Wednesday,West,R007,Bus,8,0,Morning Peak,901,8.6,7,10.9,0.64,108.1,67.9
1384,2025-10-22,Wednesday,West,R018,Bus,9,15,Morning Peak,1577,8.1,9,23.3,0.79,189.2,71.4
1928,2025-10-22,Wednesday,East,R006,Bus,11,15,Midday,871,5.6,10,15.6,0.7,104.5,65.9
4532,2025-10-22,Wednesday,East,R054,Metro,11,45,Midday,1253,5.6,12,26.8,0.83,200.5,53.0
1535,2025-10-22,Wednesday,South,R016,Rail,13,0,Midday,843,8.7,14,27.3,0.76,151.7,63.3
4447,2025-10-22,Wednesday,North,R008,Cycling,13,30,Midday,405,2.6,16,21.1,0.42,36.4,77.5
1669,2025-10-22,Wednesday,South,R068,Metro,13,45,Midday,786,1.1,18,26.5,0.8,125.8,76.8
3635,2025-10-22,Wednesday,East,R031,Metro,13,45,Midday,1219,1.6,19,11.5,0.78,195.0,69.8
1056,2025-10-22,Wednesday,East,R061,Metro,14,30,Midday,1210,7.3,11,10.3,0.87,193.6,73.8
3626,2025-10-22,Wednesday,Central,R015,Rail,16,0,Midday,1159,7.3,12,17.1,0.83,208.6,66.0
200,2025-10-22,Wednesday,North,R041,Tram,18,15,Evening Peak,527,5.4,17,20.4,0.52,73.8,66.7
5071,2025-10-22,Wednesday,South,R059,Bus,20,30,Late Evening,681,6.6,10,20.6,0.64,81.7,70.9
4331,2025-10-22,Wednesday,South,R028,Bus,23,15,Late Evening,632,6.5,10,9.3,0.57,75.8,69.8
4718,2025-10-22,Wednesday,North,R062,Tram,23,30,Late Evening,712,2.8,16,20.2,0.51,99.7,89.1
4994,2025-10-23,Thursday,South,R031,Bus,9,45,Morning Peak,1664,9.6,4,2.0,0.8,199.7,59.6
1154,2025-10-23,Thursday,East,R036,Bus,10,30,Morning Peak,875,4.0,10,3.2,0.61,105.0,74.7
1030,2025-10-23,Thursday,Central,R037,Shared Mobility,12,0,Midday,312,1.3,20,10.4,0.39,15.6,82.7
3335,2025-10-23,Thursday,Central,R022,Cycling,12,30,Midday,845,4.5,15,16.7,0.57,76.0,81.8
4992,2025-10-23,Thursday,South,R076,Tram,13,45,Midday,745,3.7,13,12.4,0.67,104.3,82.0
5724,2025-10-23,Thursday,East,R055,Shared Mobility,15,30,Midday,389,0.8,23,17.4,0.44,19.5,89.6
5458,2025-10-23,Thursday,Central,R035,Bus,16,15,Midday,1158,9.2,11,12.8,0.76,139.0,69.3
4417,2025-10-23,Thursday,South,R051,Metro,16,45,Midday,1751,5.7,18,6.9,0.94,280.2,77.7
1379,2025-10-23,Thursday,West,R060,Metro,17,45,Evening Peak,1997,7.1,6,2.7,1.0,319.5,74.4
4914,2025-10-23,Thursday,East,R042,Tram,18,45,Evening Peak,1169,3.8,11,21.5,0.75,163.7,84.4
5265,2025-10-23,Thursday,East,R002,Bus,18,45,Evening Peak,697,10.3,8,10.9,0.55,83.6,68.7
4938,2025-10-23,Thursday,North,R011,Bus,19,30,Evening Peak,723,6.3,9,16.1,0.67,86.8,80.8
1054,2025-10-23,Thursday,Central,R073,Cycling,21,0,Late Evening,204,0.6,18,18.3,0.31,18.4,79.5
81,2025-10-23,Thursday,East,R001,Rail,21,15,Late Evening,947,3.2,18,14.3,0.79,170.5,97.7
1408,2025-10-23,Thursday,West,R002,Rail,22,45,Late Evening,922,3.9,17,17.5,0.79,166.0,82.3
5745,2025-10-23,Thursday,Central,R046,Cycling,22,45,Late Evening,267,0.0,21,8.4,0.47,24.0,79.6
2824,2025-10-24,Friday,North,R051,Bus,10,30,Morning Peak,891,8.6,11,18.3,0.61,106.9,66.2
2968,2025-10-24,Friday,North,R079,Metro,13,30,Midday,2083,3.8,11,6.8,1.01,333.3,80.4
1867,2025-10-24,Friday,South,R059,Rail,19,45,Evening Peak,522,5.5,9,26.6,0.6,94.0,74.2
5516,2025-10-24,Friday,Central,R039,Metro,20,15,Late Evening,340,0.9,17,8.4,0.79,54.4,92.4
1155,2025-10-24,Friday,Central,R071,Rail,23,0,Late Evening,459,3.6,16,13.2,0.63,82.6,75.7
1946,2025-10-25,Saturday,West,R046,Cycling,8,15,Morning Peak,625,5.2,13,11.2,0.44,56.2,71.0
3554,2025-10-25,Saturday,West,R008,Metro,10,30,Morning Peak,1199,2.9,17,26.1,0.77,191.8,83.8
3736,2025-10-25,Saturday,Central,R056,Tram,10,30,Morning Peak,551,2.8,17,16.6,0.63,77.1,77.5
4974,2025-10-25,Saturday,West,R010,Bus,11,0,Midday,737,4.6,13,19.6,0.6,88.4,78.6
256,2025-10-25,Saturday,North,R005,Bus,15,30,Midday,659,10.5,5,17.3,0.78,79.1,68.6
2189,2025-10-25,Saturday,North,R011,Bus,15,30,Midday,517,6.4,10,23.2,0.65,62.0,76.1
5572,2025-10-25,Saturday,South,R046,Tram,17,30,Evening Peak,743,10.9,6,8.5,0.67,104.0,52.4
5744,2025-10-25,Saturday,South,R073,Rail,17,45,Evening Peak,1081,8.7,7,21.7,0.71,194.6,62.5
5676,2025-10-25,Saturday,West,R010,Rail,19,0,Evening Peak,546,9.4,12,17.3,0.6,98.3,77.2
5925,2025-10-25,Saturday,East,R005,Bus,21,30,Late Evening,423,5.8,11,7.2,0.55,50.8,64.9
5586,2025-10-25,Saturday,Central,R054,Rail,22,15,Late Evening,377,8.3,5,12.4,0.57,67.9,63.1
1119,2025-10-26,Sunday,West,R066,Tram,7,15,Early Morning,606,2.8,15,3.7,0.55,84.8,68.8
5513,2025-10-26,Sunday,East,R025,Bus,8,30,Morning Peak,1003,8.9,10,3.2,0.67,120.4,76.5
370,2025-10-26,Sunday,South,R073,Bus,9,0,Morning Peak,936,8.0,11,12.5,0.65,112.3,73.6
4415,2025-10-26,Sunday,West,R069,Bus,9,0,Morning Peak,1411,5.9,11,2.2,0.75,169.3,71.7
4933,2025-10-26,Sunday,North,R071,Rail,10,15,Morning Peak,578,6.7,8,14.8,0.72,104.0,74.4
4822,2025-10-26,Sunday,West,R039,Rail,12,0,Midday,641,4.1,6,19.9,0.67,115.4,77.4
2027,2025-10-26,Sunday,East,R023,Bus,13,0,Midday,605,5.8,13,22.7,0.61,72.6,84.0
5244,2025-10-26,Sunday,West,R049,Metro,20,0,Late Evening,963,1.3,17,16.9,0.7,154.1,82.3
3974,2025-10-26,Sunday,North,R051,Bus,21,0,Late Evening,560,7.5,10,10.1,0.64,67.2,62.9
5930,2025-10-26,Sunday,North,R042,Bus,22,45,Late Evening,511,4.6,12,22.1,0.62,61.3,69.4
914,2025-10-27,Monday,South,R043,Bus,6,15,Early Morning,668,1.0,19,22.8,0.63,80.2,78.5
4754,2025-10-27,Monday,Central,R056,Cycling,8,30,Morning Peak,860,6.6,18,4.1,0.46,77.4,78.1
3454,2025-10-27,Monday,North,R021,Metro,9,30,Morning Peak,1664,1.6,18,18.2,0.93,266.2,96.3
1889,2025-10-27,Monday,East,R035,Shared Mobility,11,30,Midday,252,0.1,18,8.8,0.36,12.6,89.6
2291,2025-10-27,Monday,North,R029,Bus,12,15,Midday,832,6.1,14,23.8,0.68,99.8,61.9
2308,2025-10-27,Monday,West,R018,Tram,18,0,Evening Peak,887,1.5,14,8.5,0.74,124.2,93.9
980,2025-10-27,Monday,Central,R041,Rail,21,15,Late Evening,804,8.7,13,10.2,0.69,144.7,68.7
2138,2025-10-27,Monday,Central,R061,Metro,22,0,Late Evening,557,4.7,10,19.5,0.83,89.1,79.2
5673,2025-10-27,Monday,Central,R037,Cycling,22,30,Late Evening,311,0.0,20,25.6,0.35,28.0,87.7
3183,2025-10-28,Tuesday,North,R001,Rail,5,0,Early Morning,406,4.8,15,13.3,0.65,73.1,68.6
1616,2025-10-28,Tuesday,Central,R021,Rail,6,45,Early Morning,666,5.7,13,26.4,0.75,119.9,83.3
1875,2025-10-28,Tuesday,West,R012,Tram,10,0,Morning Peak,844,7.6,5,15.9,0.58,118.2,75.6
3342,2025-10-28,Tuesday,Central,R079,Rail,10,0,Morning Peak,1198,7.8,6,10.4,0.73,215.6,67.9
2852,2025-10-28,Tuesday,North,R057,Bus,11,30,Midday,848,9.1,12,27.8,0.71,101.8,62.7
3285,2025-10-28,Tuesday,West,R022,Shared Mobility,12,0,Midday,228,2.9,12,25.7,0.52,11.4,78.8
4371,2025-10-28,Tuesday,Central,R055,Bus,14,15,Midday,701,4.3,16,15.5,0.66,84.1,85.2
3887,2025-10-28,Tuesday,Central,R031,Bus,15,15,Midday,707,4.2,18,22.3,0.65,84.8,79.1
858,2025-10-28,Tuesday,West,R078,Bus,17,15,Evening Peak,1441,13.1,4,10.1,0.76,172.9,59.6
625,2025-10-28,Tuesday,South,R069,Metro,17,30,Evening Peak,1769,3.7,15,16.7,0.85,283.0,76.7
2773,2025-10-28,Tuesday,North,R074,Tram,18,15,Evening Peak,1099,4.9,11,24.2,0.62,153.9,78.3
2041,2025-10-28,Tuesday,North,R074,Tram,22,0,Late Evening,547,2.5,20,1.5,0.56,76.6,80.7
1478,2025-10-28,Tuesday,West,R061,Bus,22,15,Late Evening,393,2.7,20,16.0,0.62,47.2,95.0
94,2025-10-28,Tuesday,South,R064,Cycling,23,0,Late Evening,398,4.3,14,13.9,0.43,35.8,77.3
1803,2025-10-28,Tuesday,Central,R050,Rail,23,30,Late Evening,491,7.2,11,22.7,0.73,88.4,73.5
1970,2025-10-28,Tuesday,North,R029,Metro,23,30,Late Evening,823,1.8,14,15.0,0.81,131.7,76.0
2804,2025-10-29,Wednesday,West,R045,Tram,5,45,Early Morning,775,4.3,13,11.4,0.63,108.5,87.4
3928,2025-10-29,Wednesday,West,R053,Bus,6,45,Early Morning,456,6.4,9,10.5,0.66,54.7,72.1
521,2025-10-29,Wednesday,North,R016,Bus,7,0,Early Morning,1035,6.7,8,3.8,0.79,124.2,75.6
1537,2025-10-29,Wednesday,Central,R060,Shared Mobility,7,0,Early Morning,438,7.5,10,20.2,0.46,21.9,74.4
1159,2025-10-29,Wednesday,North,R016,Shared Mobility,7,15,Early Morning,551,6.6,11,7.1,0.41,27.6,56.6
2628,2025-10-29,Wednesday,East,R001,Rail,8,15,Morning Peak,1114,7.1,11,26.2,0.76,200.5,74.5
3087,2025-10-29,Wednesday,North,R051,Metro,8,45,Morning Peak,1745,7.2,7,21.5,0.97,279.2,84.4
2069,2025-10-29,Wednesday,East,R079,Cycling,9,0,Morning Peak,564,3.2,10,25.6,0.53,50.8,71.1
1273,2025-10-29,Wednesday,East,R027,Shared Mobility,10,15,Morning Peak,357,0.7,18,19.4,0.4,17.8,74.4
4523,2025-10-29,Wednesday,North,R016,Bus,10,30,Morning Peak,1608,4.9,11,6.1,0.9,193.0,77.8
4801,2025-10-29,Wednesday,Central,R065,Shared Mobility,10,30,Morning Peak,235,4.7,14,18.2,0.29,11.8,63.4
2259,2025-10-29,Wednesday,South,R021,Metro,11,15,Midday,1291,7.5,6,3.6,0.75,206.6,55.0
5701,2025-10-29,Wednesday,East,R042,Rail,12,30,Midday,779,5.6,11,9.5,0.68,140.2,74.4
5318,2025-10-29,Wednesday,Central,R038,Bus,13,45,Midday,926,4.0,10,27.0,0.67,111.1,82.7
1133,2025-10-29,Wednesday,West,R077,Metro,17,0,Evening Peak,3369,6.4,8,14.1,1.09,539.0,68.7
2685,2025-10-29,Wednesday,Central,R017,Bus,19,0,Evening Peak,506,7.1,10,27.8,0.6,60.7,67.3
3241,2025-10-29,Wednesday,Central,R034,Metro,19,0,Evening Peak,908,3.2,13,9.9,0.81,145.3,82.5
3001,2025-10-29,Wednesday,North,R065,Bus,21,0,Late Evening,614,3.0,14,16.8,0.68,73.7,90.8
341,2025-10-29,Wednesday,Central,R031,Cycling,21,30,Late Evening,335,2.5,18,23.2,0.39,30.2,63.9
5023,2025-10-29,Wednesday,North,R064,Rail,21,45,Late Evening,606,5.6,13,3.1,0.52,109.1,68.1
2144,2025-10-29,Wednesday,South,R069,Shared Mobility,22,0,Late Evening,160,4.7,12,12.1,0.44,8.0,76.0
1505,2025-10-29,Wednesday,South,R080,Bus,23,15,Late Evening,654,5.6,13,2.8,0.8,78.5,73.3
1971,2025-10-30,Thursday,Central,R002,Metro,5,30,Early Morning,1116,6.1,16,23.0,0.69,178.6,74.2
3079,2025-10-30,Thursday,North,R054,Shared Mobility,6,0,Early Morning,211,0.9,21,9.0,0.31,10.6,69.4
4502,2025-10-30,Thursday,Central,R007,Rail,6,15,Early Morning,1302,5.1,12,22.1,0.76,234.4,74.3
5326,2025-10-30,Thursday,South,R001,Bus,8,45,Morning Peak,1402,7.7,11,20.9,0.78,168.2,60.6
1742,2025-10-30,Thursday,East,R038,Rail,9,0,Morning Peak,1426,11.7,3,16.9,0.77,256.7,65.7
3743,2025-10-30,Thursday,South,R011,Shared Mobility,9,0,Morning Peak,459,5.7,8,12.5,0.42,23.0,70.3
5750,2025-10-30,Thursday,West,R065,Rail,9,0,Morning Peak,1771,6.7,17,2.4,0.8,318.8,79.4
2149,2025-10-30,Thursday,Central,R075,Bus,9,15,Morning Peak,901,7.5,11,21.5,0.59,108.1,62.1
4077,2025-10-30,Thursday,South,R012,Bus,9,30,Morning Peak,846,7.4,20,12.1,0.67,101.5,57.1
3567,2025-10-30,Thursday,Central,R033,Bus,9,45,Morning Peak,749,10.2,8,22.8,0.66,89.9,61.5
1131,2025-10-30,Thursday,South,R077,Cycling,10,30,Morning Peak,530,1.6,16,20.5,0.54,47.7,68.7
714,2025-10-30,Thursday,West,R079,Metro,11,15,Midday,1308,4.5,15,21.1,0.8,209.3,77.8
1099,2025-10-30,Thursday,North,R031,Bus,11,30,Midday,445,7.0,13,10.1,0.59,53.4,81.8
5423,2025-10-30,Thursday,Central,R035,Cycling,11,30,Midday,469,2.6,9,11.4,0.45,42.2,75.7
3790,2025-10-30,Thursday,East,R057,Metro,12,30,Midday,828,4.9,14,26.5,0.76,132.5,71.1
662,2025-10-30,Thursday,East,R061,Metro,14,45,Midday,1372,3.6,20,4.6,0.86,219.5,88.5
2312,2025-10-30,Thursday,South,R007,Metro,17,15,Evening Peak,1981,8.1,13,18.0,0.76,317.0,75.8
2064,2025-10-30,Thursday,South,R050,Metro,18,30,Evening Peak,1846,6.0,12,19.1,0.79,295.4,64.6
1291,2025-10-30,Thursday,East,R062,Bus,19,0,Evening Peak,545,8.0,7,2.9,0.74,65.4,93.7
4135,2025-10-30,Thursday,Central,R038,Bus,19,15,Evening Peak,435,6.1,10,25.0,0.65,52.2,71.7
882,2025-10-30,Thursday,Central,R014,Bus,20,0,Late Evening,404,4.4,9,26.7,0.63,48.5,84.2
2770,2025-10-30,Thursday,East,R023,Bus,20,0,Late Evening,1492,5.4,11,10.3,0.69,179.0,69.2
1433,2025-10-30,Thursday,West,R053,Bus,20,30,Late Evening,824,5.7,13,15.8,0.66,98.9,78.6
781,2025-10-30,Thursday,West,R074,Rail,23,45,Late Evening,911,4.2,12,2.2,0.63,164.0,84.1
4835,2025-10-31,Friday,Central,R063,Bus,7,30,Early Morning,1491,10.9,7,24.6,0.81,178.9,68.0
3738,2025-10-31,Friday,Central,R031,Bus,8,15,Morning Peak,1335,8.5,9,27.0,0.76,160.2,66.8
3173,2025-10-31,Friday,North,R026,Metro,9,0,Morning Peak,3209,4.2,12,11.2,0.91,513.4,85.1
2076,2025-10-31,Friday,West,R047,Bus,10,0,Morning Peak,703,7.8,7,14.7,0.62,84.4,83.8
2136,2025-10-31,Friday,South,R019,Metro,10,45,Morning Peak,1515,3.0,16,15.4,0.86,242.4,76.5
3504,2025-10-31,Friday,North,R055,Cycling,11,0,Midday,459,0.0,16,6.7,0.55,41.3,94.5
5585,2025-10-31,Friday,North,R031,Rail,11,15,Midday,1353,4.8,17,11.2,0.82,243.5,68.8
76,2025-10-31,Friday,West,R022,Bus,12,0,Midday,1132,6.0,10,12.9,0.78,135.8,67.3
274,2025-10-31,Friday,North,R049,Metro,12,15,Midday,1104,2.2,20,6.3,0.83,176.6,83.0
324,2025-10-31,Friday,East,R008,Bus,12,30,Midday,754,7.6,13,12.1,0.63,90.5,67.9
265,2025-10-31,Friday,East,R046,Rail,13,0,Midday,1190,2.5,15,24.3,0.7,214.2,83.6
1639,2025-10-31,Friday,East,R035,Metro,13,0,Midday,1755,2.4,16,7.9,0.92,280.8,84.5
4427,2025-10-31,Friday,Central,R041,Tram,17,45,Evening Peak,1171,7.3,15,4.9,0.67,163.9,68.2
2129,2025-10-31,Friday,East,R023,Rail,20,30,Late Evening,474,4.3,17,15.8,0.68,85.3,83.0
5264,2025-10-31,Friday,West,R044,Bus,20,45,Late Evening,596,7.7,9,21.2,0.73,71.5,78.3
302,2025-10-31,Friday,Central,R039,Bus,21,30,Late Evening,502,9.4,6,16.9,0.7,60.2,62.9
2746,2025-11-01,Saturday,West,R075,Bus,7,45,Early Morning,1266,7.4,13,2.0,0.74,151.9,63.2
1428,2025-11-01,Saturday,Central,R011,Bus,9,0,Morning Peak,1100,14.9,4,21.0,0.76,132.0,66.4
3441,2025-11-01,Saturday,Central,R042,Bus,9,0,Morning Peak,937,9.2,19,18.7,0.59,112.4,68.2
5420,2025-11-01,Saturday,Central,R040,Bus,9,0,Morning Peak,575,10.3,9,27.8,0.6,69.0,65.4
2116,2025-11-01,Saturday,West,R044,Tram,9,30,Morning Peak,562,3.6,15,6.0,0.62,78.7,71.6
5223,2025-11-01,Saturday,Central,R053,Bus,10,0,Morning Peak,706,6.0,7,21.3,0.69,84.7,69.0
675,2025-11-01,Saturday,West,R075,Bus,10,15,Morning Peak,465,6.4,13,19.6,0.64,55.8,68.8
1224,2025-11-01,Saturday,South,R034,Cycling,10,30,Morning Peak,385,1.2,18,3.9,0.39,34.6,73.3
1840,2025-11-01,Saturday,North,R054,Bus,10,30,Morning Peak,548,3.8,16,6.9,0.68,65.8,85.1
1997,2025-11-01,Saturday,South,R076,Cycling,10,30,Morning Peak,369,0.0,15,14.9,0.41,33.2,93.5
4374,2025-11-01,Saturday,North,R066,Shared Mobility,11,15,Midday,263,0.0,16,19.8,0.49,13.2,82.2
4616,2025-11-01,Saturday,East,R009,Bus,12,15,Midday,550,6.0,9,1.8,0.64,66.0,82.8
5733,2025-11-01,Saturday,East,R012,Metro,14,0,Midday,964,4.8,18,21.8,0.87,154.2,79.6
3391,2025-11-01,Saturday,Central,R078,Bus,15,15,Midday,463,2.5,17,11.7,0.58,55.6,87.9
1528,2025-11-01,Saturday,East,R016,Bus,15,45,Midday,627,7.7,13,27.9,0.58,75.2,68.4
405,2025-11-01,Saturday,North,R078,Cycling,18,30,Evening Peak,495,1.6,11,11.6,0.52,44.6,90.7
4619,2025-11-01,Saturday,East,R057,Bus,19,45,Evening Peak,548,5.1,12,25.8,0.56,65.8,79.6
1021,2025-11-01,Saturday,Central,R048,Metro,20,45,Late Evening,816,1.7,15,16.6,0.72,130.6,77.7
5975,2025-11-01,Saturday,North,R045,Shared Mobility,20,45,Late Evening,211,7.6,7,16.2,0.4,10.6,79.4
2883,2025-11-01,Saturday,West,R012,Metro,21,15,Late Evening,739,3.6,11,15.5,0.71,118.2,92.8
3259,2025-11-01,Saturday,West,R074,Rail,21,45,Late Evening,657,4.2,14,27.7,0.64,118.3,75.2
1906,2025-11-01,Saturday,North,R076,Metro,22,15,Late Evening,616,4.7,16,22.1,0.69,98.6,78.4
772,2025-11-02,Sunday,Central,R043,Metro,10,15,Morning Peak,1472,6.6,11,16.6,0.83,235.5,76.2
5709,2025-11-02,Sunday,South,R044,Bus,10,30,Morning Peak,698,6.9,11,16.0,0.61,83.8,76.6
5725,2025-11-02,Sunday,South,R004,Metro,10,45,Morning Peak,1155,2.9,18,4.9,0.86,184.8,77.8
3690,2025-11-02,Sunday,West,R036,Bus,12,0,Midday,544,3.3,17,1.8,0.66,65.3,76.4
792,2025-11-02,Sunday,South,R038,Bus,13,30,Midday,430,6.8,13,3.8,0.54,51.6,66.1
1706,2025-11-02,Sunday,South,R055,Tram,15,15,Midday,516,6.6,8,17.6,0.53,72.2,64.2
4142,2025-11-02,Sunday,West,R020,Rail,20,15,Late Evening,467,10.7,8,4.1,0.67,84.1,63.3
3413,2025-11-02,Sunday,West,R027,Shared Mobility,22,0,Late Evening,259,5.7,15,18.7,0.43,13.0,74.3
2030,2025-11-02,Sunday,West,R059,Bus,22,45,Late Evening,501,6.3,8,17.6,0.66,60.1,66.9
378,2025-11-02,Sunday,East,R001,Bus,23,15,Late Evening,653,9.1,10,3.2,0.75,78.4,58.1
2963,2025-11-03,Monday,West,R021,Metro,6,30,Early Morning,690,0.1,16,23.6,0.75,110.4,82.2
3197,2025-11-03,Monday,South,R027,Shared Mobility,7,45,Early Morning,371,7.2,11,3.0,0.33,18.6,65.5
1888,2025-11-03,Monday,East,R061,Metro,8,0,Morning Peak,1800,3.5,14,26.5,0.83,288.0,79.0
43,2025-11-03,Monday,North,R009,Metro,9,45,Morning Peak,1795,6.0,7,13.7,0.91,287.2,82.0
3848,2025-11-03,Monday,South,R071,Bus,9,45,Morning Peak,2007,11.4,2,20.0,0.85,240.8,74.5
1372,2025-11-03,Monday,Central,R060,Rail,15,0,Midday,1138,6.7,13,11.7,0.71,204.8,71.3
3318,2025-11-03,Monday,West,R066,Metro,17,0,Evening Peak,1409,3.0,14,12.8,0.74,225.4,71.6
5360,2025-11-03,Monday,South,R065,Metro,18,15,Evening Peak,2105,8.5,11,5.7,1.0,336.8,74.4
187,2025-11-03,Monday,South,R015,Bus,19,30,Evening Peak,461,5.4,21,14.2,0.7,55.3,82.3
3705,2025-11-03,Monday,South,R076,Bus,19,30,Evening Peak,606,7.4,12,4.4,0.68,72.7,68.3
3264,2025-11-03,Monday,East,R078,Cycling,19,45,Evening Peak,256,0.0,15,5.5,0.36,23.0,78.4
3048,2025-11-03,Monday,South,R041,Metro,23,30,Late Evening,1103,0.1,27,25.5,0.87,176.5,87.8
3141,2025-11-04,Tuesday,North,R014,Tram,8,30,Morning Peak,1267,8.4,8,19.3,0.62,177.4,69.1
5248,2025-11-04,Tuesday,South,R010,Bus,8,30,Morning Peak,1629,8.0,14,4.0,0.85,195.5,63.6
798,2025-11-04,Tuesday,North,R011,Rail,9,0,Morning Peak,1251,4.4,9,26.1,0.8,225.2,74.1
2042,2025-11-04,Tuesday,North,R051,Bus,9,15,Morning Peak,1213,12.5,5,7.9,0.79,145.6,61.3
2496,2025-11-04,Tuesday,East,R021,Bus,10,0,Morning Peak,641,4.6,10,27.1,0.59,76.9,72.4
2459,2025-11-04,Tuesday,Central,R018,Metro,10,30,Morning Peak,1167,6.2,14,22.9,0.98,186.7,77.5
3507,2025-11-04,Tuesday,South,R067,Rail,11,45,Midday,938,6.7,15,21.2,0.64,168.8,78.8
3193,2025-11-04,Tuesday,South,R056,Tram,14,15,Midday,340,4.3,16,18.0,0.57,47.6,65.2
248,2025-11-04,Tuesday,South,R017,Bus,17,15,Evening Peak,1151,13.3,6,26.8,0.75,138.1,45.7
3910,2025-11-04,Tuesday,Central,R046,Metro,18,15,Evening Peak,2088,5.7,12,7.9,0.9,334.1,73.1
425,2025-11-04,Tuesday,Central,R023,Shared Mobility,19,0,Evening Peak,150,3.9,17,17.9,0.33,7.5,77.8
5123,2025-11-04,Tuesday,East,R018,Tram,19,0,Evening Peak,375,1.3,22,19.6,0.52,52.5,97.0
2457,2025-11-04,Tuesday,Central,R050,Tram,19,15,Evening Peak,596,4.0,20,26.6,0.57,83.4,88.7
4204,2025-11-04,Tuesday,West,R031,Tram,20,15,Late Evening,321,6.7,11,10.7,0.57,44.9,70.2
5182,2025-11-04,Tuesday,South,R027,Tram,20,15,Late Evening,1103,2.2,13,17.9,0.69,154.4,95.2
18,2025-11-05,Wednesday,South,R066,Bus,9,15,Morning Peak,1205,11.0,5,22.5,0.73,144.6,69.0
1764,2025-11-05,Wednesday,North,R021,Cycling,9,15,Morning Peak,432,4.8,13,3.7,0.48,38.9,67.6
1885,2025-11-05,Wednesday,South,R045,Rail,9,30,Morning Peak,1530,9.1,2,1.6,0.71,275.4,63.8
4969,2025-11-05,Wednesday,South,R045,Bus,9,30,Morning Peak,777,9.4,12,2.8,0.61,93.2,69.4
3145,2025-11-05,Wednesday,South,R056,Metro,10,0,Morning Peak,1849,2.9,20,16.0,0.94,295.8,78.5
1069,2025-11-05,Wednesday,Central,R034,Bus,12,45,Midday,742,5.6,14,4.1,0.71,89.0,75.1
5964,2025-11-05,Wednesday,North,R017,Cycling,13,30,Midday,569,3.3,18,13.3,0.62,51.2,87.5
1362,2025-11-05,Wednesday,Central,R048,Tram,14,30,Midday,705,5.7,15,9.8,0.56,98.7,82.9
3445,2025-11-05,Wednesday,East,R019,Rail,18,30,Evening Peak,1210,7.9,13,17.7,0.75,217.8,60.3
1169,2025-11-05,Wednesday,North,R001,Bus,19,15,Evening Peak,750,5.0,13,16.3,0.72,90.0,74.7
4621,2025-11-05,Wednesday,North,R011,Cycling,19,15,Evening Peak,264,0.0,12,17.7,0.37,23.8,90.1
4341,2025-11-05,Wednesday,North,R028,Metro,21,0,Late Evening,962,5.5,15,12.6,0.86,153.9,78.9
4360,2025-11-05,Wednesday,North,R062,Bus,22,15,Late Evening,528,9.4,6,26.0,0.66,63.4,67.1
3758,2025-11-06,Thursday,West,R030,Bus,5,15,Early Morning,1168,5.3,20,6.8,0.68,140.2,78.5
2396,2025-11-06,Thursday,West,R037,Metro,7,15,Early Morning,1931,3.9,14,3.2,0.98,309.0,84.4
2193,2025-11-06,Thursday,South,R041,Bus,8,15,Morning Peak,1103,9.1,9,1.9,0.64,132.4,65.4
294,2025-11-06,Thursday,South,R017,Tram,8,30,Morning Peak,1838,5.5,12,4.8,0.79,257.3,84.4
68,2025-11-06,Thursday,North,R073,Cycling,9,15,Morning Peak,483,2.5,23,11.9,0.51,43.5,76.2
2106,2025-11-06,Thursday,Central,R068,Rail,9,15,Morning Peak,1178,6.9,6,11.2,0.72,212.0,76.9
5838,2025-11-06,Thursday,Central,R056,Bus,9,30,Morning Peak,761,6.0,16,23.1,0.55,91.3,79.5
4484,2025-11-06,Thursday,Central,R049,Rail,10,45,Morning Peak,1514,8.1,13,5.9,0.84,272.5,70.6
3775,2025-11-06,Thursday,North,R033,Rail,11,15,Midday,647,1.1,14,9.6,0.58,116.5,80.7
5217,2025-11-06,Thursday,North,R024,Metro,11,30,Midday,1331,6.7,13,12.4,0.81,213.0,74.3
3254,2025-11-06,Thursday,Central,R050,Rail,12,0,Midday,659,4.7,18,23.7,0.7,118.6,79.3
4636,2025-11-06,Thursday,North,R008,Metro,12,30,Midday,1218,4.4,15,22.3,0.81,194.9,81.6
2404,2025-11-06,Thursday,South,R054,Rail,14,0,Midday,724,6.0,20,17.2,0.74,130.3,68.4
3488,2025-11-06,Thursday,West,R059,Bus,14,30,Midday,851,7.7,14,14.0,0.76,102.1,74.0
4156,2025-11-06,Thursday,South,R007,Cycling,16,0,Midday,598,6.9,13,15.7,0.5,53.8,63.6
1369,2025-11-06,Thursday,South,R042,Metro,17,30,Evening Peak,1882,9.2,9,23.5,0.94,301.1,82.6
5410,2025-11-06,Thursday,West,R030,Metro,17,45,Evening Peak,2010,3.6,14,4.1,0.89,321.6,83.4
2718,2025-11-06,Thursday,Central,R028,Bus,19,0,Evening Peak,594,5.0,17,15.8,0.56,71.3,79.2
4294,2025-11-06,Thursday,West,R038,Bus,19,0,Evening Peak,1243,6.5,12,25.7,0.69,149.2,73.4
1816,2025-11-06,Thursday,East,R011,Tram,21,45,Late Evening,473,4.7,9,3.7,0.69,66.2,74.3
5085,2025-11-06,Thursday,West,R030,Bus,21,45,Late Evening,791,6.2,11,26.1,0.67,94.9,66.7
1552,2025-11-06,Thursday,East,R058,Bus,22,30,Late Evening,823,6.9,12,21.9,0.69,98.8,60.4
1387,2025-11-06,Thursday,South,R053,Metro,23,15,Late Evening,931,1.4,15,17.3,0.73,149.0,88.6
5633,2025-11-07,Friday,South,R025,Rail,6,30,Early Morning,563,5.1,15,18.5,0.69,101.3,82.4
3203,2025-11-07,Friday,East,R020,Bus,8,45,Morning Peak,921,10.5,2,24.1,0.71,110.5,67.4
2362,2025-11-07,Friday,South,R046,Tram,9,0,Morning Peak,1311,8.1,8,26.6,0.6,183.5,65.1
424,2025-11-07,Friday,West,R033,Bus,9,15,Morning Peak,1775,7.3,11,5.6,0.88,213.0,78.0
5347,2025-11-07,Friday,Central,R074,Bus,9,30,Morning Peak,807,8.1,11,13.0,0.66,96.8,64.6
956,2025-11-07,Friday,Central,R007,Bus,9,45,Morning Peak,1486,10.2,8,8.8,0.77,178.3,69.8
4489,2025-11-07,Friday,West,R055,Cycling,11,15,Midday,244,1.6,18,3.4,0.48,22.0,69.1
2057,2025-11-07,Friday,North,R023,Metro,11,30,Midday,1316,3.7,14,6.4,0.73,210.6,74.3
1277,2025-11-07,Friday,South,R072,Metro,11,45,Midday,1019,4.1,16,19.7,0.8,163.0,83.1
1432,2025-11-07,Friday,North,R048,Metro,15,0,Midday,1089,1.9,15,23.0,0.75,174.2,84.7
1493,2025-11-07,Friday,East,R073,Bus,19,0,Evening Peak,576,10.3,5,20.5,0.6,69.1,66.4
4522,2025-11-07,Friday,South,R015,Bus,19,30,Evening Peak,1173,5.9,15,27.6,0.72,140.8,75.6
741,2025-11-07,Friday,West,R002,Bus,20,0,Late Evening,577,3.9,13,20.9,0.62,69.2,82.2
3341,2025-11-07,Friday,South,R010,Bus,20,15,Late Evening,459,1.8,12,19.3,0.59,55.1,98.0
3963,2025-11-07,Friday,West,R066,Bus,20,30,Late Evening,588,5.9,11,10.1,0.58,70.6,69.7
2313,2025-11-07,Friday,North,R020,Bus,23,45,Late Evening,685,6.2,12,14.0,0.54,82.2,69.9
4511,2025-11-08,Saturday,South,R001,Rail,8,15,Morning Peak,1378,16.9,2,16.7,0.74,248.0,57.3
2187,2025-11-08,Saturday,East,R039,Tram,9,15,Morning Peak,431,5.3,11,17.7,0.6,60.3,68.5
3872,2025-11-08,Saturday,North,R064,Metro,9,15,Morning Peak,967,9.7,9,19.2,0.85,154.7,73.9
4069,2025-11-08,Saturday,South,R035,Cycling,9,30,Morning Peak,504,2.6,12,26.9,0.37,45.4,67.4
3236,2025-11-08,Saturday,North,R060,Metro,10,0,Morning Peak,1114,1.5,18,15.0,0.84,178.2,98.0
4640,2025-11-08,Saturday,North,R072,Bus,10,30,Morning Peak,496,7.2,13,4.4,0.71,59.5,75.1
2705,2025-11-08,Saturday,Central,R035,Metro,12,45,Midday,1115,2.0,18,7.2,0.76,178.4,77.6
2000,2025-11-08,Saturday,West,R034,Cycling,13,0,Midday,367,2.2,16,23.7,0.5,33.0,76.3
716,2025-11-08,Saturday,West,R004,Tram,16,15,Midday,789,6.9,14,11.3,0.64,110.5,71.8
1394,2025-11-08,Saturday,East,R028,Bus,17,30,Evening Peak,649,11.7,11,15.7,0.55,77.9,48.6
894,2025-11-08,Saturday,Central,R028,Metro,19,0,Evening Peak,662,6.5,14,13.9,0.71,105.9,74.1
1895,2025-11-08,Saturday,Central,R035,Tram,19,15,Evening Peak,390,5.2,13,9.1,0.53,54.6,70.4
653,2025-11-08,Saturday,North,R070,Cycling,23,0,Late Evening,209,2.2,11,19.4,0.42,18.8,74.4
4962,2025-11-09,Sunday,North,R063,Metro,9,0,Morning Peak,1461,7.2,13,7.5,0.78,233.8,53.2
5181,2025-11-09,Sunday,East,R012,Metro,9,0,Morning Peak,1546,3.0,20,18.6,0.73,247.4,85.9
3643,2025-11-09,Sunday,East,R077,Rail,9,15,Morning Peak,850,7.9,6,18.9,0.71,153.0,63.8
5038,2025-11-09,Sunday,West,R053,Metro,9,30,Morning Peak,851,8.2,8,12.2,0.79,136.2,78.9
1557,2025-11-09,Sunday,North,R008,Rail,10,15,Morning Peak,633,8.0,11,3.3,0.67,113.9,65.1
5984,2025-11-09,Sunday,East,R035,Rail,10,45,Morning Peak,1305,1.1,18,7.2,0.74,234.9,88.5
1172,2025-11-09,Sunday,East,R001,Metro,11,0,Midday,1146,2.2,12,17.8,0.67,183.4,97.6
3783,2025-11-09,Sunday,West,R018,Cycling,11,15,Midday,468,0.8,11,9.9,0.51,42.1,88.4
2771,2025-11-09,Sunday,North,R062,Rail,11,30,Midday,839,9.1,8,3.3,0.66,151.0,70.7
4673,2025-11-09,Sunday,North,R002,Bus,12,30,Midday,815,6.0,19,16.0,0.71,97.8,61.6
2821,2025-11-09,Sunday,Central,R055,Bus,13,30,Midday,682,4.3,15,14.3,0.68,81.8,78.0
5483,2025-11-09,Sunday,East,R075,Metro,13,30,Midday,1394,1.5,16,23.9,0.74,223.0,81.1
2874,2025-11-09,Sunday,North,R043,Rail,14,45,Midday,756,8.3,8,16.7,0.59,136.1,71.7
381,2025-11-09,Sunday,North,R022,Bus,15,15,Midday,957,4.4,15,20.7,0.63,114.8,77.0
778,2025-11-09,Sunday,South,R066,Metro,16,30,Midday,858,8.7,7,25.4,0.82,137.3,63.3
1989,2025-11-09,Sunday,Central,R056,Bus,17,0,Evening Peak,1204,9.8,10,16.4,0.72,144.5,64.9
3839,2025-11-09,Sunday,North,R079,Bus,17,15,Evening Peak,804,9.0,4,1.7,0.69,96.5,69.6
4252,2025-11-09,Sunday,Central,R078,Metro,17,30,Evening Peak,2125,6.1,11,8.8,0.98,340.0,70.1
4547,2025-11-09,Sunday,South,R061,Bus,17,45,Evening Peak,758,9.4,4,8.5,0.74,91.0,66.6
3374,2025-11-09,Sunday,West,R007,Rail,18,0,Evening Peak,1223,8.1,10,14.3,0.77,220.1,77.4
4125,2025-11-09,Sunday,South,R020,Metro,19,45,Evening Peak,795,5.2,11,18.0,0.81,127.2,74.2
3085,2025-11-09,Sunday,East,R047,Bus,20,0,Late Evening,629,9.7,9,26.7,0.63,75.5,58.3
4195,2025-11-09,Sunday,South,R056,Cycling,20,0,Late Evening,125,0.0,15,16.5,0.45,11.2,98.0
1253,2025-11-09,Sunday,North,R003,Bus,21,15,Late Evening,540,10.0,3,2.5,0.67,64.8,67.6
1354,2025-11-09,Sunday,North,R010,Metro,21,15,Late Evening,691,4.2,6,25.5,0.71,110.6,88.5
4119,2025-11-09,Sunday,South,R061,Bus,22,0,Late Evening,446,4.3,12,16.6,0.64,53.5,74.5
4747,2025-11-09,Sunday,North,R072,Metro,22,15,Late Evening,593,4.0,16,24.4,0.66,94.9,81.2
1164,2025-11-09,Sunday,East,R077,Rail,23,30,Late Evening,624,9.3,6,8.5,0.6,112.3,70.7
4719,2025-11-10,Monday,Central,R016,Bus,5,30,Early Morning,368,9.3,17,12.0,0.68,44.2,61.4
4715,2025-11-10,Monday,West,R041,Bus,5,45,Early Morning,512,4.9,11,9.1,0.57,61.4,77.1
4141,2025-11-10,Monday,North,R016,Bus,6,30,Early Morning,489,3.7,16,2.0,0.59,58.7,81.5
2753,2025-11-10,Monday,North,R003,Metro,7,30,Early Morning,1733,7.1,12,14.3,0.95,277.3,79.8
2527,2025-11-10,Monday,East,R040,Shared Mobility,9,45,Morning Peak,387,2.2,18,23.5,0.45,19.4,68.6
4225,2025-11-10,Monday,West,R052,Bus,10,0,Morning Peak,826,7.3,8,23.8,0.64,99.1,66.0
4421,2025-11-10,Monday,Central,R025,Shared Mobility,10,0,Morning Peak,299,1.1,24,24.4,0.27,15.0,72.5
402,2025-11-10,Monday,East,R070,Metro,10,30,Morning Peak,2020,1.3,15,2.0,0.79,323.2,81.9
5454,2025-11-10,Monday,South,R061,Bus,10,30,Morning Peak,918,4.7,15,5.1,0.73,110.2,74.8
25,2025-11-10,Monday,West,R002,Bus,10,45,Morning Peak,878,5.1,11,15.3,0.73,105.4,88.6
2694,2025-11-10,Monday,South,R057,Metro,10,45,Morning Peak,1464,2.8,16,21.7,0.79,234.2,77.9
534,2025-11-10,Monday,East,R011,Shared Mobility,12,30,Midday,408,0.0,16,25.2,0.28,20.4,94.3
5552,2025-11-10,Monday,North,R077,Bus,15,0,Midday,948,5.9,14,25.7,0.79,113.8,73.9
5801,2025-11-10,Monday,North,R064,Rail,16,45,Midday,1189,8.9,10,10.9,0.7,214.0,62.9
2556,2025-11-10,Monday,Central,R044,Bus,18,30,Evening Peak,1171,9.0,12,15.1,0.66,140.5,69.9
4531,2025-11-10,Monday,South,R079,Shared Mobility,18,45,Evening Peak,326,5.5,17,5.0,0.35,16.3,83.2
1863,2025-11-10,Monday,Central,R070,Metro,19,30,Evening Peak,819,4.3,13,15.8,0.79,131.0,92.4
2483,2025-11-10,Monday,East,R033,Tram,21,0,Late Evening,437,5.6,17,12.6,0.58,61.2,68.4
3050,2025-11-10,Monday,Central,R005,Bus,21,15,Late Evening,955,4.9,8,6.7,0.59,114.6,73.6
1655,2025-11-10,Monday,Central,R045,Metro,21,30,Late Evening,1080,3.5,15,26.2,0.72,172.8,91.1
4618,2025-11-10,Monday,Central,R012,Cycling,21,30,Late Evening,264,0.0,17,8.7,0.53,23.8,97.2
2876,2025-11-10,Monday,East,R055,Cycling,22,45,Late Evening,178,0.0,22,14.7,0.42,16.0,87.0
191,2025-11-11,Tuesday,South,R011,Rail,5,30,Early Morning,815,6.5,8,8.1,0.74,146.7,73.9
5117,2025-11-11,Tuesday,North,R006,Tram,8,30,Morning Peak,1380,5.3,15,3.3,0.7,193.2,81.8
735,2025-11-11,Tuesday,West,R072,Metro,10,0,Morning Peak,1639,5.3,11,26.4,0.93,262.2,81.1
3415,2025-11-11,Tuesday,South,R029,Metro,11,0,Midday,1519,2.2,16,3.1,0.9,243.0,86.0
5592,2025-11-11,Tuesday,North,R074,Metro,12,15,Midday,1280,2.7,14,27.8,0.8,204.8,79.6
4056,2025-11-11,Tuesday,East,R077,Metro,12,30,Midday,1186,2.2,16,8.3,0.81,189.8,85.2
2607,2025-11-11,Tuesday,East,R040,Bus,17,45,Evening Peak,1638,6.2,14,10.1,0.77,196.6,80.8
940,2025-11-11,Tuesday,South,R079,Bus,21,30,Late Evening,753,6.2,13,4.3,0.7,90.4,78.1
1467,2025-11-11,Tuesday,East,R018,Rail,22,15,Late Evening,927,8.0,14,22.3,0.76,166.9,71.2
4872,2025-11-11,Tuesday,West,R022,Tram,22,15,Late Evening,450,1.6,14,8.2,0.51,63.0,74.9
5147,2025-11-11,Tuesday,West,R014,Bus,22,30,Late Evening,760,6.5,9,18.6,0.71,91.2,65.5
4232,2025-11-11,Tuesday,Central,R071,Cycling,22,45,Late Evening,421,1.3,15,15.0,0.47,37.9,75.6
4362,2025-11-11,Tuesday,East,R066,Metro,23,15,Late Evening,630,2.5,16,24.7,0.7,100.8,78.9
2114,2025-11-12,Wednesday,Central,R026,Tram,5,30,Early Morning,643,4.7,9,8.6,0.6,90.0,80.9
2280,2025-11-12,Wednesday,West,R036,Tram,6,15,Early Morning,416,5.0,14,21.4,0.53,58.2,78.2
380,2025-11-12,Wednesday,Central,R043,Cycling,7,0,Early Morning,664,4.2,17,18.2,0.47,59.8,75.2
50,2025-11-12,Wednesday,North,R035,Bus,7,15,Early Morning,2059,7.5,13,20.0,0.74,247.1,62.2
1610,2025-11-12,Wednesday,East,R066,Bus,8,15,Morning Peak,1196,11.8,2,1.6,0.68,143.5,57.4
1040,2025-11-12,Wednesday,North,R029,Bus,8,30,Morning Peak,1933,6.4,13,4.3,0.81,232.0,74.3
1954,2025-11-12,Wednesday,West,R034,Cycling,9,45,Morning Peak,638,4.6,18,9.9,0.47,57.4,76.8
1141,2025-11-12,Wednesday,West,R070,Bus,10,0,Morning Peak,592,6.4,11,26.8,0.6,71.0,66.6
5526,2025-11-12,Wednesday,North,R045,Tram,10,0,Morning Peak,453,7.6,11,10.4,0.54,63.4,68.6
2366,2025-11-12,Wednesday,Central,R068,Bus,10,30,Morning Peak,1008,6.0,17,10.6,0.69,121.0,79.4
695,2025-11-12,Wednesday,West,R054,Metro,11,15,Midday,1005,3.4,18,11.1,0.74,160.8,82.6
2827,2025-11-12,Wednesday,Central,R072,Metro,12,0,Midday,1400,3.3,15,3.4,0.78,224.0,87.5
3715,2025-11-12,Wednesday,East,R015,Cycling,14,0,Midday,291,2.8,18,23.7,0.38,26.2,87.2
4799,2025-11-12,Wednesday,Central,R019,Bus,14,30,Midday,747,7.3,9,3.4,0.61,89.6,90.2
5032,2025-11-12,Wednesday,North,R037,Metro,15,45,Midday,1241,4.5,17,22.0,0.72,198.6,88.1
1774,2025-11-12,Wednesday,Central,R045,Bus,16,15,Midday,1680,7.1,10,23.3,0.74,201.6,56.9
5696,2025-11-12,Wednesday,Central,R052,Bus,16,15,Midday,1754,8.9,6,24.2,0.79,210.5,65.1
2423,2025-11-12,Wednesday,West,R051,Bus,16,30,Midday,1230,9.3,4,7.6,0.65,147.6,77.0
2978,2025-11-12,Wednesday,North,R048,Bus,21,15,Late Evening,368,5.3,11,13.6,0.62,44.2,73.7
5735,2025-11-12,Wednesday,Central,R056,Rail,22,0,Late Evening,659,6.9,15,26.8,0.7,118.6,54.3
4709,2025-11-13,Thursday,West,R059,Metro,10,0,Morning Peak,1791,3.9,19,27.4,0.88,286.6,79.3
323,2025-11-13,Thursday,Central,R070,Cycling,10,15,Morning Peak,386,0.0,17,22.8,0.53,34.7,91.7
3135,2025-11-13,Thursday,East,R002,Rail,10,15,Morning Peak,927,4.8,14,3.3,0.71,166.9,86.9
661,2025-11-13,Thursday,West,R048,Metro,10,45,Morning Peak,1520,2.2,15,10.1,0.87,243.2,93.7
1842,2025-11-13,Thursday,Central,R054,Metro,10,45,Morning Peak,1410,2.0,12,22.9,0.92,225.6,98.0
647,2025-11-13,Thursday,South,R023,Metro,11,30,Midday,1278,5.1,7,6.0,0.91,204.5,73.4
4606,2025-11-13,Thursday,West,R067,Rail,15,15,Midday,1091,6.2,11,22.6,0.7,196.4,86.7
846,2025-11-13,Thursday,North,R078,Cycling,17,15,Evening Peak,802,3.6,12,2.4,0.53,72.2,70.9
4130,2025-11-13,Thursday,East,R010,Shared Mobility,17,30,Evening Peak,631,4.1,15,25.1,0.53,31.6,78.8
5444,2025-11-13,Thursday,South,R029,Cycling,19,30,Evening Peak,183,0.0,17,25.8,0.45,16.5,80.2
5831,2025-11-13,Thursday,East,R001,Bus,20,15,Late Evening,364,6.8,14,20.0,0.64,43.7,73.3
5956,2025-11-13,Thursday,South,R023,Tram,20,30,Late Evening,463,4.5,14,4.6,0.61,64.8,85.7
4536,2025-11-13,Thursday,Central,R063,Bus,22,30,Late Evening,475,6.3,8,12.2,0.61,57.0,72.5
184,2025-11-14,Friday,Central,R038,Tram,5,15,Early Morning,392,2.7,18,9.9,0.62,54.9,91.5
1953,2025-11-14,Friday,South,R036,Bus,7,15,Early Morning,1076,9.0,12,21.5,0.67,129.1,69.9
1618,2025-11-14,Friday,North,R040,Metro,7,45,Early Morning,2535,7.5,8,10.4,0.99,405.6,81.1
4312,2025-11-14,Friday,West,R034,Bus,9,0,Morning Peak,1187,7.8,6,12.6,0.77,142.4,75.8
5107,2025-11-14,Friday,East,R009,Rail,9,0,Morning Peak,1485,9.8,10,3.9,0.81,267.3,64.5
952,2025-11-14,Friday,Central,R069,Tram,10,45,Morning Peak,528,5.7,14,11.7,0.65,73.9,76.8
1507,2025-11-14,Friday,East,R057,Metro,10,45,Morning Peak,1372,4.1,12,10.8,0.64,219.5,61.6
1855,2025-11-14,Friday,Central,R017,Cycling,10,45,Morning Peak,374,0.5,14,8.3,0.51,33.7,81.4
4278,2025-11-14,Friday,South,R069,Shared Mobility,11,15,Midday,147,3.5,17,18.6,0.31,7.4,75.6
5649,2025-11-14,Friday,Central,R006,Metro,11,30,Midday,970,3.2,10,17.0,0.71,155.2,83.6
3251,2025-11-14,Friday,West,R071,Bus,11,45,Midday,698,3.3,15,10.7,0.65,83.8,89.0
197,2025-11-14,Friday,Central,R027,Cycling,13,15,Midday,316,0.0,21,20.1,0.44,28.4,90.5
4420,2025-11-14,Friday,North,R016,Cycling,13,30,Midday,301,0.8,19,19.1,0.45,27.1,89.6
1435,2025-11-14,Friday,Central,R061,Metro,14,15,Midday,1845,5.1,13,9.4,0.92,295.2,84.5
4117,2025-11-14,Friday,East,R069,Bus,17,15,Evening Peak,1706,8.4,8,23.5,0.76,204.7,72.4
4717,2025-11-14,Friday,West,R002,Tram,17,15,Evening Peak,1241,7.7,10,12.9,0.62,173.7,58.0
1023,2025-11-14,Friday,West,R064,Bus,19,45,Evening Peak,958,6.2,13,19.5,0.6,115.0,69.1
1220,2025-11-14,Friday,Central,R066,Bus,20,30,Late Evening,556,9.6,8,16.9,0.68,66.7,72.6
5076,2025-11-14,Friday,East,R045,Rail,20,30,Late Evening,409,7.3,13,6.8,0.74,73.6,70.2
1857,2025-11-14,Friday,East,R044,Metro,21,0,Late Evening,956,1.5,17,22.6,0.74,153.0,91.9
441,2025-11-14,Friday,Central,R057,Metro,23,15,Late Evening,812,2.5,13,3.9,0.77,129.9,74.4
4944,2025-11-14,Friday,Central,R023,Metro,23,30,Late Evening,1170,4.3,17,21.4,0.94,187.2,74.5
4764,2025-11-14,Friday,Central,R075,Bus,23,45,Late Evening,662,4.6,15,1.7,0.72,79.4,76.0
5050,2025-11-15,Saturday,North,R015,Bus,8,0,Morning Peak,905,8.2,6,5.7,0.67,108.6,77.2
2747,2025-11-15,Saturday,East,R052,Rail,9,0,Morning Peak,694,8.2,9,20.9,0.59,124.9,68.7
1237,2025-11-15,Saturday,South,R063,Rail,10,15,Morning Peak,633,5.3,13,4.0,0.75,113.9,72.3
2765,2025-11-15,Saturday,Central,R045,Metro,11,0,Midday,1335,1.7,17,25.0,0.84,213.6,81.1
4299,2025-11-15,Saturday,North,R078,Bus,11,45,Midday,691,4.3,15,16.3,0.65,82.9,78.2
4517,2025-11-15,Saturday,East,R047,Bus,12,45,Midday,742,7.5,9,8.2,0.68,89.0,64.6
434,2025-11-15,Saturday,East,R039,Bus,13,0,Midday,519,9.6,6,6.8,0.59,62.3,70.1
1166,2025-11-15,Saturday,South,R076,Tram,14,0,Midday,623,2.5,17,12.4,0.51,87.2,86.7
1013,2025-11-15,Saturday,East,R065,Tram,16,30,Midday,750,6.4,13,14.6,0.69,105.0,75.1
869,2025-11-15,Saturday,South,R060,Bus,16,45,Midday,1022,11.4,6,6.5,0.7,122.6,68.0
2930,2025-11-15,Saturday,North,R055,Cycling,17,0,Evening Peak,511,6.8,10,5.8,0.45,46.0,61.8
1688,2025-11-15,Saturday,North,R027,Shared Mobility,17,45,Evening Peak,533,3.4,16,26.7,0.4,26.6,71.9
5638,2025-11-15,Saturday,South,R070,Bus,18,45,Evening Peak,621,4.4,14,20.5,0.62,74.5,70.2
4434,2025-11-15,Saturday,East,R024,Bus,19,45,Evening Peak,561,7.6,7,18.9,0.66,67.3,65.9
1536,2025-11-15,Saturday,East,R008,Tram,20,0,Late Evening,441,5.7,12,21.0,0.65,61.7,59.9
1786,2025-11-15,Saturday,East,R059,Rail,21,30,Late Evening,815,6.0,11,1.9,0.7,146.7,73.4
2681,2025-11-16,Sunday,East,R012,Metro,8,0,Morning Peak,1506,5.0,10,11.7,0.82,241.0,80.0
2567,2025-11-16,Sunday,Central,R038,Metro,8,30,Morning Peak,1141,9.4,13,22.4,0.78,182.6,64.7
41,2025-11-16,Sunday,East,R033,Metro,8,45,Morning Peak,1320,2.4,23,8.9,0.76,211.2,85.7
4691,2025-11-16,Sunday,Central,R055,Metro,8,45,Morning Peak,1822,4.1,11,18.0,0.89,291.5,89.2
1033,2025-11-16,Sunday,Central,R017,Bus,9,30,Morning Peak,1033,6.1,9,22.6,0.69,124.0,74.9
3139,2025-11-16,Sunday,East,R010,Tram,10,0,Morning Peak,578,5.6,12,19.5,0.58,80.9,75.3
3693,2025-11-16,Sunday,Central,R023,Tram,10,30,Morning Peak,346,4.6,18,9.5,0.58,48.4,80.1
3954,2025-11-16,Sunday,West,R040,Rail,10,30,Morning Peak,1003,6.3,11,26.7,0.72,180.5,71.3
2807,2025-11-16,Sunday,Central,R033,Metro,11,0,Midday,1538,0.5,16,22.7,0.8,246.1,93.1
1752,2025-11-16,Sunday,East,R017,Tram,11,15,Midday,422,2.4,21,25.4,0.71,59.1,82.1
1031,2025-11-16,Sunday,West,R048,Tram,12,0,Midday,430,3.2,13,18.7,0.62,60.2,73.0
3555,2025-11-16,Sunday,North,R043,Bus,16,45,Midday,806,7.7,6,16.5,0.65,96.7,66.5
4241,2025-11-16,Sunday,North,R076,Metro,17,0,Evening Peak,1957,3.9,14,10.5,0.98,313.1,88.2
2247,2025-11-16,Sunday,South,R043,Metro,17,15,Evening Peak,1630,2.7,19,6.1,0.84,260.8,84.3
4605,2025-11-16,Sunday,Central,R048,Rail,17,15,Evening Peak,1375,8.1,11,3.9,0.81,247.5,71.6
938,2025-11-16,Sunday,East,R048,Metro,22,15,Late Evening,447,1.3,22,26.1,0.69,71.5,89.0
995,2025-11-16,Sunday,West,R074,Shared Mobility,22,30,Late Evening,138,3.3,13,11.3,0.41,6.9,78.2
1797,2025-11-16,Sunday,North,R072,Rail,22,45,Late Evening,589,5.8,16,21.7,0.69,106.0,75.1
5778,2025-11-17,Monday,North,R006,Rail,8,30,Morning Peak,1128,7.2,13,23.1,0.65,203.0,78.1
5383,2025-11-17,Monday,Central,R007,Bus,9,0,Morning Peak,1469,5.1,10,3.8,0.81,176.3,68.8
3340,2025-11-17,Monday,South,R050,Bus,9,30,Morning Peak,975,10.1,9,2.8,0.6,117.0,64.5
5714,2025-11-17,Monday,North,R029,Rail,9,30,Morning Peak,1663,6.6,15,20.7,0.82,299.3,72.8
5200,2025-11-17,Monday,East,R019,Bus,10,0,Morning Peak,1283,5.5,9,3.2,0.7,154.0,86.9
4180,2025-11-17,Monday,East,R006,Bus,10,30,Morning Peak,645,6.4,8,21.0,0.71,77.4,72.4
3984,2025-11-17,Monday,Central,R077,Metro,11,30,Midday,1010,6.6,12,16.7,0.81,161.6,72.1
3894,2025-11-17,Monday,East,R007,Bus,13,30,Midday,785,5.7,15,3.5,0.71,94.2,89.3
3815,2025-11-17,Monday,East,R040,Bus,14,0,Midday,1396,6.9,5,22.4,0.74,167.5,70.3
385,2025-11-17,Monday,North,R061,Metro,14,45,Midday,1398,2.4,16,11.5,0.86,223.7,80.3
3398,2025-11-17,Monday,North,R032,Rail,16,0,Midday,1288,9.0,10,10.7,0.76,231.8,68.6
4438,2025-11-17,Monday,Central,R058,Cycling,16,30,Midday,429,1.5,13,4.5,0.52,38.6,89.6
4641,2025-11-17,Monday,Central,R079,Bus,16,45,Midday,1151,7.7,9,15.6,0.69,138.1,75.8
1012,2025-11-17,Monday,East,R060,Metro,18,15,Evening Peak,1405,10.7,5,26.7,0.78,224.8,74.8
3636,2025-11-17,Monday,Central,R013,Cycling,18,30,Evening Peak,585,0.5,18,25.8,0.45,52.6,87.8
620,2025-11-17,Monday,Central,R063,Tram,18,45,Evening Peak,958,6.4,15,15.6,0.63,134.1,78.0
3383,2025-11-17,Monday,South,R037,Bus,19,0,Evening Peak,989,6.5,10,5.1,0.76,118.7,75.2
2401,2025-11-17,Monday,East,R029,Bus,20,0,Late Evening,528,7.7,11,16.0,0.72,63.4,67.6
1252,2025-11-17,Monday,West,R080,Metro,20,15,Late Evening,1107,4.0,11,6.0,0.82,177.1,84.8
2335,2025-11-17,Monday,South,R045,Metro,21,45,Late Evening,700,1.7,19,19.9,0.76,112.0,87.8
4897,2025-11-17,Monday,North,R002,Bus,22,15,Late Evening,680,10.1,10,9.4,0.68,81.6,58.5
3621,2025-11-18,Tuesday,Central,R046,Rail,6,0,Early Morning,1137,3.8,14,19.1,0.71,204.7,79.3
1090,2025-11-18,Tuesday,East,R032,Rail,7,0,Early Morning,1962,6.2,17,1.8,0.9,353.2,80.5
966,2025-11-18,Tuesday,North,R027,Cycling,9,15,Morning Peak,705,4.5,18,10.1,0.36,63.4,84.4
4340,2025-11-18,Tuesday,Central,R032,Bus,11,0,Midday,1048,8.1,11,26.1,0.64,125.8,72.5
5691,2025-11-18,Tuesday,Central,R016,Cycling,11,0,Midday,463,1.0,22,8.0,0.36,41.7,69.5
4308,2025-11-18,Tuesday,North,R077,Bus,11,15,Midday,840,1.1,16,15.4,0.74,100.8,84.6
4928,2025-11-18,Tuesday,East,R078,Bus,11,45,Midday,643,8.0,6,23.0,0.71,77.2,70.9
5764,2025-11-18,Tuesday,Central,R046,Bus,14,30,Midday,867,0.1,21,15.5,0.55,104.0,74.7
4925,2025-11-18,Tuesday,Central,R042,Metro,16,30,Midday,1727,7.2,15,19.4,0.9,276.3,78.5
4006,2025-11-18,Tuesday,Central,R069,Metro,17,45,Evening Peak,1176,4.1,16,3.4,0.73,188.2,81.2
4677,2025-11-18,Tuesday,West,R055,Bus,19,15,Evening Peak,669,2.4,16,15.7,0.73,80.3,92.1
391,2025-11-18,Tuesday,North,R041,Rail,22,15,Late Evening,648,6.0,8,16.1,0.73,116.6,69.8
4106,2025-11-19,Wednesday,North,R049,Tram,6,30,Early Morning,453,3.2,12,24.6,0.6,63.4,79.7
1622,2025-11-19,Wednesday,Central,R080,Cycling,7,0,Early Morning,914,2.9,20,13.7,0.42,82.3,75.6
4029,2025-11-19,Wednesday,East,R065,Cycling,8,15,Morning Peak,827,2.8,19,20.1,0.5,74.4,85.6
5510,2025-11-19,Wednesday,Central,R013,Metro,8,30,Morning Peak,1733,6.6,11,13.0,0.89,277.3,85.6
351,2025-11-19,Wednesday,West,R039,Rail,10,15,Morning Peak,796,4.2,14,5.9,0.64,143.3,75.9
2357,2025-11-19,Wednesday,East,R013,Metro,11,0,Midday,2271,1.9,15,18.6,0.89,363.4,88.0
5284,2025-11-19,Wednesday,East,R023,Bus,11,0,Midday,673,10.4,9,10.1,0.68,80.8,68.2
358,2025-11-19,Wednesday,West,R050,Metro,11,15,Midday,1207,0.9,16,8.4,0.81,193.1,90.6
4343,2025-11-19,Wednesday,Central,R031,Rail,11,45,Midday,805,3.1,17,5.6,0.63,144.9,84.4
512,2025-11-19,Wednesday,East,R076,Shared Mobility,14,15,Midday,237,4.4,14,3.8,0.37,11.9,68.5
3541,2025-11-19,Wednesday,West,R014,Rail,14,15,Midday,713,11.0,8,25.9,0.73,128.3,73.5
3552,2025-11-19,Wednesday,South,R014,Metro,20,15,Late Evening,653,7.7,8,18.3,0.73,104.5,61.7
1590,2025-11-19,Wednesday,West,R019,Cycling,20,30,Late Evening,234,2.9,17,12.2,0.45,21.1,79.9
4686,2025-11-19,Wednesday,West,R061,Bus,21,15,Late Evening,457,10.0,10,26.1,0.6,54.8,62.6
1255,2025-11-19,Wednesday,Central,R033,Tram,21,30,Late Evening,408,4.2,7,19.6,0.56,57.1,80.5
2252,2025-11-19,Wednesday,North,R050,Cycling,23,0,Late Evening,295,0.0,21,15.6,0.46,26.6,77.3
2093,2025-11-20,Thursday,South,R032,Bus,8,30,Morning Peak,771,8.4,14,25.2,0.65,92.5,55.4
1697,2025-11-20,Thursday,Central,R048,Cycling,9,15,Morning Peak,290,3.3,17,10.2,0.47,26.1,76.2
3457,2025-11-20,Thursday,Central,R030,Tram,9,15,Morning Peak,977,5.3,14,8.3,0.66,136.8,77.5
2580,2025-11-20,Thursday,South,R080,Metro,9,45,Morning Peak,2002,5.1,11,16.7,0.98,320.3,74.8
2157,2025-11-20,Thursday,West,R021,Rail,10,45,Morning Peak,1010,8.1,15,5.6,0.74,181.8,66.9
5957,2025-11-20,Thursday,Central,R013,Metro,10,45,Morning Peak,1564,0.0,19,15.8,0.91,250.2,87.7
5672,2025-11-20,Thursday,South,R051,Shared Mobility,11,15,Midday,514,3.6,8,15.4,0.41,25.7,72.5
984,2025-11-20,Thursday,East,R030,Metro,12,0,Midday,1246,1.7,16,3.4,0.79,199.4,90.7
5457,2025-11-20,Thursday,East,R073,Rail,12,45,Midday,904,4.6,13,14.3,0.75,162.7,69.8
4095,2025-11-20,Thursday,East,R004,Rail,13,45,Midday,633,6.1,16,6.5,0.69,113.9,76.2
4047,2025-11-20,Thursday,East,R004,Shared Mobility,14,0,Midday,173,3.3,19,10.3,0.35,8.6,75.8
4486,2025-11-20,Thursday,West,R029,Metro,14,15,Midday,1397,0.1,15,13.4,0.84,223.5,89.0
3178,2025-11-20,Thursday,North,R003,Bus,15,45,Midday,599,4.2,12,4.0,0.58,71.9,78.9
1522,2025-11-20,Thursday,West,R050,Cycling,18,30,Evening Peak,713,5.6,9,14.5,0.39,64.2,65.0
1144,2025-11-20,Thursday,Central,R054,Metro,19,30,Evening Peak,1010,1.2,22,21.7,0.73,161.6,90.3
1110,2025-11-20,Thursday,Central,R078,Bus,22,0,Late Evening,491,4.4,19,18.0,0.58,58.9,74.0
3301,2025-11-20,Thursday,South,R074,Bus,22,30,Late Evening,550,7.9,10,11.9,0.69,66.0,67.3
222,2025-11-20,Thursday,North,R042,Bus,22,45,Late Evening,568,8.1,5,19.0,0.66,68.2,77.4
4172,2025-11-20,Thursday,South,R036,Bus,22,45,Late Evening,968,7.4,8,22.9,0.59,116.2,67.6
3017,2025-11-21,Friday,South,R063,Metro,10,15,Morning Peak,1226,1.8,14,10.4,0.93,196.2,92.4
4311,2025-11-21,Friday,East,R023,Metro,10,30,Morning Peak,1088,5.8,11,27.8,0.91,174.1,73.7
3056,2025-11-21,Friday,North,R050,Shared Mobility,10,45,Morning Peak,281,4.4,22,2.9,0.46,14.0,88.4
3542,2025-11-21,Friday,Central,R014,Metro,11,0,Midday,1172,3.0,12,3.8,0.8,187.5,96.5
229,2025-11-21,Friday,South,R053,Bus,11,15,Midday,963,3.7,18,21.2,0.69,115.6,79.5
487,2025-11-21,Friday,West,R079,Bus,12,45,Midday,891,8.6,8,22.0,0.59,106.9,72.7
3394,2025-11-21,Friday,South,R045,Rail,14,45,Midday,1180,8.0,13,23.6,0.76,212.4,73.1
496,2025-11-21,Friday,Central,R004,Tram,15,30,Midday,519,4.9,15,3.5,0.6,72.7,72.3
5868,2025-11-21,Friday,East,R042,Bus,16,15,Midday,990,8.2,10,4.4,0.69,118.8,75.9
2017,2025-11-21,Friday,East,R035,Tram,17,0,Evening Peak,948,3.3,15,15.7,0.72,132.7,76.3
2788,2025-11-21,Friday,Central,R049,Rail,17,0,Evening Peak,1516,9.1,9,13.8,0.86,272.9,77.0
3402,2025-11-21,Friday,Central,R048,Rail,18,45,Evening Peak,1075,10.2,9,21.7,0.84,193.5,65.6
5608,2025-11-21,Friday,Central,R053,Bus,18,45,Evening Peak,1747,11.1,7,10.3,0.78,209.6,73.3
1951,2025-11-21,Friday,North,R018,Cycling,20,30,Late Evening,297,1.1,14,25.1,0.42,26.7,83.6
3692,2025-11-21,Friday,Central,R060,Bus,20,30,Late Evening,600,6.6,17,22.2,0.51,72.0,68.6
3172,2025-11-21,Friday,West,R073,Bus,20,45,Late Evening,436,6.7,13,21.1,0.65,52.3,75.4
5121,2025-11-21,Friday,East,R058,Bus,20,45,Late Evening,456,5.5,14,20.8,0.68,54.7,65.6
4614,2025-11-21,Friday,West,R016,Cycling,22,15,Late Evening,306,0.7,21,23.4,0.3,27.5,93.1
2823,2025-11-22,Saturday,West,R076,Metro,7,30,Early Morning,2324,6.2,13,18.2,1.02,371.8,77.2
848,2025-11-22,Saturday,Central,R055,Metro,8,0,Morning Peak,1115,1.8,16,19.4,0.8,178.4,84.9
5637,2025-11-22,Saturday,Central,R016,Metro,8,45,Morning Peak,1660,3.7,12,26.8,0.78,265.6,86.6
1961,2025-11-22,Saturday,Central,R014,Bus,12,15,Midday,659,6.1,11,6.8,0.62,79.1,66.6
2295,2025-11-22,Saturday,North,R048,Bus,12,15,Midday,358,4.9,12,3.2,0.7,43.0,90.7
408,2025-11-22,Saturday,Central,R073,Metro,12,30,Midday,795,4.3,13,21.9,0.67,127.2,90.5
1684,2025-11-22,Saturday,East,R012,Bus,12,30,Midday,723,3.7,17,22.5,0.65,86.8,85.6
4351,2025-11-22,Saturday,Central,R066,Bus,13,30,Midday,664,8.1,9,27.6,0.73,79.7,70.6
238,2025-11-22,Saturday,South,R019,Bus,14,15,Midday,610,7.5,8,15.1,0.51,73.2,66.6
5865,2025-11-22,Saturday,East,R034,Cycling,14,30,Midday,229,4.5,13,1.6,0.44,20.6,82.1
5893,2025-11-22,Saturday,West,R070,Metro,15,0,Midday,1128,2.7,17,1.9,0.72,180.5,78.8
3772,2025-11-22,Saturday,Central,R078,Bus,18,0,Evening Peak,918,11.1,9,23.8,0.72,110.2,54.9
1337,2025-11-22,Saturday,Central,R030,Rail,18,45,Evening Peak,714,10.7,8,12.6,0.8,128.5,52.8
4123,2025-11-22,Saturday,Central,R070,Bus,19,0,Evening Peak,586,7.7,9,7.9,0.72,70.3,75.3
4783,2025-11-22,Saturday,Central,R040,Metro,21,15,Late Evening,1013,3.5,18,5.6,0.64,162.1,87.9
2143,2025-11-22,Saturday,North,R011,Metro,22,15,Late Evening,967,2.9,10,3.7,0.82,154.7,79.4
982,2025-11-22,Saturday,South,R008,Metro,22,45,Late Evening,876,6.1,9,18.5,0.64,140.2,70.8
4078,2025-11-23,Sunday,Central,R072,Bus,9,30,Morning Peak,1265,11.6,6,19.6,0.76,151.8,58.6
1214,2025-11-23,Sunday,South,R013,Shared Mobility,10,0,Morning Peak,174,0.3,17,15.1,0.44,8.7,72.1
3126,2025-11-23,Sunday,West,R066,Bus,10,30,Morning Peak,754,7.2,5,23.6,0.8,90.5,85.6
4899,2025-11-23,Sunday,West,R072,Bus,13,30,Midday,589,2.9,20,9.5,0.67,70.7,82.8
154,2025-11-23,Sunday,North,R068,Bus,15,30,Midday,566,10.2,6,12.3,0.54,67.9,57.7
2890,2025-11-23,Sunday,West,R067,Bus,16,45,Midday,770,7.4,10,3.1,0.7,92.4,67.7
623,2025-11-23,Sunday,North,R038,Metro,18,45,Evening Peak,1539,5.5,16,10.5,0.78,246.2,82.7
5446,2025-11-23,Sunday,Central,R073,Shared Mobility,21,15,Late Evening,161,1.1,20,18.3,0.34,8.0,75.9
4027,2025-11-23,Sunday,North,R038,Cycling,21,30,Late Evening,204,2.0,15,14.5,0.46,18.4,82.2
3573,2025-11-23,Sunday,South,R015,Bus,22,0,Late Evening,416,7.4,12,15.2,0.61,49.9,68.1
97,2025-11-23,Sunday,East,R062,Bus,22,30,Late Evening,867,9.2,12,4.0,0.63,104.0,69.5
5066,2025-11-23,Sunday,Central,R009,Shared Mobility,22,45,Late Evening,241,1.0,16,23.9,0.47,12.0,81.5
5708,2025-11-23,Sunday,North,R056,Bus,23,30,Late Evening,408,5.6,18,7.8,0.64,49.0,85.1
5951,2025-11-24,Monday,South,R044,Rail,6,0,Early Morning,830,10.1,8,19.1,0.73,149.4,66.3
2128,2025-11-24,Monday,West,R080,Bus,7,30,Early Morning,594,7.3,11,19.3,0.59,71.3,64.0
3537,2025-11-24,Monday,North,R042,Rail,7,30,Early Morning,1879,6.6,10,26.0,0.78,338.2,66.9
1466,2025-11-24,Monday,Central,R056,Rail,8,45,Morning Peak,1634,10.3,10,24.7,0.8,294.1,60.9
1035,2025-11-24,Monday,North,R050,Bus,9,45,Morning Peak,853,11.3,2,13.5,0.74,102.4,65.1
1852,2025-11-24,Monday,West,R071,Bus,9,45,Morning Peak,1385,10.8,9,2.9,0.79,166.2,69.9
4261,2025-11-24,Monday,East,R053,Metro,10,15,Morning Peak,1726,4.8,13,10.2,0.85,276.2,73.2
1055,2025-11-24,Monday,West,R019,Bus,11,0,Midday,1266,3.4,19,7.2,0.79,151.9,85.8
2067,2025-11-24,Monday,South,R075,Bus,11,0,Midday,535,11.3,4,2.5,0.6,64.2,51.7
1605,2025-11-24,Monday,West,R005,Bus,11,15,Midday,797,2.5,17,14.3,0.76,95.6,86.5
5145,2025-11-24,Monday,Central,R008,Bus,13,30,Midday,956,1.8,21,2.5,0.69,114.7,98.0
5140,2025-11-24,Monday,Central,R012,Metro,13,45,Midday,948,0.0,19,24.8,0.72,151.7,79.2
113,2025-11-24,Monday,Central,R050,Metro,14,0,Midday,1307,4.4,15,12.8,0.84,209.1,70.3
1257,2025-11-24,Monday,East,R002,Cycling,16,30,Midday,367,6.3,5,20.5,0.4,33.0,87.8
1147,2025-11-24,Monday,South,R035,Bus,21,45,Late Evening,622,5.0,9,4.9,0.7,74.6,78.0
3106,2025-11-24,Monday,East,R078,Bus,22,0,Late Evening,573,5.9,17,10.6,0.67,68.8,84.0
4253,2025-11-24,Monday,Central,R034,Rail,22,30,Late Evening,677,6.2,12,19.2,0.71,121.9,70.0
3531,2025-11-24,Monday,West,R028,Bus,23,45,Late Evening,542,4.1,13,14.6,0.58,65.0,82.4
2851,2025-11-25,Tuesday,Central,R062,Bus,5,15,Early Morning,519,8.5,6,20.2,0.58,62.3,56.9
46,2025-11-25,Tuesday,Central,R039,Bus,9,30,Morning Peak,1063,7.5,12,21.4,0.78,127.6,71.9
1015,2025-11-25,Tuesday,West,R030,Bus,9,30,Morning Peak,1220,10.0,8,22.2,0.67,146.4,60.3
1584,2025-11-25,Tuesday,South,R059,Tram,10,45,Morning Peak,732,1.9,15,8.3,0.58,102.5,79.5
2577,2025-11-25,Tuesday,East,R054,Bus,13,0,Midday,620,3.8,17,8.8,0.52,74.4,79.0
5654,2025-11-25,Tuesday,South,R054,Metro,14,30,Midday,694,2.3,24,13.8,0.67,111.0,78.4
3530,2025-11-25,Tuesday,Central,R036,Metro,21,0,Late Evening,724,4.7,16,10.5,0.88,115.8,78.9
3756,2025-11-25,Tuesday,South,R047,Bus,21,0,Late Evening,542,6.7,10,3.5,0.7,65.0,79.0
5535,2025-11-25,Tuesday,Central,R007,Tram,22,45,Late Evening,449,2.5,14,17.8,0.62,62.9,88.3
2443,2025-11-25,Tuesday,Central,R061,Bus,23,30,Late Evening,746,10.8,12,24.6,0.68,89.5,62.7
1094,2025-11-26,Wednesday,East,R003,Bus,8,0,Morning Peak,816,8.7,9,9.2,0.63,97.9,65.0
1430,2025-11-26,Wednesday,East,R041,Bus,8,0,Morning Peak,829,5.4,10,9.8,0.61,99.5,75.1
4388,2025-11-26,Wednesday,South,R075,Metro,10,45,Morning Peak,677,3.4,16,8.6,0.59,108.3,76.3
2123,2025-11-26,Wednesday,North,R074,Tram,11,0,Midday,541,3.6,11,16.8,0.64,75.7,78.5
1125,2025-11-26,Wednesday,North,R010,Bus,11,30,Midday,1024,4.7,19,23.9,0.77,122.9,65.4
683,2025-11-26,Wednesday,West,R003,Rail,14,15,Midday,991,5.6,15,10.9,0.76,178.4,88.4
811,2025-11-26,Wednesday,North,R036,Tram,14,30,Midday,736,2.2,17,20.6,0.58,103.0,79.4
2916,2025-11-26,Wednesday,North,R053,Shared Mobility,17,15,Evening Peak,362,4.5,15,7.5,0.33,18.1,81.4
515,2025-11-26,Wednesday,North,R079,Cycling,18,45,Evening Peak,1126,7.1,10,21.1,0.56,101.3,80.1
1279,2025-11-26,Wednesday,East,R014,Tram,19,15,Evening Peak,356,4.6,5,14.1,0.69,49.8,90.9
1554,2025-11-26,Wednesday,South,R015,Bus,21,0,Late Evening,717,4.8,20,8.4,0.59,86.0,85.4
2908,2025-11-26,Wednesday,Central,R055,Rail,21,0,Late Evening,725,8.1,8,4.3,0.61,130.5,77.6
4595,2025-11-26,Wednesday,South,R044,Metro,23,45,Late Evening,1106,1.1,22,5.9,0.72,177.0,75.4
3319,2025-11-27,Thursday,North,R003,Tram,7,0,Early Morning,1022,3.9,16,13.5,0.58,143.1,73.8
5727,2025-11-27,Thursday,Central,R037,Metro,9,0,Morning Peak,1453,7.9,14,22.4,0.85,232.5,72.6
3850,2025-11-27,Thursday,North,R004,Tram,9,30,Morning Peak,941,4.1,17,6.0,0.63,131.7,85.4
4423,2025-11-27,Thursday,North,R062,Cycling,10,0,Morning Peak,383,4.0,14,22.1,0.44,34.5,75.5
2356,2025-11-27,Thursday,South,R026,Tram,10,15,Morning Peak,714,4.4,14,2.8,0.58,100.0,73.8
4267,2025-11-27,Thursday,South,R030,Metro,10,30,Morning Peak,1497,1.4,16,26.1,0.83,239.5,86.3
11,2025-11-27,Thursday,South,R037,Bus,10,45,Morning Peak,736,7.9,12,5.6,0.68,88.3,70.4
2103,2025-11-27,Thursday,North,R001,Metro,11,0,Midday,1383,0.1,18,15.2,0.87,221.3,81.4
4814,2025-11-27,Thursday,North,R027,Tram,11,0,Midday,427,2.4,13,3.4,0.5,59.8,80.4
951,2025-11-27,Thursday,Central,R005,Metro,13,45,Midday,1619,7.2,10,13.9,0.83,259.0,66.1
170,2025-11-27,Thursday,North,R055,Bus,15,30,Midday,552,7.4,13,13.7,0.62,66.2,77.0
598,2025-11-27,Thursday,South,R018,Metro,19,0,Evening Peak,1264,3.4,13,21.4,0.81,202.2,74.8
5188,2025-11-27,Thursday,West,R057,Bus,19,15,Evening Peak,683,8.8,11,7.0,0.56,82.0,76.5
4697,2025-11-27,Thursday,Central,R006,Metro,20,45,Late Evening,923,5.8,8,18.4,0.78,147.7,79.1
3874,2025-11-27,Thursday,East,R041,Rail,21,30,Late Evening,686,9.6,10,4.5,0.7,123.5,73.2
3940,2025-11-27,Thursday,Central,R015,Tram,22,30,Late Evening,439,4.5,13,13.6,0.51,61.5,59.3
5574,2025-11-27,Thursday,East,R010,Cycling,23,15,Late Evening,324,5.5,12,18.5,0.35,29.2,77.6
5570,2025-11-28,Friday,Central,R023,Bus,7,15,Early Morning,1187,10.7,6,7.4,0.71,142.4,62.6
5063,2025-11-28,Friday,Central,R019,Shared Mobility,7,30,Early Morning,524,4.7,8,24.1,0.47,26.2,71.6
3185,2025-11-28,Friday,East,R045,Rail,9,30,Morning Peak,1751,9.6,9,20.3,0.77,315.2,67.6
5364,2025-11-28,Friday,West,R055,Metro,13,0,Midday,1467,2.8,16,24.7,0.91,234.7,78.3
1111,2025-11-28,Friday,South,R071,Cycling,13,15,Midday,341,0.2,22,16.3,0.36,30.7,85.1
1905,2025-11-28,Friday,South,R054,Bus,13,45,Midday,731,7.0,5,7.9,0.64,87.7,73.8
1596,2025-11-28,Friday,North,R060,Bus,14,15,Midday,772,4.4,11,20.2,0.72,92.6,59.0
5802,2025-11-28,Friday,West,R035,Bus,17,30,Evening Peak,1732,8.4,14,26.0,0.96,207.8,72.0
3310,2025-11-28,Friday,North,R044,Bus,20,0,Late Evening,384,10.2,16,24.6,0.62,46.1,61.8
4136,2025-11-28,Friday,Central,R046,Metro,20,15,Late Evening,1282,4.6,14,2.4,0.73,205.1,75.1
1980,2025-11-28,Friday,Central,R004,Tram,20,45,Late Evening,419,3.6,10,9.4,0.6,58.7,75.1
4738,2025-11-28,Friday,East,R071,Bus,21,45,Late Evening,510,6.9,8,11.1,0.64,61.2,76.0
3280,2025-11-28,Friday,Central,R079,Bus,22,15,Late Evening,610,8.5,11,17.9,0.62,73.2,61.5
3957,2025-11-28,Friday,South,R056,Tram,22,15,Late Evening,564,3.8,14,26.7,0.66,79.0,68.6
4678,2025-11-29,Saturday,East,R032,Tram,6,15,Early Morning,701,5.9,13,3.2,0.71,98.1,77.3
3272,2025-11-29,Saturday,Central,R061,Rail,10,30,Morning Peak,410,4.8,13,13.5,0.6,73.8,74.3
3941,2025-11-29,Saturday,Central,R063,Bus,12,30,Midday,442,6.5,14,21.2,0.56,53.0,76.7
2545,2025-11-29,Saturday,Central,R068,Rail,15,30,Midday,723,8.1,11,23.1,0.58,130.1,75.2
5060,2025-11-29,Saturday,South,R080,Bus,19,45,Evening Peak,510,8.6,6,9.4,0.64,61.2,67.2
1000,2025-11-29,Saturday,Central,R061,Cycling,21,15,Late Evening,199,0.0,15,17.4,0.46,17.9,86.0
5747,2025-11-29,Saturday,Central,R030,Cycling,21,15,Late Evening,344,0.8,19,21.5,0.5,31.0,85.9
5090,2025-11-29,Saturday,South,R063,Metro,21,30,Late Evening,953,1.3,14,4.8,0.73,152.5,77.5
3092,2025-11-29,Saturday,West,R022,Bus,21,45,Late Evening,391,6.6,11,5.7,0.58,46.9,73.3
1541,2025-11-29,Saturday,North,R023,Metro,22,0,Late Evening,671,2.8,16,2.1,0.61,107.4,80.5
2310,2025-11-29,Saturday,East,R036,Rail,22,15,Late Evening,606,6.5,11,21.4,0.64,109.1,68.8
5589,2025-11-29,Saturday,South,R052,Bus,23,45,Late Evening,572,7.7,6,9.3,0.69,68.6,67.7
1025,2025-11-30,Sunday,Central,R068,Bus,9,0,Morning Peak,1525,9.1,7,14.7,0.77,183.0,73.5
2162,2025-11-30,Sunday,West,R008,Bus,9,30,Morning Peak,668,8.0,4,15.4,0.61,80.2,62.9
3147,2025-11-30,Sunday,East,R004,Metro,11,0,Midday,1060,3.3,14,24.9,0.84,169.6,84.7
2005,2025-11-30,Sunday,South,R076,Cycling,14,30,Midday,443,0.0,18,13.2,0.42,39.9,89.1
3111,2025-11-30,Sunday,South,R063,Metro,18,45,Evening Peak,1366,2.5,16,27.0,0.75,218.6,89.2
5556,2025-11-30,Sunday,East,R059,Rail,19,30,Evening Peak,452,8.1,7,19.1,0.71,81.4,65.4
5991,2025-11-30,Sunday,North,R050,Bus,19,45,Evening Peak,298,2.9,20,17.6,0.71,35.8,78.3
1948,2025-11-30,Sunday,West,R041,Bus,20,15,Late Evening,345,9.4,5,22.1,0.62,41.4,66.6
4273,2025-11-30,Sunday,South,R031,Metro,20,15,Late Evening,565,1.9,19,23.2,0.6,90.4,89.2
2608,2025-11-30,Sunday,South,R037,Bus,22,0,Late Evening,840,5.1,14,24.4,0.58,100.8,68.1
5795,2025-11-30,Sunday,East,R080,Bus,22,30,Late Evening,322,9.4,8,12.3,0.68,38.6,63.1
2420,2025-11-30,Sunday,Central,R070,Bus,23,45,Late Evening,513,6.5,12,14.3,0.72,61.6,61.9
801,2025-12-01,Monday,North,R018,Cycling,5,15,Early Morning,371,0.0,16,16.8,0.39,33.4,79.7
970,2025-12-01,Monday,North,R069,Bus,8,45,Morning Peak,1159,7.9,6,11.5,0.66,139.1,80.1
1461,2025-12-01,Monday,East,R019,Metro,10,0,Morning Peak,2187,1.6,17,11.8,0.97,349.9,88.3
3366,2025-12-01,Monday,East,R002,Bus,10,15,Morning Peak,903,10.1,6,13.4,0.68,108.4,63.8
1690,2025-12-01,Monday,Central,R045,Metro,11,15,Midday,1022,6.7,14,13.2,0.82,163.5,83.3
1926,2025-12-01,Monday,West,R042,Bus,11,30,Midday,822,5.8,13,24.8,0.65,98.6,59.1
796,2025-12-01,Monday,South,R029,Rail,11,45,Midday,1165,3.4,11,16.3,0.81,209.7,75.2
4680,2025-12-01,Monday,Central,R055,Rail,13,45,Midday,1243,5.0,11,26.6,0.76,223.7,72.7
5848,2025-12-01,Monday,East,R051,Tram,17,0,Evening Peak,715,5.6,9,24.4,0.64,100.1,66.9
976,2025-12-01,Monday,South,R032,Cycling,18,30,Evening Peak,719,5.8,11,8.3,0.56,64.7,80.6
4670,2025-12-01,Monday,South,R067,Bus,18,30,Evening Peak,868,12.1,8,21.6,0.64,104.2,64.5
5660,2025-12-01,Monday,South,R074,Bus,19,0,Evening Peak,492,9.6,8,23.0,0.6,59.0,52.7
5387,2025-12-01,Monday,South,R005,Rail,19,45,Evening Peak,624,5.4,18,14.3,0.61,112.3,70.1
3660,2025-12-01,Monday,Central,R029,Bus,21,15,Late Evening,661,7.5,10,8.9,0.65,79.3,76.9
4468,2025-12-01,Monday,Central,R008,Bus,21,30,Late Evening,523,4.9,13,27.2,0.61,62.8,79.5
3976,2025-12-02,Tuesday,South,R026,Bus,5,45,Early Morning,789,6.7,10,6.1,0.66,94.7,63.7
2844,2025-12-02,Tuesday,North,R010,Bus,7,30,Early Morning,1195,11.2,7,21.3,0.66,143.4,66.8
4644,2025-12-02,Tuesday,East,R080,Bus,7,45,Early Morning,1923,9.9,15,17.3,0.92,230.8,77.8
2148,2025-12-02,Tuesday,East,R011,Metro,8,0,Morning Peak,1645,2.3,15,16.1,0.88,263.2,74.5
4533,2025-12-02,Tuesday,North,R079,Tram,8,45,Morning Peak,982,7.2,12,22.6,0.66,137.5,64.9
5809,2025-12-02,Tuesday,South,R038,Cycling,10,0,Morning Peak,383,1.9,19,7.0,0.46,34.5,82.0
5760,2025-12-02,Tuesday,East,R030,Metro,10,30,Morning Peak,1108,8.0,11,5.3,0.77,177.3,70.7
4238,2025-12-02,Tuesday,South,R061,Bus,12,45,Midday,1035,9.1,11,14.7,0.76,124.2,54.8
2403,2025-12-02,Tuesday,North,R051,Metro,14,0,Midday,1345,1.1,22,26.6,0.82,215.2,85.4
1633,2025-12-02,Tuesday,Central,R003,Metro,14,15,Midday,1781,5.8,6,7.4,0.76,285.0,71.3
500,2025-12-02,Tuesday,Central,R067,Rail,14,30,Midday,603,8.2,9,16.6,0.66,108.5,76.1
2381,2025-12-02,Tuesday,West,R059,Bus,14,30,Midday,758,8.5,11,5.2,0.57,91.0,71.4
2735,2025-12-02,Tuesday,West,R073,Cycling,15,0,Midday,517,3.1,12,20.8,0.52,46.5,71.1
2981,2025-12-02,Tuesday,South,R030,Rail,16,15,Midday,1103,7.7,8,8.2,0.8,198.5,81.3
2043,2025-12-02,Tuesday,North,R045,Tram,18,15,Evening Peak,681,6.0,19,14.6,0.58,95.3,70.8
4756,2025-12-02,Tuesday,East,R078,Rail,20,0,Late Evening,476,3.9,13,27.4,0.6,85.7,92.6
827,2025-12-02,Tuesday,East,R003,Bus,20,45,Late Evening,620,8.2,9,27.0,0.71,74.4,68.2
872,2025-12-03,Wednesday,East,R044,Rail,6,30,Early Morning,657,5.6,15,24.1,0.74,118.3,86.3
5828,2025-12-03,Wednesday,East,R036,Bus,7,0,Early Morning,1093,7.9,13,2.0,0.72,131.2,72.2
1738,2025-12-03,Wednesday,South,R033,Bus,8,45,Morning Peak,907,7.1,13,6.5,0.62,108.8,61.2
5172,2025-12-03,Wednesday,West,R075,Bus,9,15,Morning Peak,1448,9.2,10,25.1,0.75,173.8,64.6
526,2025-12-03,Wednesday,South,R043,Metro,10,0,Morning Peak,1468,1.2,21,4.5,0.85,234.9,83.3
3533,2025-12-03,Wednesday,West,R077,Metro,10,0,Morning Peak,1030,9.0,16,12.0,0.85,164.8,80.0
3534,2025-12-03,Wednesday,Central,R043,Cycling,10,0,Morning Peak,371,0.0,17,23.3,0.41,33.4,79.0
4207,2025-12-03,Wednesday,South,R009,Bus,10,45,Morning Peak,1579,4.8,18,11.8,0.76,189.5,78.9
5515,2025-12-03,Wednesday,North,R055,Metro,10,45,Morning Peak,1160,3.7,19,17.1,0.83,185.6,81.1
4216,2025-12-03,Wednesday,Central,R013,Tram,11,15,Midday,615,5.1,11,12.0,0.57,86.1,90.7
1203,2025-12-03,Wednesday,North,R013,Tram,11,45,Midday,460,6.9,5,24.7,0.5,64.4,59.9
3799,2025-12-03,Wednesday,Central,R074,Bus,12,0,Midday,649,5.9,13,22.8,0.73,77.9,56.1
5053,2025-12-03,Wednesday,South,R063,Metro,13,45,Midday,759,3.3,11,17.4,0.75,121.4,76.3
5402,2025-12-03,Wednesday,South,R006,Cycling,14,0,Midday,463,3.5,12,26.8,0.39,41.7,78.3
5137,2025-12-03,Wednesday,North,R074,Metro,14,45,Midday,2081,7.4,15,6.9,0.99,333.0,80.6
5078,2025-12-03,Wednesday,North,R001,Metro,17,30,Evening Peak,1780,2.5,13,17.7,0.82,284.8,91.1
5890,2025-12-03,Wednesday,West,R014,Metro,17,30,Evening Peak,2147,6.7,13,19.0,0.94,343.5,70.9
1402,2025-12-03,Wednesday,West,R007,Bus,19,15,Evening Peak,528,8.7,10,7.9,0.53,63.4,69.2
2799,2025-12-03,Wednesday,South,R043,Metro,21,15,Late Evening,1043,4.3,16,22.3,0.71,166.9,75.9
5438,2025-12-03,Wednesday,South,R012,Bus,22,15,Late Evening,633,8.2,11,21.9,0.67,76.0,76.8
2572,2025-12-03,Wednesday,Central,R011,Metro,22,45,Late Evening,1089,2.0,13,19.6,0.8,174.2,79.9
3647,2025-12-03,Wednesday,South,R055,Bus,23,30,Late Evening,570,8.3,12,3.6,0.61,68.4,76.9
4425,2025-12-04,Thursday,West,R043,Tram,6,30,Early Morning,365,7.5,10,26.7,0.57,51.1,70.7
292,2025-12-04,Thursday,South,R009,Bus,8,30,Morning Peak,1586,10.7,5,17.4,0.83,190.3,64.6
4453,2025-12-04,Thursday,South,R078,Rail,10,45,Morning Peak,793,8.1,11,27.4,0.72,142.7,64.0
4429,2025-12-04,Thursday,East,R066,Metro,11,0,Midday,1219,4.4,13,15.8,0.87,195.0,63.9
5016,2025-12-04,Thursday,South,R014,Shared Mobility,11,45,Midday,194,4.0,17,10.4,0.42,9.7,82.2
3049,2025-12-04,Thursday,Central,R051,Metro,12,15,Midday,1023,2.9,16,18.2,0.79,163.7,87.6
2857,2025-12-04,Thursday,Central,R052,Bus,12,30,Midday,476,6.7,7,25.0,0.64,57.1,57.7
794,2025-12-04,Thursday,Central,R028,Metro,13,15,Midday,1168,0.0,17,3.5,0.76,186.9,74.4
251,2025-12-04,Thursday,East,R030,Metro,14,15,Midday,1281,3.5,13,21.0,0.85,205.0,77.8
5665,2025-12-04,Thursday,North,R074,Bus,14,45,Midday,898,4.1,10,14.0,0.73,107.8,92.2
3299,2025-12-04,Thursday,Central,R007,Metro,15,0,Midday,1154,2.1,15,9.0,0.8,184.6,84.4
5165,2025-12-04,Thursday,South,R003,Bus,15,45,Midday,741,4.4,14,11.3,0.6,88.9,89.7
3704,2025-12-04,Thursday,South,R015,Cycling,18,0,Evening Peak,370,4.4,16,13.7,0.44,33.3,70.8
1574,2025-12-04,Thursday,West,R034,Bus,18,15,Evening Peak,992,10.1,7,2.9,0.64,119.0,64.7
3671,2025-12-04,Thursday,East,R077,Rail,18,15,Evening Peak,887,11.2,7,16.8,0.77,159.7,57.5
3467,2025-12-04,Thursday,Central,R071,Metro,19,45,Evening Peak,1252,5.3,13,5.6,0.76,200.3,79.4
85,2025-12-04,Thursday,West,R022,Bus,20,15,Late Evening,609,7.3,8,11.2,0.72,73.1,82.4
4298,2025-12-04,Thursday,Central,R057,Bus,22,0,Late Evening,524,6.0,11,15.0,0.58,62.9,75.5
1798,2025-12-04,Thursday,Central,R003,Bus,23,45,Late Evening,565,2.5,21,23.5,0.69,67.8,75.1
2490,2025-12-04,Thursday,Central,R072,Rail,23,45,Late Evening,502,4.6,15,27.2,0.73,90.4,66.9
4233,2025-12-05,Friday,Central,R029,Shared Mobility,8,15,Morning Peak,294,6.1,15,2.3,0.47,14.7,73.6
2101,2025-12-05,Friday,North,R017,Rail,8,30,Morning Peak,1114,6.3,9,17.4,0.73,200.5,65.7
4687,2025-12-05,Friday,South,R010,Rail,8,30,Morning Peak,967,7.2,21,17.8,0.7,174.1,68.3
577,2025-12-05,Friday,South,R063,Bus,10,0,Morning Peak,746,4.6,11,20.6,0.66,89.5,72.1
4650,2025-12-05,Friday,Central,R076,Metro,10,30,Morning Peak,1106,1.6,15,9.6,0.85,177.0,77.3
1046,2025-12-05,Friday,North,R060,Shared Mobility,11,0,Midday,162,5.1,8,16.4,0.33,8.1,77.6
4852,2025-12-05,Friday,South,R055,Rail,12,0,Midday,1403,5.3,13,15.6,0.84,252.5,90.7
1438,2025-12-05,Friday,Central,R036,Bus,15,0,Midday,817,6.8,10,27.9,0.7,98.0,87.2
4235,2025-12-05,Friday,North,R023,Bus,16,45,Midday,1382,8.0,16,11.8,0.77,165.8,65.4
3888,2025-12-05,Friday,West,R012,Rail,18,15,Evening Peak,1639,8.0,10,5.4,0.76,295.0,67.5
4896,2025-12-05,Friday,North,R003,Tram,19,0,Evening Peak,481,3.2,17,17.1,0.69,67.3,73.4
5687,2025-12-05,Friday,Central,R012,Bus,19,0,Evening Peak,694,5.9,12,20.0,0.62,83.3,80.7
5228,2025-12-05,Friday,South,R053,Metro,20,0,Late Evening,871,0.0,18,18.5,0.67,139.4,97.9
4222,2025-12-05,Friday,North,R049,Bus,21,15,Late Evening,646,5.9,8,9.5,0.76,77.5,75.1
617,2025-12-05,Friday,West,R023,Metro,23,0,Late Evening,1280,3.3,11,25.7,0.77,204.8,90.4
4786,2025-12-06,Saturday,Central,R016,Metro,8,0,Morning Peak,1087,3.1,18,10.4,0.82,173.9,78.7
4941,2025-12-06,Saturday,Central,R007,Cycling,8,45,Morning Peak,349,5.1,7,26.8,0.45,31.4,64.1
5892,2025-12-06,Saturday,Central,R060,Metro,8,45,Morning Peak,1446,6.5,11,17.1,0.91,231.4,80.8
168,2025-12-06,Saturday,West,R056,Bus,9,15,Morning Peak,1337,8.0,11,7.4,0.82,160.4,63.7
2038,2025-12-06,Saturday,North,R042,Tram,10,30,Morning Peak,536,4.2,9,4.9,0.54,75.0,85.8
3732,2025-12-06,Saturday,Central,R019,Cycling,11,0,Midday,506,0.3,20,9.3,0.44,45.5,86.5
5790,2025-12-06,Saturday,West,R050,Cycling,12,0,Midday,322,0.0,21,27.7,0.49,29.0,91.5
3816,2025-12-06,Saturday,North,R030,Metro,12,15,Midday,703,1.3,18,7.4,0.8,112.5,90.8
56,2025-12-06,Saturday,North,R039,Metro,12,30,Midday,1172,5.2,15,2.2,0.79,187.5,92.4
3298,2025-12-06,Saturday,South,R013,Bus,12,30,Midday,712,6.2,15,9.0,0.55,85.4,72.8
4203,2025-12-06,Saturday,West,R016,Metro,14,45,Midday,862,4.4,12,10.1,0.77,137.9,69.5
813,2025-12-06,Saturday,West,R032,Bus,15,0,Midday,538,10.6,9,9.5,0.64,64.6,58.1
285,2025-12-06,Saturday,North,R048,Bus,15,15,Midday,1188,3.9,18,9.2,0.73,142.6,75.7
5299,2025-12-06,Saturday,East,R078,Rail,15,15,Midday,619,3.8,17,12.1,0.68,111.4,74.5
1516,2025-12-06,Saturday,Central,R054,Bus,15,30,Midday,542,7.3,8,19.7,0.67,65.0,83.5
1782,2025-12-06,Saturday,South,R074,Bus,15,45,Midday,538,7.1,14,23.5,0.69,64.6,64.8
3235,2025-12-06,Saturday,Central,R070,Bus,18,15,Evening Peak,1002,9.3,12,24.3,0.66,120.2,68.6
504,2025-12-06,Saturday,North,R024,Rail,18,30,Evening Peak,977,10.1,9,20.9,0.76,175.9,62.5
5311,2025-12-06,Saturday,Central,R014,Cycling,18,30,Evening Peak,420,4.3,7,13.0,0.47,37.8,85.8
4784,2025-12-06,Saturday,Central,R014,Metro,18,45,Evening Peak,1000,5.4,10,24.9,0.8,160.0,84.1
5706,2025-12-07,Sunday,East,R028,Rail,5,30,Early Morning,1018,6.3,9,11.1,0.86,183.2,67.8
784,2025-12-07,Sunday,West,R076,Metro,6,45,Early Morning,645,3.9,13,18.4,0.74,103.2,75.2
4495,2025-12-07,Sunday,Central,R066,Bus,7,0,Early Morning,1013,10.5,8,26.4,0.68,121.6,73.6
2046,2025-12-07,Sunday,West,R021,Metro,8,15,Morning Peak,1346,2.6,16,17.4,0.81,215.4,84.9
5212,2025-12-07,Sunday,Central,R036,Bus,9,15,Morning Peak,828,8.2,11,28.0,0.68,99.4,73.1
2885,2025-12-07,Sunday,South,R048,Tram,9,30,Morning Peak,704,8.3,7,10.9,0.71,98.6,77.0
730,2025-12-07,Sunday,East,R014,Rail,10,15,Morning Peak,463,10.0,10,4.2,0.66,83.3,55.1
2909,2025-12-07,Sunday,South,R071,Bus,11,30,Midday,481,2.1,16,10.0,0.64,57.7,74.9
2353,2025-12-07,Sunday,East,R049,Bus,12,0,Midday,860,7.7,11,17.4,0.81,103.2,65.6
5685,2025-12-07,Sunday,Central,R050,Bus,12,15,Midday,642,7.5,3,14.8,0.67,77.0,68.5
4393,2025-12-07,Sunday,North,R030,Metro,12,45,Midday,1142,0.1,17,19.5,0.78,182.7,84.7
4456,2025-12-07,Sunday,North,R053,Bus,13,0,Midday,811,8.3,18,9.3,0.73,97.3,69.0
3452,2025-12-07,Sunday,West,R076,Metro,17,45,Evening Peak,1337,0.8,21,25.4,0.85,213.9,91.7
3475,2025-12-07,Sunday,Central,R004,Cycling,17,45,Evening Peak,660,2.1,15,14.7,0.38,59.4,75.1
3248,2025-12-07,Sunday,East,R046,Cycling,20,0,Late Evening,159,0.9,15,13.4,0.41,14.3,87.4
476,2025-12-07,Sunday,South,R025,Bus,22,30,Late Evening,525,5.8,8,22.2,0.77,63.0,63.9
4849,2025-12-07,Sunday,South,R056,Metro,22,30,Late Evening,884,1.5,20,23.8,0.86,141.4,78.5
1340,2025-12-07,Sunday,West,R051,Bus,23,30,Late Evening,251,7.0,11,15.1,0.69,30.1,75.4
2365,2025-12-08,Monday,Central,R078,Shared Mobility,6,0,Early Morning,239,0.0,19,20.0,0.37,12.0,85.4
734,2025-12-08,Monday,South,R040,Metro,7,30,Early Morning,2317,6.0,9,5.9,0.95,370.7,76.7
4134,2025-12-08,Monday,East,R051,Bus,12,45,Midday,891,7.5,16,20.5,0.72,106.9,66.3
5214,2025-12-08,Monday,South,R018,Bus,13,30,Midday,857,7.3,8,21.8,0.7,102.8,77.8
565,2025-12-08,Monday,East,R036,Metro,14,0,Midday,997,3.4,15,16.3,0.81,159.5,82.8
3209,2025-12-08,Monday,North,R033,Tram,15,0,Midday,963,7.3,10,11.2,0.58,134.8,80.5
3991,2025-12-08,Monday,West,R043,Rail,15,30,Midday,1191,9.3,8,12.4,0.66,214.4,64.5
5921,2025-12-08,Monday,South,R036,Metro,15,30,Midday,1997,4.0,13,26.3,1.01,319.5,93.0
3444,2025-12-08,Monday,South,R029,Tram,16,45,Midday,1002,8.7,12,3.3,0.72,140.3,72.6
2838,2025-12-08,Monday,West,R008,Tram,18,30,Evening Peak,1019,10.8,2,24.4,0.61,142.7,67.6
1352,2025-12-08,Monday,West,R009,Rail,19,0,Evening Peak,817,7.6,14,6.4,0.79,147.1,71.8
394,2025-12-08,Monday,South,R041,Bus,19,15,Evening Peak,607,6.5,15,18.6,0.74,72.8,72.5
404,2025-12-08,Monday,East,R059,Shared Mobility,20,0,Late Evening,207,4.5,14,23.8,0.3,10.4,66.2
1209,2025-12-08,Monday,West,R023,Bus,20,15,Late Evening,680,9.9,10,18.6,0.64,81.6,64.1
364,2025-12-08,Monday,Central,R007,Bus,21,45,Late Evening,696,6.6,12,27.5,0.71,83.5,77.1
2294,2025-12-08,Monday,West,R062,Bus,22,0,Late Evening,425,4.8,11,22.0,0.52,51.0,60.7
1305,2025-12-08,Monday,Central,R064,Tram,22,15,Late Evening,346,5.9,13,6.1,0.45,48.4,74.5
621,2025-12-08,Monday,North,R051,Bus,22,45,Late Evening,568,9.0,5,11.7,0.58,68.2,70.8
5033,2025-12-09,Tuesday,West,R024,Metro,6,30,Early Morning,851,3.8,14,23.3,0.72,136.2,86.2
2142,2025-12-09,Tuesday,South,R032,Rail,7,30,Early Morning,1227,6.3,11,8.2,0.64,220.9,74.3
2538,2025-12-09,Tuesday,North,R074,Bus,8,15,Morning Peak,1023,13.7,10,5.7,0.66,122.8,60.3
5667,2025-12-09,Tuesday,West,R050,Tram,10,0,Morning Peak,523,1.5,21,10.9,0.69,73.2,86.1
3688,2025-12-09,Tuesday,North,R060,Rail,11,30,Midday,617,8.4,10,4.5,0.61,111.1,64.9
3761,2025-12-09,Tuesday,South,R047,Bus,11,45,Midday,802,5.9,12,23.7,0.73,96.2,68.1
4892,2025-12-09,Tuesday,South,R074,Tram,12,0,Midday,908,2.8,16,12.7,0.59,127.1,83.7
211,2025-12-09,Tuesday,South,R001,Bus,17,15,Evening Peak,898,10.4,12,5.8,0.7,107.8,67.8
5844,2025-12-09,Tuesday,Central,R042,Bus,17,30,Evening Peak,1076,5.9,15,15.7,0.73,129.1,80.1
4140,2025-12-09,Tuesday,South,R031,Bus,18,0,Evening Peak,1456,8.3,7,10.6,0.68,174.7,64.9
3293,2025-12-09,Tuesday,East,R051,Rail,18,15,Evening Peak,1441,4.8,14,10.7,0.77,259.4,75.4
4865,2025-12-09,Tuesday,Central,R035,Cycling,18,30,Evening Peak,882,6.8,15,17.1,0.52,79.4,78.3
3446,2025-12-09,Tuesday,North,R032,Bus,19,15,Evening Peak,663,5.9,9,26.8,0.66,79.6,68.3
5875,2025-12-09,Tuesday,Central,R068,Metro,20,15,Late Evening,868,2.9,18,8.2,0.76,138.9,89.2
3074,2025-12-09,Tuesday,Central,R049,Bus,20,30,Late Evening,640,7.9,10,24.1,0.61,76.8,71.0
3184,2025-12-09,Tuesday,Central,R001,Shared Mobility,21,45,Late Evening,231,3.2,18,2.0,0.4,11.6,83.1
4054,2025-12-09,Tuesday,East,R044,Shared Mobility,22,15,Late Evening,287,0.3,23,27.3,0.51,14.4,93.5
3114,2025-12-10,Wednesday,West,R021,Bus,6,15,Early Morning,794,9.4,9,25.8,0.64,95.3,58.2
1789,2025-12-10,Wednesday,Central,R031,Bus,8,45,Morning Peak,1537,6.9,15,14.0,0.8,184.4,81.4
2105,2025-12-10,Wednesday,South,R066,Bus,8,45,Morning Peak,1152,11.2,9,11.0,0.69,138.2,59.5
1529,2025-12-10,Wednesday,Central,R054,Rail,9,15,Morning Peak,1212,8.1,9,21.6,0.78,218.2,83.3
99,2025-12-10,Wednesday,Central,R045,Bus,9,30,Morning Peak,1319,7.3,9,7.6,0.66,158.3,61.5
3257,2025-12-10,Wednesday,West,R058,Metro,10,0,Morning Peak,1900,0.8,21,25.4,0.86,304.0,88.8
1194,2025-12-10,Wednesday,North,R066,Rail,10,30,Morning Peak,1014,4.9,10,8.5,0.78,182.5,65.5
4519,2025-12-10,Wednesday,West,R006,Rail,10,30,Morning Peak,917,4.5,16,21.8,0.64,165.1,78.2
5879,2025-12-10,Wednesday,North,R058,Bus,10,30,Morning Peak,900,8.8,14,1.8,0.62,108.0,62.5
3403,2025-12-10,Wednesday,Central,R037,Bus,11,15,Midday,1184,4.0,14,25.6,0.71,142.1,77.8
1681,2025-12-10,Wednesday,North,R076,Bus,12,0,Midday,988,7.6,14,6.9,0.71,118.6,66.8
2923,2025-12-10,Wednesday,West,R076,Bus,12,0,Midday,848,8.3,17,22.4,0.65,101.8,67.8
3262,2025-12-10,Wednesday,West,R049,Tram,12,45,Midday,649,2.0,13,9.4,0.55,90.9,90.0
20,2025-12-10,Wednesday,South,R075,Tram,16,30,Midday,1409,8.2,11,6.9,0.69,197.3,56.6
5018,2025-12-10,Wednesday,North,R049,Bus,18,0,Evening Peak,1054,10.2,13,3.7,0.78,126.5,62.3
5222,2025-12-10,Wednesday,North,R010,Bus,19,15,Evening Peak,773,9.0,14,9.2,0.66,92.8,75.4
2539,2025-12-10,Wednesday,North,R025,Bus,20,15,Late Evening,773,2.8,19,9.7,0.75,92.8,69.8
1538,2025-12-10,Wednesday,East,R036,Bus,21,45,Late Evening,571,9.8,10,15.6,0.65,68.5,71.8
4609,2025-12-10,Wednesday,East,R068,Tram,22,30,Late Evening,210,7.8,12,12.6,0.66,29.4,67.5
5377,2025-12-11,Thursday,South,R056,Cycling,7,30,Early Morning,517,6.9,11,22.8,0.56,46.5,82.8
4446,2025-12-11,Thursday,North,R063,Cycling,9,15,Morning Peak,614,4.2,18,14.2,0.46,55.3,65.8
5124,2025-12-11,Thursday,South,R023,Metro,9,15,Morning Peak,2099,8.7,9,6.3,0.94,335.8,65.3
4894,2025-12-11,Thursday,East,R011,Tram,10,0,Morning Peak,876,6.3,17,1.5,0.51,122.6,69.4
1963,2025-12-11,Thursday,Central,R038,Rail,10,15,Morning Peak,1363,4.2,13,5.7,0.78,245.3,89.9
2225,2025-12-11,Thursday,Central,R075,Bus,10,45,Morning Peak,589,3.5,15,4.7,0.67,70.7,83.8
2434,2025-12-11,Thursday,East,R037,Bus,10,45,Morning Peak,827,1.4,13,17.9,0.63,99.2,84.3
29,2025-12-11,Thursday,East,R075,Bus,11,0,Midday,750,6.3,6,8.4,0.59,90.0,71.9
2884,2025-12-11,Thursday,East,R011,Bus,12,45,Midday,992,5.5,10,23.0,0.74,119.0,75.1
2068,2025-12-11,Thursday,East,R056,Tram,14,45,Midday,490,6.0,14,12.0,0.57,68.6,86.5
96,2025-12-11,Thursday,South,R063,Metro,15,15,Midday,881,5.9,9,27.9,0.76,141.0,83.0
1644,2025-12-11,Thursday,North,R010,Bus,19,0,Evening Peak,553,5.6,7,14.5,0.75,66.4,76.0
5338,2025-12-11,Thursday,South,R018,Bus,19,30,Evening Peak,803,6.7,15,22.0,0.63,96.4,80.4
4321,2025-12-11,Thursday,Central,R014,Bus,21,0,Late Evening,558,7.6,8,13.9,0.62,67.0,71.9
2640,2025-12-11,Thursday,North,R037,Metro,22,30,Late Evening,825,1.9,17,19.0,0.69,132.0,82.3
2178,2025-12-11,Thursday,West,R011,Shared Mobility,23,30,Late Evening,313,1.8,14,14.4,0.48,15.6,85.1
5074,2025-12-11,Thursday,South,R063,Bus,23,45,Late Evening,568,2.5,14,13.6,0.67,68.2,79.8
54,2025-12-12,Friday,North,R058,Shared Mobility,7,15,Early Morning,354,5.2,17,17.7,0.52,17.7,70.5
636,2025-12-12,Friday,North,R059,Metro,7,45,Early Morning,1524,5.1,15,25.8,0.89,243.8,77.6
853,2025-12-12,Friday,West,R015,Bus,7,45,Early Morning,1123,10.6,8,5.8,0.66,134.8,54.6
261,2025-12-12,Friday,South,R072,Bus,9,15,Morning Peak,1545,8.9,7,14.7,0.87,185.4,78.2
4761,2025-12-12,Friday,North,R060,Rail,11,15,Midday,753,2.6,17,13.2,0.7,135.5,77.0
438,2025-12-12,Friday,East,R039,Metro,11,30,Midday,1819,7.1,16,9.0,0.93,291.0,70.7
1161,2025-12-12,Friday,East,R078,Bus,12,30,Midday,851,6.1,14,27.6,0.73,102.1,82.7
5082,2025-12-12,Friday,Central,R007,Cycling,12,45,Midday,766,0.0,18,11.4,0.48,68.9,97.6
5580,2025-12-12,Friday,Central,R065,Shared Mobility,13,0,Midday,218,5.3,14,19.5,0.41,10.9,70.3
1132,2025-12-12,Friday,North,R048,Bus,13,30,Midday,841,7.5,9,6.9,0.71,100.9,86.9
3813,2025-12-12,Friday,South,R073,Bus,15,30,Midday,762,4.6,11,12.1,0.61,91.4,72.8
4037,2025-12-12,Friday,South,R054,Shared Mobility,16,30,Midday,234,2.5,15,15.9,0.51,11.7,86.3
4734,2025-12-12,Friday,South,R041,Tram,16,45,Midday,1260,4.4,13,19.9,0.77,176.4,87.9
5768,2025-12-12,Friday,Central,R060,Metro,19,30,Evening Peak,1166,0.0,19,20.7,0.79,186.6,90.2
243,2025-12-12,Friday,South,R064,Bus,19,45,Evening Peak,1045,10.4,17,20.7,0.64,125.4,74.8
5463,2025-12-12,Friday,West,R049,Rail,21,0,Late Evening,502,5.6,11,16.9,0.55,90.4,62.1
136,2025-12-12,Friday,North,R011,Metro,21,30,Late Evening,1640,1.2,24,18.5,0.86,262.4,90.0
5926,2025-12-12,Friday,North,R071,Bus,22,30,Late Evening,552,7.4,17,8.4,0.58,66.2,70.0
1627,2025-12-13,Saturday,West,R068,Bus,5,45,Early Morning,296,4.8,11,23.3,0.64,35.5,68.2
2215,2025-12-13,Saturday,South,R024,Tram,9,0,Morning Peak,768,6.1,13,13.9,0.67,107.5,71.6
3212,2025-12-13,Saturday,West,R068,Bus,10,15,Morning Peak,560,7.7,13,25.8,0.64,67.2,67.2
3061,2025-12-13,Saturday,North,R080,Bus,11,0,Midday,592,8.7,4,21.2,0.66,71.0,70.7
3291,2025-12-13,Saturday,Central,R007,Metro,11,30,Midday,766,6.6,9,11.4,0.74,122.6,67.8
4701,2025-12-13,Saturday,South,R078,Bus,18,0,Evening Peak,1345,10.1,3,10.9,0.68,161.4,58.8
1183,2025-12-13,Saturday,West,R050,Tram,18,30,Evening Peak,619,5.2,14,15.0,0.68,86.7,59.1
2592,2025-12-13,Saturday,East,R040,Metro,18,45,Evening Peak,1112,3.5,16,14.8,0.74,177.9,75.5
4827,2025-12-13,Saturday,Central,R041,Rail,19,30,Evening Peak,557,6.6,8,16.2,0.79,100.3,78.3
797,2025-12-13,Saturday,North,R072,Rail,19,45,Evening Peak,735,10.5,13,12.3,0.71,132.3,71.0
2387,2025-12-13,Saturday,Central,R001,Rail,21,15,Late Evening,574,8.5,7,18.7,0.63,103.3,78.1
4498,2025-12-14,Sunday,East,R042,Rail,6,15,Early Morning,529,2.4,15,26.0,0.68,95.2,78.8
5979,2025-12-14,Sunday,West,R009,Bus,9,0,Morning Peak,736,9.0,3,19.8,0.62,88.3,71.2
4400,2025-12-14,Sunday,South,R016,Metro,10,0,Morning Peak,1288,6.3,14,11.3,0.84,206.1,76.4
1854,2025-12-14,Sunday,West,R028,Bus,10,15,Morning Peak,626,6.2,11,10.3,0.64,75.1,78.4
763,2025-12-14,Sunday,Central,R051,Bus,10,45,Morning Peak,413,6.7,10,11.9,0.58,49.6,82.3
4706,2025-12-14,Sunday,South,R008,Rail,10,45,Morning Peak,548,7.8,6,14.8,0.68,98.6,76.6
5994,2025-12-14,Sunday,North,R078,Cycling,10,45,Morning Peak,580,0.3,13,19.4,0.46,52.2,94.6
5713,2025-12-14,Sunday,Central,R068,Cycling,12,15,Midday,265,0.5,20,9.4,0.45,23.8,88.2
3204,2025-12-14,Sunday,North,R031,Cycling,14,15,Midday,360,1.3,17,7.6,0.38,32.4,62.9
2642,2025-12-14,Sunday,West,R054,Rail,17,15,Evening Peak,1126,8.0,9,17.7,0.7,202.7,74.9
172,2025-12-14,Sunday,West,R064,Bus,18,0,Evening Peak,1321,8.1,9,27.9,0.65,158.5,71.1
650,2025-12-14,Sunday,Central,R026,Metro,19,45,Evening Peak,743,0.3,15,10.6,0.78,118.9,86.4
2327,2025-12-14,Sunday,East,R035,Tram,20,45,Late Evening,448,2.6,19,11.8,0.54,62.7,84.9
690,2025-12-14,Sunday,North,R070,Rail,21,0,Late Evening,447,3.6,15,21.3,0.62,80.5,72.2
239,2025-12-15,Monday,South,R075,Cycling,9,0,Morning Peak,472,2.7,10,23.2,0.47,42.5,80.4
1250,2025-12-15,Monday,South,R022,Metro,9,0,Morning Peak,1012,4.3,12,12.5,0.72,161.9,80.6
5119,2025-12-15,Monday,Central,R065,Bus,9,15,Morning Peak,1474,8.3,12,13.8,0.72,176.9,67.0
2806,2025-12-15,Monday,East,R036,Bus,9,45,Morning Peak,1233,13.8,7,27.6,0.71,148.0,64.1
3681,2025-12-15,Monday,Central,R004,Metro,9,45,Morning Peak,2366,7.3,9,11.4,1.03,378.6,83.8
2,2025-12-15,Monday,South,R032,Shared Mobility,11,30,Midday,321,0.3,19,23.1,0.38,16.0,82.2
4012,2025-12-15,Monday,East,R058,Metro,12,0,Midday,1134,3.5,15,13.2,0.7,181.4,75.5
340,2025-12-15,Monday,South,R058,Metro,12,15,Midday,1454,2.5,17,6.0,0.8,232.6,87.8
1488,2025-12-15,Monday,Central,R061,Tram,12,15,Midday,765,3.8,15,5.2,0.57,107.1,76.7
1550,2025-12-15,Monday,West,R039,Tram,13,0,Midday,805,2.9,15,21.2,0.61,112.7,88.6
291,2025-12-15,Monday,South,R039,Bus,13,15,Midday,1149,4.2,13,22.7,0.67,137.9,76.8
2425,2025-12-15,Monday,North,R064,Metro,14,0,Midday,1447,3.9,17,4.0,0.81,231.5,85.7
5352,2025-12-15,Monday,East,R056,Metro,14,15,Midday,1443,3.2,15,22.5,0.82,230.9,77.6
1771,2025-12-15,Monday,West,R058,Shared Mobility,17,30,Evening Peak,262,3.7,14,27.4,0.51,13.1,71.0
4043,2025-12-15,Monday,North,R016,Bus,18,15,Evening Peak,1731,9.1,5,5.9,0.76,207.7,72.3
461,2025-12-15,Monday,North,R044,Bus,18,30,Evening Peak,1234,5.4,6,17.4,0.67,148.1,80.7
5614,2025-12-15,Monday,West,R036,Bus,20,0,Late Evening,821,4.9,18,21.7,0.67,98.5,81.9
3549,2025-12-15,Monday,South,R068,Rail,21,0,Late Evening,634,9.2,7,7.8,0.65,114.1,75.2
1034,2025-12-15,Monday,West,R040,Bus,22,0,Late Evening,903,3.6,20,3.0,0.67,108.4,91.7
1619,2025-12-15,Monday,Central,R056,Bus,22,30,Late Evening,660,4.5,13,5.0,0.6,79.2,84.0
1981,2025-12-16,Tuesday,West,R009,Bus,5,30,Early Morning,757,7.7,10,12.6,0.7,90.8,75.7
867,2025-12-16,Tuesday,South,R055,Bus,8,0,Morning Peak,1182,11.5,10,20.5,0.72,141.8,71.4
2795,2025-12-16,Tuesday,North,R017,Metro,9,0,Morning Peak,2607,6.5,9,25.0,1.06,417.1,82.4
2179,2025-12-16,Tuesday,North,R025,Cycling,9,15,Morning Peak,450,3.0,19,13.0,0.44,40.5,87.6
4975,2025-12-16,Tuesday,West,R022,Rail,10,45,Morning Peak,1151,4.3,14,10.2,0.71,207.2,65.6
1907,2025-12-16,Tuesday,Central,R047,Bus,12,0,Midday,1023,7.5,9,21.4,0.74,122.8,84.7
2564,2025-12-16,Tuesday,West,R057,Rail,12,45,Midday,698,0.9,15,21.5,0.73,125.6,77.1
3059,2025-12-16,Tuesday,East,R062,Bus,13,15,Midday,723,11.3,10,22.4,0.65,86.8,50.8
2760,2025-12-16,Tuesday,South,R045,Bus,15,15,Midday,1075,4.6,10,7.9,0.65,129.0,78.7
5001,2025-12-16,Tuesday,South,R029,Rail,15,15,Midday,551,2.9,14,10.4,0.64,99.2,74.0
421,2025-12-16,Tuesday,Central,R056,Tram,16,15,Midday,1181,8.2,10,6.6,0.65,165.3,64.1
950,2025-12-16,Tuesday,West,R053,Rail,17,0,Evening Peak,1802,6.7,11,21.6,0.79,324.4,70.6
5494,2025-12-16,Tuesday,West,R072,Metro,17,30,Evening Peak,1964,5.2,12,8.1,0.97,314.2,76.9
953,2025-12-16,Tuesday,North,R047,Bus,19,30,Evening Peak,531,4.7,14,23.3,0.66,63.7,77.1
3334,2025-12-16,Tuesday,Central,R063,Shared Mobility,21,30,Late Evening,208,5.4,14,13.9,0.4,10.4,90.5
2597,2025-12-17,Wednesday,North,R070,Rail,7,30,Early Morning,907,9.1,12,18.1,0.77,163.3,62.3
4114,2025-12-17,Wednesday,East,R027,Metro,7,45,Early Morning,2294,8.9,9,16.6,0.97,367.0,75.0
75,2025-12-17,Wednesday,Central,R021,Bus,11,15,Midday,821,2.4,20,1.7,0.56,98.5,74.9
5298,2025-12-17,Wednesday,East,R011,Metro,14,30,Midday,1298,0.0,15,9.1,0.76,207.7,84.3
3893,2025-12-17,Wednesday,Central,R046,Cycling,16,0,Midday,780,1.7,11,15.3,0.47,70.2,81.1
2181,2025-12-17,Wednesday,Central,R066,Tram,16,45,Midday,881,7.9,9,23.7,0.69,123.3,70.0
3944,2025-12-17,Wednesday,Central,R028,Metro,17,45,Evening Peak,1162,4.0,16,15.2,0.75,185.9,91.6
5208,2025-12-17,Wednesday,South,R001,Bus,18,15,Evening Peak,1322,9.3,4,16.5,0.78,158.6,60.5
744,2025-12-17,Wednesday,Central,R031,Bus,19,45,Evening Peak,383,4.9,11,20.6,0.53,46.0,72.9
4829,2025-12-17,Wednesday,South,R026,Bus,20,45,Late Evening,549,6.8,10,12.0,0.63,65.9,71.9
3508,2025-12-18,Thursday,Central,R049,Rail,6,0,Early Morning,405,4.5,16,26.3,0.67,72.9,75.8
1894,2025-12-18,Thursday,East,R006,Metro,6,30,Early Morning,667,0.0,11,23.9,0.72,106.7,88.9
3536,2025-12-18,Thursday,Central,R002,Bus,8,45,Morning Peak,2202,9.7,5,14.7,0.77,264.2,61.6
140,2025-12-18,Thursday,North,R066,Rail,10,15,Morning Peak,686,6.7,8,23.8,0.59,123.5,68.0
2050,2025-12-18,Thursday,Central,R021,Rail,10,15,Morning Peak,1824,3.6,14,18.4,0.83,328.3,75.6
5698,2025-12-18,Thursday,Central,R077,Rail,10,15,Morning Peak,904,6.0,13,4.6,0.69,162.7,75.4
834,2025-12-18,Thursday,Central,R002,Tram,11,45,Midday,622,2.2,14,22.5,0.59,87.1,91.9
246,2025-12-18,Thursday,East,R043,Bus,12,15,Midday,989,6.7,11,7.8,0.73,118.7,72.2
5465,2025-12-18,Thursday,West,R019,Bus,12,30,Midday,1104,3.1,13,6.9,0.7,132.5,78.7
5771,2025-12-18,Thursday,West,R032,Metro,20,15,Late Evening,723,3.4,14,22.0,0.7,115.7,68.8
4526,2025-12-18,Thursday,West,R036,Bus,20,30,Late Evening,415,4.7,13,15.0,0.61,49.8,79.3
1695,2025-12-18,Thursday,West,R042,Bus,21,0,Late Evening,867,11.5,3,21.1,0.68,104.0,70.8
3982,2025-12-18,Thursday,West,R036,Tram,22,0,Late Evening,533,3.9,17,7.2,0.53,74.6,78.8
4220,2025-12-18,Thursday,West,R019,Metro,22,0,Late Evening,827,0.0,18,14.8,0.81,132.3,85.7
2565,2025-12-18,Thursday,West,R064,Bus,22,15,Late Evening,447,5.8,17,10.0,0.6,53.6,73.7
4349,2025-12-18,Thursday,South,R068,Bus,23,0,Late Evening,585,2.7,17,19.6,0.74,70.2,68.5
3245,2025-12-19,Friday,South,R043,Bus,7,15,Early Morning,1086,12.1,6,12.4,0.61,130.3,61.7
2656,2025-12-19,Friday,West,R044,Rail,8,0,Morning Peak,1184,7.3,9,20.8,0.74,213.1,72.4
1636,2025-12-19,Friday,South,R004,Bus,8,15,Morning Peak,782,6.7,10,24.0,0.64,93.8,76.6
1823,2025-12-19,Friday,North,R039,Bus,10,15,Morning Peak,1080,6.5,14,6.3,0.77,129.6,80.1
1095,2025-12-19,Friday,Central,R049,Cycling,11,30,Midday,524,1.7,16,3.5,0.39,47.2,74.9
3020,2025-12-19,Friday,Central,R028,Tram,11,30,Midday,384,5.3,9,20.1,0.55,53.8,72.6
2271,2025-12-19,Friday,West,R053,Bus,12,15,Midday,734,3.8,14,26.0,0.69,88.1,78.9
1904,2025-12-19,Friday,East,R052,Cycling,12,30,Midday,345,0.0,22,27.5,0.36,31.0,78.8
5850,2025-12-19,Friday,East,R042,Metro,12,30,Midday,796,0.0,14,16.1,0.75,127.4,98.0
2275,2025-12-19,Friday,North,R029,Cycling,13,30,Midday,474,0.7,16,17.6,0.35,42.7,78.3
5988,2025-12-19,Friday,West,R071,Bus,14,15,Midday,806,6.4,10,11.3,0.65,96.7,74.1
4449,2025-12-19,Friday,East,R033,Bus,21,45,Late Evening,536,4.4,16,4.6,0.65,64.3,85.5
1062,2025-12-19,Friday,Central,R040,Rail,22,45,Late Evening,592,5.1,12,4.0,0.63,106.6,80.0
3971,2025-12-20,Saturday,South,R009,Bus,7,0,Early Morning,1162,10.5,3,7.2,0.74,139.4,65.7
2897,2025-12-20,Saturday,South,R035,Bus,8,30,Morning Peak,1673,9.4,4,9.4,0.73,200.8,77.4
2303,2025-12-20,Saturday,East,R006,Metro,9,0,Morning Peak,1229,6.0,13,20.1,0.91,196.6,62.4
1923,2025-12-20,Saturday,South,R048,Bus,9,15,Morning Peak,1091,8.6,8,4.7,0.74,130.9,62.7
1625,2025-12-20,Saturday,West,R014,Metro,9,45,Morning Peak,1606,7.7,15,17.2,0.87,257.0,82.8
3486,2025-12-20,Saturday,North,R080,Metro,11,30,Midday,865,1.5,15,2.6,0.73,138.4,82.9
4597,2025-12-20,Saturday,Central,R046,Metro,11,45,Midday,820,1.7,16,13.9,0.7,131.2,84.2
3673,2025-12-20,Saturday,East,R074,Shared Mobility,12,15,Midday,280,2.4,14,25.5,0.47,14.0,63.3
3448,2025-12-20,Saturday,West,R055,Metro,13,0,Midday,823,8.0,10,20.9,0.58,131.7,68.2
3101,2025-12-20,Saturday,South,R054,Bus,13,45,Midday,503,5.3,20,25.6,0.64,60.4,79.2
3462,2025-12-20,Saturday,West,R052,Bus,13,45,Midday,601,5.1,7,9.5,0.65,72.1,66.9
390,2025-12-20,Saturday,North,R006,Bus,15,30,Midday,471,5.7,11,24.5,0.56,56.5,66.1
4062,2025-12-20,Saturday,West,R031,Bus,17,15,Evening Peak,1139,8.0,9,9.8,0.55,136.7,65.1
1423,2025-12-20,Saturday,East,R076,Metro,18,15,Evening Peak,2243,4.5,14,19.4,0.94,358.9,83.8
1679,2025-12-20,Saturday,West,R018,Tram,18,15,Evening Peak,986,4.4,15,3.3,0.54,138.0,81.1
2683,2025-12-20,Saturday,East,R029,Bus,20,0,Late Evening,614,6.9,16,14.4,0.56,73.7,76.6
3361,2025-12-20,Saturday,Central,R018,Tram,21,0,Late Evening,782,0.0,20,4.5,0.51,109.5,72.9
4471,2025-12-20,Saturday,Central,R063,Bus,22,15,Late Evening,837,3.4,18,5.8,0.67,100.4,77.6
3742,2025-12-21,Sunday,North,R060,Bus,7,15,Early Morning,1078,13.0,5,20.6,0.7,129.4,47.8
3231,2025-12-21,Sunday,South,R043,Rail,7,45,Early Morning,1216,9.1,6,8.8,0.64,218.9,66.5
3090,2025-12-21,Sunday,East,R048,Metro,8,45,Morning Peak,1385,4.4,19,11.8,0.73,221.6,77.8
2121,2025-12-21,Sunday,East,R023,Bus,9,30,Morning Peak,1247,9.6,8,22.2,0.7,149.6,53.3
3950,2025-12-21,Sunday,Central,R005,Rail,9,30,Morning Peak,1596,11.0,9,12.3,0.84,287.3,74.3
377,2025-12-21,Sunday,West,R038,Tram,11,15,Midday,925,6.2,10,21.8,0.66,129.5,74.3
4845,2025-12-21,Sunday,Central,R010,Bus,11,15,Midday,741,4.5,12,6.6,0.67,88.9,80.0
5949,2025-12-21,Sunday,North,R060,Metro,11,15,Midday,829,6.5,16,26.9,0.65,132.6,66.2
1940,2025-12-21,Sunday,West,R005,Metro,11,30,Midday,1259,1.8,16,7.7,0.78,201.4,84.2
5258,2025-12-21,Sunday,East,R028,Bus,14,45,Midday,881,5.1,12,6.2,0.69,105.7,72.7
878,2025-12-21,Sunday,East,R002,Bus,16,0,Midday,685,13.9,6,14.3,0.65,82.2,58.8
558,2025-12-21,Sunday,East,R016,Rail,17,0,Evening Peak,1097,6.8,3,15.1,0.84,197.5,75.4
5450,2025-12-21,Sunday,West,R015,Bus,18,0,Evening Peak,1087,9.2,13,22.3,0.67,130.4,64.5
1304,2025-12-21,Sunday,Central,R070,Metro,20,15,Late Evening,595,7.5,15,13.5,0.65,95.2,64.0
5557,2025-12-21,Sunday,North,R006,Bus,21,0,Late Evening,563,10.0,9,21.3,0.66,67.6,63.5
5853,2025-12-21,Sunday,East,R041,Bus,21,15,Late Evening,502,7.1,13,26.6,0.64,60.2,70.6
4721,2025-12-21,Sunday,South,R014,Rail,22,15,Late Evening,485,7.7,11,14.5,0.53,87.3,68.0
5030,2025-12-21,Sunday,North,R066,Rail,22,15,Late Evening,476,5.0,10,3.9,0.68,85.7,76.6
3602,2025-12-21,Sunday,West,R024,Bus,22,30,Late Evening,536,11.7,8,11.7,0.55,64.3,70.4
423,2025-12-21,Sunday,Central,R057,Cycling,23,45,Late Evening,266,0.6,14,16.4,0.46,23.9,84.5
2812,2025-12-22,Monday,West,R067,Bus,5,30,Early Morning,682,5.4,10,4.7,0.63,81.8,61.7
1647,2025-12-22,Monday,East,R024,Bus,7,0,Early Morning,1227,10.3,9,21.2,0.67,147.2,70.4
4367,2025-12-22,Monday,West,R074,Bus,8,45,Morning Peak,1433,7.9,8,14.4,0.72,172.0,69.0
4778,2025-12-22,Monday,Central,R071,Tram,9,0,Morning Peak,792,7.9,9,6.4,0.59,110.9,69.1
2755,2025-12-22,Monday,North,R002,Bus,9,15,Morning Peak,1152,7.3,11,13.6,0.6,138.2,79.6
1881,2025-12-22,Monday,South,R004,Metro,10,0,Morning Peak,1083,3.7,20,8.0,0.86,173.3,74.3
3777,2025-12-22,Monday,West,R034,Bus,10,45,Morning Peak,744,9.9,10,18.6,0.59,89.3,68.6
3800,2025-12-22,Monday,West,R067,Cycling,11,15,Midday,504,2.1,14,2.3,0.47,45.4,75.1
1342,2025-12-22,Monday,North,R021,Bus,14,15,Midday,1395,6.4,12,3.4,0.7,167.4,72.4
1143,2025-12-22,Monday,West,R023,Metro,14,30,Midday,1095,3.7,14,22.3,0.74,175.2,91.0
5651,2025-12-22,Monday,South,R014,Bus,17,30,Evening Peak,1417,10.4,15,1.7,0.82,170.0,73.0
5810,2025-12-22,Monday,North,R056,Rail,19,0,Evening Peak,944,5.4,16,24.3,0.65,169.9,76.4
999,2025-12-22,Monday,North,R025,Rail,19,30,Evening Peak,630,4.1,17,10.9,0.69,113.4,78.0
4840,2025-12-22,Monday,Central,R060,Rail,20,0,Late Evening,494,6.1,10,12.7,0.6,88.9,68.8
1664,2025-12-22,Monday,Central,R073,Shared Mobility,20,45,Late Evening,141,3.4,11,11.6,0.32,7.0,74.1
5643,2025-12-22,Monday,South,R013,Metro,23,45,Late Evening,985,1.3,11,3.5,0.71,157.6,82.4
3175,2025-12-23,Tuesday,Central,R017,Rail,6,0,Early Morning,503,1.7,18,4.5,0.63,90.5,78.2
4145,2025-12-23,Tuesday,North,R078,Rail,8,30,Morning Peak,1505,10.3,9,5.6,0.75,270.9,74.3
541,2025-12-23,Tuesday,North,R035,Bus,9,0,Morning Peak,1033,8.0,9,26.8,0.64,124.0,80.6
4716,2025-12-23,Tuesday,South,R019,Tram,10,45,Morning Peak,810,2.1,10,15.6,0.66,113.4,82.1
3343,2025-12-23,Tuesday,West,R037,Bus,12,30,Midday,1031,7.6,7,21.1,0.58,123.7,77.2
5796,2025-12-23,Tuesday,Central,R011,Bus,12,30,Midday,952,6.1,9,27.1,0.7,114.2,75.0
1743,2025-12-23,Tuesday,East,R004,Bus,13,15,Midday,835,6.2,17,19.9,0.76,100.2,56.3
4785,2025-12-23,Tuesday,East,R029,Tram,13,30,Midday,733,4.9,14,20.3,0.61,102.6,69.0
3424,2025-12-23,Tuesday,North,R004,Rail,16,0,Midday,1252,7.8,14,3.5,0.74,225.4,71.9
4124,2025-12-23,Tuesday,North,R020,Rail,16,45,Midday,1349,9.4,8,6.3,0.82,242.8,63.5
699,2025-12-23,Tuesday,West,R078,Tram,17,0,Evening Peak,747,7.5,15,22.4,0.68,104.6,81.3
3959,2025-12-23,Tuesday,West,R071,Rail,19,30,Evening Peak,1245,3.3,12,9.1,0.82,224.1,72.7
1586,2025-12-23,Tuesday,South,R062,Metro,19,45,Evening Peak,1099,0.6,16,25.2,0.77,175.8,89.7
4177,2025-12-23,Tuesday,North,R051,Bus,21,30,Late Evening,723,8.5,15,17.2,0.54,86.8,75.4
482,2025-12-23,Tuesday,Central,R076,Rail,23,15,Late Evening,822,4.8,12,8.7,0.71,148.0,86.3
3619,2025-12-24,Wednesday,North,R043,Metro,5,30,Early Morning,1275,3.3,12,16.4,0.79,204.0,83.0
3964,2025-12-24,Wednesday,South,R009,Bus,9,0,Morning Peak,999,10.7,6,12.0,0.66,119.9,59.7
4437,2025-12-24,Wednesday,North,R037,Bus,9,45,Morning Peak,1141,9.5,8,19.9,0.71,136.9,70.8
5351,2025-12-24,Wednesday,East,R052,Metro,10,15,Morning Peak,1200,3.0,14,21.1,0.75,192.0,83.2
2051,2025-12-24,Wednesday,East,R001,Cycling,11,0,Midday,255,0.8,19,17.1,0.41,23.0,95.6
4985,2025-12-24,Wednesday,North,R028,Bus,14,15,Midday,801,5.7,6,6.1,0.65,96.1,77.7
686,2025-12-24,Wednesday,East,R070,Metro,18,0,Evening Peak,2055,5.4,8,1.9,1.04,328.8,73.0
3612,2025-12-24,Wednesday,South,R037,Rail,19,0,Evening Peak,558,4.7,13,15.0,0.76,100.4,67.9
746,2025-12-24,Wednesday,Central,R070,Bus,19,30,Evening Peak,576,5.4,10,17.1,0.6,69.1,74.6
5959,2025-12-24,Wednesday,West,R064,Tram,20,0,Late Evening,438,9.3,7,6.5,0.58,61.3,66.7
3600,2025-12-24,Wednesday,East,R036,Metro,20,45,Late Evening,848,0.0,16,7.2,0.84,135.7,85.8
2785,2025-12-25,Thursday,West,R068,Bus,6,15,Early Morning,763,10.0,7,4.6,0.74,91.6,77.7
4035,2025-12-25,Thursday,Central,R066,Rail,6,45,Early Morning,985,0.7,15,15.9,0.83,177.3,80.7
1241,2025-12-25,Thursday,West,R068,Metro,7,45,Early Morning,2212,6.7,16,23.5,0.96,353.9,75.6
5229,2025-12-25,Thursday,West,R064,Metro,10,0,Morning Peak,1472,3.1,12,13.4,0.95,235.5,76.6
181,2025-12-25,Thursday,West,R022,Shared Mobility,10,15,Morning Peak,323,0.5,22,20.5,0.49,16.2,85.4
1847,2025-12-25,Thursday,West,R050,Bus,10,15,Morning Peak,1157,7.3,15,6.8,0.73,138.8,67.0
132,2025-12-25,Thursday,East,R061,Metro,10,30,Morning Peak,1290,1.7,19,3.0,0.7,206.4,94.2
2719,2025-12-25,Thursday,North,R003,Bus,10,30,Morning Peak,583,10.4,4,7.9,0.61,70.0,75.6
5792,2025-12-25,Thursday,North,R054,Tram,10,30,Morning Peak,801,5.3,13,22.1,0.68,112.1,80.9
3739,2025-12-25,Thursday,North,R053,Tram,11,30,Midday,894,3.1,14,25.0,0.58,125.2,74.8
1324,2025-12-25,Thursday,East,R008,Metro,12,30,Midday,1307,3.7,12,18.9,0.86,209.1,88.3
3456,2025-12-25,Thursday,North,R022,Bus,12,30,Midday,1224,5.4,10,20.0,0.64,146.9,77.5
5159,2025-12-25,Thursday,Central,R017,Rail,16,45,Midday,999,10.7,9,2.0,0.71,179.8,68.4
1515,2025-12-25,Thursday,West,R053,Tram,17,30,Evening Peak,1426,5.5,16,22.3,0.71,199.6,80.6
2456,2025-12-25,Thursday,East,R033,Bus,17,30,Evening Peak,896,9.2,4,17.8,0.65,107.5,70.1
5955,2025-12-25,Thursday,Central,R045,Shared Mobility,21,15,Late Evening,215,0.0,15,21.3,0.3,10.8,74.0
1834,2025-12-25,Thursday,East,R047,Shared Mobility,21,45,Late Evening,241,0.0,24,18.4,0.39,12.0,79.9
830,2025-12-26,Friday,East,R017,Rail,9,0,Morning Peak,1720,8.9,7,20.5,0.76,309.6,65.3
14,2025-12-26,Friday,South,R056,Bus,9,15,Morning Peak,786,8.5,11,21.8,0.69,94.3,64.7
3370,2025-12-26,Friday,North,R041,Metro,9,30,Morning Peak,1660,9.0,9,17.4,0.78,265.6,69.9
2576,2025-12-26,Friday,Central,R066,Metro,10,15,Morning Peak,1146,5.5,11,12.6,0.72,183.4,68.9
359,2025-12-26,Friday,West,R041,Cycling,10,30,Morning Peak,487,0.3,14,19.9,0.5,43.8,96.7
4997,2025-12-26,Friday,North,R006,Bus,10,30,Morning Peak,1060,5.4,16,12.6,0.68,127.2,79.5
5281,2025-12-26,Friday,East,R048,Bus,10,45,Morning Peak,862,8.7,7,16.7,0.74,103.4,68.6
3891,2025-12-26,Friday,Central,R012,Tram,11,30,Midday,680,2.2,15,26.1,0.55,95.2,81.1
1126,2025-12-26,Friday,North,R043,Metro,12,30,Midday,2547,6.8,7,22.2,0.98,407.5,77.9
2629,2025-12-26,Friday,Central,R079,Metro,12,45,Midday,1336,4.9,13,2.4,0.83,213.8,76.3
5260,2025-12-26,Friday,West,R078,Bus,14,30,Midday,1221,7.6,9,10.2,0.79,146.5,73.8
122,2025-12-26,Friday,East,R075,Metro,15,15,Midday,1258,0.2,12,4.5,0.94,201.3,79.2
63,2025-12-26,Friday,North,R050,Cycling,15,45,Midday,372,2.1,19,24.8,0.39,33.5,93.5
1212,2025-12-26,Friday,Central,R050,Bus,16,0,Midday,1250,10.3,8,4.3,0.73,150.0,73.7
5443,2025-12-26,Friday,West,R063,Tram,18,30,Evening Peak,1063,8.8,12,2.5,0.63,148.8,67.0
2332,2025-12-26,Friday,North,R037,Tram,18,45,Evening Peak,762,0.1,21,26.4,0.7,106.7,96.7
1677,2025-12-26,Friday,South,R072,Rail,19,0,Evening Peak,628,6.8,8,3.3,0.68,113.0,75.1
4668,2025-12-26,Friday,Central,R022,Rail,20,0,Late Evening,894,7.6,12,5.8,0.63,160.9,88.0
1841,2025-12-26,Friday,Central,R008,Rail,20,45,Late Evening,651,5.5,9,12.3,0.5,117.2,71.6
252,2025-12-26,Friday,Central,R067,Bus,21,30,Late Evening,870,9.2,9,24.4,0.7,104.4,51.1
4005,2025-12-26,Friday,Central,R034,Bus,22,15,Late Evening,494,5.5,14,2.4,0.7,59.3,85.1
5332,2025-12-26,Friday,North,R059,Bus,22,30,Late Evening,1032,8.4,6,24.6,0.72,123.8,70.3
5358,2025-12-26,Friday,South,R059,Bus,22,45,Late Evening,525,6.6,11,26.5,0.61,63.0,89.5
648,2025-12-27,Saturday,West,R017,Tram,6,30,Early Morning,190,4.9,17,3.5,0.54,26.6,58.0
559,2025-12-27,Saturday,East,R046,Shared Mobility,9,30,Morning Peak,292,9.2,17,20.4,0.35,14.6,58.0
1037,2025-12-27,Saturday,West,R029,Metro,10,15,Morning Peak,942,0.8,20,7.4,0.88,150.7,83.9
2352,2025-12-27,Saturday,Central,R017,Metro,10,15,Morning Peak,954,5.3,12,21.9,0.79,152.6,70.8
3911,2025-12-27,Saturday,East,R075,Tram,10,45,Morning Peak,540,5.5,11,13.7,0.58,75.6,70.0
1205,2025-12-27,Saturday,West,R015,Bus,11,15,Midday,545,6.4,12,20.0,0.79,65.4,65.6
3213,2025-12-27,Saturday,North,R065,Bus,11,45,Midday,881,4.6,14,15.1,0.72,105.7,86.7
3748,2025-12-27,Saturday,East,R072,Bus,11,45,Midday,784,5.7,12,3.1,0.64,94.1,75.8
1982,2025-12-27,Saturday,Central,R056,Bus,17,15,Evening Peak,885,11.2,12,15.9,0.63,106.2,61.0
3676,2025-12-27,Saturday,North,R006,Bus,17,15,Evening Peak,1011,4.6,20,3.7,0.61,121.3,83.8
2078,2025-12-27,Saturday,East,R058,Rail,17,45,Evening Peak,792,10.1,12,18.1,0.63,142.6,70.0
3190,2025-12-27,Saturday,South,R015,Bus,19,30,Evening Peak,585,11.0,12,21.3,0.68,70.2,78.0
1896,2025-12-27,Saturday,North,R050,Bus,20,30,Late Evening,383,5.1,17,21.5,0.55,46.0,80.8
5748,2025-12-27,Saturday,East,R060,Bus,21,15,Late Evening,417,4.8,13,25.3,0.61,50.0,65.3
3154,2025-12-27,Saturday,Central,R021,Bus,21,45,Late Evening,419,4.6,21,3.9,0.65,50.3,88.3
4301,2025-12-27,Saturday,West,R014,Metro,22,15,Late Evening,1115,5.1,16,27.3,0.98,178.4,67.3
3227,2025-12-28,Sunday,North,R040,Rail,5,0,Early Morning,697,6.2,12,12.3,0.73,125.5,83.6
3980,2025-12-28,Sunday,South,R039,Bus,6,15,Early Morning,279,5.1,13,7.0,0.55,33.5,89.7
2196,2025-12-28,Sunday,North,R060,Bus,6,30,Early Morning,277,5.4,8,20.3,0.64,33.2,75.7
1351,2025-12-28,Sunday,West,R052,Cycling,10,0,Morning Peak,392,2.2,15,22.3,0.51,35.3,87.5
1869,2025-12-28,Sunday,Central,R022,Metro,10,15,Morning Peak,930,3.8,13,20.2,0.72,148.8,76.4
2671,2025-12-28,Sunday,West,R033,Tram,10,30,Morning Peak,418,5.8,8,4.7,0.55,58.5,59.9
3884,2025-12-28,Sunday,South,R007,Metro,13,0,Midday,866,3.3,12,21.1,0.72,138.6,88.7
2682,2025-12-28,Sunday,East,R019,Metro,14,30,Midday,800,3.3,10,15.5,0.74,128.0,73.7
4530,2025-12-28,Sunday,North,R018,Bus,17,45,Evening Peak,1328,14.2,2,10.0,0.73,159.4,49.2
4084,2025-12-28,Sunday,East,R010,Bus,18,45,Evening Peak,1036,10.9,4,21.6,0.74,124.3,71.5
1134,2025-12-29,Monday,South,R002,Cycling,7,0,Early Morning,713,6.0,15,20.4,0.49,64.2,77.7
3410,2025-12-29,Monday,East,R066,Rail,9,0,Morning Peak,1440,6.4,11,5.7,0.69,259.2,73.7
1370,2025-12-29,Monday,South,R027,Tram,10,30,Morning Peak,573,1.8,14,8.6,0.56,80.2,85.4
5323,2025-12-29,Monday,South,R037,Bus,11,30,Midday,542,3.3,13,3.9,0.54,65.0,73.9
4459,2025-12-29,Monday,East,R007,Cycling,12,45,Midday,366,2.1,17,19.8,0.45,32.9,89.5
5447,2025-12-29,Monday,West,R019,Shared Mobility,14,45,Midday,440,5.7,11,12.1,0.4,22.0,68.9
2986,2025-12-29,Monday,North,R032,Bus,15,0,Midday,1316,2.4,15,22.9,0.72,157.9,73.1
899,2025-12-29,Monday,West,R045,Bus,15,30,Midday,1225,5.8,7,9.5,0.76,147.0,83.9
2859,2025-12-29,Monday,East,R048,Tram,16,0,Midday,1172,6.8,10,20.4,0.77,164.1,80.0
5757,2025-12-29,Monday,West,R016,Metro,20,30,Late Evening,966,5.8,11,6.2,0.71,154.6,76.0
3253,2025-12-29,Monday,Central,R078,Shared Mobility,21,30,Late Evening,185,5.2,11,9.4,0.45,9.2,65.3
1660,2025-12-29,Monday,East,R013,Tram,22,30,Late Evening,427,1.2,22,8.5,0.57,59.8,87.2
1642,2025-12-29,Monday,South,R018,Cycling,23,15,Late Evening,208,0.0,15,19.5,0.41,18.7,83.3
4483,2025-12-29,Monday,West,R018,Bus,23,15,Late Evening,341,7.8,12,12.0,0.55,40.9,74.6
4589,2025-12-29,Monday,South,R061,Tram,23,30,Late Evening,495,2.3,18,7.6,0.6,69.3,68.8
2145,2025-12-30,Tuesday,Central,R033,Tram,6,45,Early Morning,640,9.4,2,2.9,0.53,89.6,50.1
5583,2025-12-30,Tuesday,South,R018,Rail,7,30,Early Morning,2274,7.0,14,26.7,1.01,409.3,72.8
2836,2025-12-30,Tuesday,East,R006,Bus,8,30,Morning Peak,1395,9.4,4,3.8,0.73,167.4,59.9
3031,2025-12-30,Tuesday,West,R056,Shared Mobility,8,30,Morning Peak,359,5.4,13,4.5,0.35,18.0,77.8
1914,2025-12-30,Tuesday,West,R070,Bus,10,15,Morning Peak,731,3.6,15,11.1,0.61,87.7,76.7
5325,2025-12-30,Tuesday,West,R019,Metro,10,30,Morning Peak,1419,2.9,14,1.8,0.78,227.0,81.7
3360,2025-12-30,Tuesday,Central,R062,Bus,11,0,Midday,652,4.5,14,21.1,0.69,78.2,75.4
4979,2025-12-30,Tuesday,West,R061,Bus,11,0,Midday,1014,5.5,12,20.6,0.8,121.7,82.5
5480,2025-12-30,Tuesday,North,R028,Rail,11,0,Midday,898,0.0,18,23.1,0.74,161.6,83.9
5902,2025-12-30,Tuesday,North,R023,Rail,11,0,Midday,1019,4.1,10,20.4,0.76,183.4,82.5
1306,2025-12-30,Tuesday,North,R007,Shared Mobility,11,30,Midday,267,2.6,16,18.6,0.51,13.4,74.6
631,2025-12-30,Tuesday,Central,R077,Rail,12,0,Midday,862,7.5,8,25.6,0.6,155.2,66.4
4013,2025-12-30,Tuesday,East,R048,Bus,14,45,Midday,1270,4.1,13,6.0,0.7,152.4,76.6
2828,2025-12-30,Tuesday,East,R014,Bus,18,0,Evening Peak,1238,12.3,5,27.6,0.66,148.6,48.8
4645,2025-12-30,Tuesday,Central,R026,Metro,18,0,Evening Peak,2274,5.8,11,9.2,0.87,363.8,92.1
2676,2025-12-30,Tuesday,North,R038,Bus,18,30,Evening Peak,1000,9.6,10,6.2,0.64,120.0,85.3
1484,2025-12-30,Tuesday,West,R074,Bus,19,15,Evening Peak,975,4.3,10,22.1,0.62,117.0,82.2
38,2025-12-30,Tuesday,Central,R012,Cycling,20,45,Late Evening,339,1.3,13,9.9,0.3,30.5,79.5
1186,2025-12-30,Tuesday,East,R062,Metro,21,0,Late Evening,1114,2.7,18,18.8,0.75,178.2,82.4
4932,2025-12-30,Tuesday,South,R003,Metro,21,30,Late Evening,1088,5.2,17,23.9,0.71,174.1,71.3
5178,2025-12-30,Tuesday,West,R012,Bus,22,0,Late Evening,776,2.8,15,21.0,0.66,93.1,85.1
3725,2025-12-30,Tuesday,East,R036,Metro,22,30,Late Evening,1575,5.9,8,10.7,0.88,252.0,71.7
3032,2025-12-30,Tuesday,East,R037,Metro,22,45,Late Evening,1216,4.4,16,10.5,0.84,194.6,84.0
2334,2025-12-30,Tuesday,South,R073,Metro,23,30,Late Evening,832,3.3,13,2.0,0.73,133.1,92.6
2102,2025-12-31,Wednesday,North,R013,Cycling,7,0,Early Morning,1031,4.2,20,12.3,0.54,92.8,89.3
3401,2025-12-31,Wednesday,Central,R039,Rail,7,30,Early Morning,2696,6.8,7,17.5,0.99,485.3,81.4
2982,2025-12-31,Wednesday,Central,R035,Bus,7,45,Early Morning,1818,8.1,17,2.2,0.76,218.2,69.2
1403,2025-12-31,Wednesday,West,R049,Metro,9,15,Morning Peak,2054,9.2,9,3.2,0.84,328.6,61.0
619,2025-12-31,Wednesday,West,R016,Rail,9,30,Morning Peak,1121,9.5,9,9.8,0.8,201.8,71.6
313,2025-12-31,Wednesday,Central,R018,Cycling,10,0,Morning Peak,524,2.7,14,24.8,0.48,47.2,97.2
890,2025-12-31,Wednesday,East,R034,Bus,10,0,Morning Peak,869,4.6,12,6.9,0.78,104.3,72.5
1682,2025-12-31,Wednesday,Central,R057,Cycling,10,0,Morning Peak,327,4.4,20,13.0,0.65,29.4,69.4
5920,2025-12-31,Wednesday,Central,R035,Metro,10,30,Morning Peak,1326,7.2,11,7.0,0.77,212.2,70.1
941,2025-12-31,Wednesday,South,R016,Shared Mobility,11,15,Midday,252,0.0,17,21.2,0.44,12.6,92.6
5819,2025-12-31,Wednesday,West,R056,Bus,11,30,Midday,584,7.8,10,11.0,0.7,70.1,68.0
1101,2025-12-31,Wednesday,North,R019,Bus,12,0,Midday,1163,7.7,6,25.1,0.58,139.6,64.0
720,2025-12-31,Wednesday,North,R028,Bus,13,0,Midday,538,6.2,13,17.2,0.59,64.6,69.2
4052,2025-12-31,Wednesday,South,R015,Tram,17,15,Evening Peak,882,4.4,11,20.5,0.68,123.5,77.0
3443,2025-12-31,Wednesday,North,R042,Metro,18,0,Evening Peak,1629,3.5,15,3.5,0.83,260.6,73.1
4112,2025-12-31,Wednesday,Central,R051,Tram,18,30,Evening Peak,646,5.4,11,27.8,0.5,90.4,72.7
2800,2025-12-31,Wednesday,North,R068,Metro,19,45,Evening Peak,703,0.8,21,23.3,0.65,112.5,92.6
4826,2025-12-31,Wednesday,South,R042,Tram,20,0,Late Evening,316,4.5,15,14.1,0.57,44.2,79.1
1450,2025-12-31,Wednesday,Central,R005,Metro,20,30,Late Evening,800,4.5,17,5.8,0.76,128.0,72.5
3527,2025-12-31,Wednesday,East,R013,Rail,21,45,Late Evening,956,7.6,13,14.0,0.73,172.1,57.7
420,2025-12-31,Wednesday,South,R036,Bus,22,0,Late Evening,464,5.2,9,10.5,0.58,55.7,74.5
5077,2025-12-31,Wednesday,Central,R043,Bus,22,30,Late Evening,614,7.4,14,13.4,0.62,73.7,67.1
